Patent_ID;Family_ID;Country
US11510939B1;84230742;US
US2025263707A1;96740440;US
US2022235354A1;72941017;US
US2022362398A1;72941793;US
US2025304968A1;97178118;US
US2022315930A1;73028872;US
US2022213534A1;73029157;US
US2022025430A1;73050897;US
US2022275454A1;73289016;US
US12421274B1;97107637;US
US2022040219A1;72611670;US
US2022010348A1;72609521;US
US2022206005A1;66323672;US
US2022033917A1;70740729;US
US2022193246A1;70554242;US
US2022056518A1;72837656;US
US2024272143A1;82694101;US
US2024301418A1;84545942;US
US2024409927A1;84802091;US
US2024344070A1;82851707;US
US2024360468A1;85088125;US
US2024067975A1;90001165;US
US2024084304A1;86396260;US
US2025270609A1;96812616;US
US2025090570A1;84545898;US
US2025376682A1;42062316;US
US2025163422A1;95715894;US
US12305170B1;95715889;US
US12281306B1;95402618;US
US12281309B1;95402642;US
US12281311B1;95402610;US
US2022372486A1;84102673;US
US2025230146A1;94281097;US
US2025297251A1;87884320;US
US2025255913A1;89852454;US
US2025215437A1;68698456;US
US2025340878A1;68766707;US
US2025277216A1;76329673;US
US2025034589A1;78595195;US
US2022288228A1;83195386;US
US2024093199A1;38694697;US
US2024110180A1;47423221;US
US2024287524A1;56369203;US
US2024301406A1;59270119;US
US2024033364A1;63678634;US
US2024175028A1;83155551;US
US2024279653A1;82931811;US
US2024124882A1;80738860;US
US2025263715A1;76300939;US
US2025019769A1;85241057;US
US2025319139A1;85603642;US
US2025002857A1;86059492;US
US2025197439A1;86006690;US
US2025352672A1;88731130;US
US2025340887A1;87136772;US
US2022275366A1;83006944;US
US2024401129A1;91664859;US
US2024401028A1;93653950;US
US2024401023A1;91585548;US
US2024409919A1;93745376;US
US2024410025A1;93745385;US
US12168674B1;93845700;US
US2024417729A1;93844944;US
US2024425930A1;93928715;US
US2025346958A1;46048110;US
US2025368994A1;97872973;US
US2022251568A1;82704881;US
US2025017220A1;94212232;US
US2024076677A1;63169989;US
US2024041914A1;64016305;US
US2024109931A1;64455646;US
US2024175018A1;64456268;US
US2024132894A1;64456312;US
US2024043845A1;63244969;US
US2024076270A1;66332633;US
US2024182896A1;56614905;US
US2024409940A1;57143360;US
US2024076664A1;55971215;US
US2024000710A1;57834582;US
US2025043271A1;61005785;US
US2025313906A1;57006413;US
US2024398988A1;63683640;US
US2024352457A1;69160106;US
US2024141342A1;70728876;US
US2024148891A1;75538646;US
US2024141358A1;73198476;US
US2024209369A1;73139474;US
US2024018515A1;76012030;US
US2024093188A1;78744887;US
US2024238449A1;71130910;US
US2024016952A1;80038121;US
US2024218387A1;72670668;US
US2024175019A1;80630093;US
US2024067972A1;78179533;US
US2025163414A1;35781530;US
US2025313843A1;41431871;US
US2025360089A1;58631051;US
US2025136995A1;58663009;US
US2025057965A1;59057789;US
US2025333796A1;55272352;US
US2025367214A1;58578976;US
USRE50636E;59285319;US
US2025277261A1;60421368;US
US2025255978A1;60411649;US
US2025011357A1;59216016;US
US2025230488A1;56890843;US
US2025084485A1;50928297;US
US2025354147A1;53274273;US
US2025354204A1;52484506;US
US2025011359A1;54359301;US
US2025197860A1;54393146;US
US2025353872A1;56127491;US
US2025059533A1;57994152;US
US2025255897A1;57209904;US
US2024238444A1;81458029;US
US2024209358A1;78824792;US
US2024024492A1;81973859;US
US2024117348A1;79164969;US
US2024041050A1;82058329;US
US2024124879A1;82057976;US
US2024043864A1;82158407;US
US2024050440A1;82261079;US
US2024132886A1;80123353;US
US2024117349A1;82653867;US
US2024150769A1;80685505;US
US2024209372A1;81308558;US
US2024209374A1;83722638;US
US2024254484A1;81750529;US
US2025312422A1;67218754;US
US2025136988A1;65269095;US
US2025188463A1;65269098;US
US2025170285A1;61054209;US
US2025354135A1;67548602;US
US2025255898A1;67620018;US
US2025020643A1;60992500;US
US2025092400A1;59955744;US
US2025066827A1;60302067;US
US2025101431A1;63448977;US
US2025170060A1;63678039;US
US2025333734A1;58744546;US
US2025346945A1;64455674;US
US2025122496A1;59239872;US
US2025066775A1;65271538;US
US2025236637A1;57685056;US
US2025146064A1;62068006;US
US2025019695A1;66625209;US
US2025034199A1;68385947;US
US2025026780A1;68386041;US
US2025304962A1;62812419;US
US2025340930A1;67003666;US
US2022162617A1;81657997;US
US2025101495A1;65439247;US
US2024271144A1;81927694;US
US2024318184A1;82156510;US
US2024309375A1;82403614;US
US2024382513A1;84802048;US
US2024336663A1;84919759;US
US2025135015A1;66174189;US
US2025304612A1;66846839;US
US2025243477A1;64959323;US
US2024376478A1;93380712;US
US2024026359A1;89578083;US
US2024359161A1;91853565;US
US2022144629A1;81455121;US
US2025090670A1;67138179;US
US2025164498A1;69142569;US
US2025115946A1;67660468;US
US2025161469A1;69230560;US
US2025092399A1;64051321;US
US2024060069A1;86058603;US
US2024392292A1;87552941;US
US2024327830A1;87766713;US
US2024026363A1;89191950;US
US12145121B1;93466448;US
US2025011772A1;61903116;US
US2025367306A1;67908050;US
US2025290065A1;75538377;US
US2025305038A1;73172763;US
US2025296912A1;75973699;US
US2025092385A1;74672462;US
US2025228954A1;76993091;US
US2025215038A1;71736985;US
US2025051778A1;72941436;US
US12134798B1;93294596;US
US2024368678A1;91302828;US
US2024368596A1;91302829;US
US2024066140A1;90832942;US
US2024067744A1;90000632;US
US2024084302A1;90141628;US
US2024361318A1;91853325;US
US2024376519A1;93380642;US
US2024376491A1;93380685;US
US2025154560A1;76624215;US
US2025327073A1;79023160;US
US2025346955A1;71401636;US
US2022098615A1;80821071;US
US2025027937A1;74259607;US
US2025381301A1;74645556;US
US2025270250A1;74881724;US
US2024317794A1;92803874;US
US2024197901A1;91474668;US
US2024200068A1;91474237;US
US2024206478A1;91585131;US
US2024247261A1;91590119;US
US2024309430A1;92714650;US
US2024150768A1;88417475;US
US2024090482A1;90245413;US
US2024352541A1;93122026;US
US2025115635A1;81308070;US
US2025283155A1;82523919;US
US2025283071A1;82549549;US
US2025277254A1;74678869;US
US2025215037A1;74672451;US
US2025060346A1;74701572;US
US2025320489A1;77134631;US
US2025277221A1;77490340;US
US2025333809A1;77613427;US
US2025043284A1;77772170;US
US2024309418A1;92714667;US
US2024218372A1;91667222;US
US2024218371A1;91667221;US
US2024216416A1;91667544;US
US2025019778A1;77892523;US
US2025136984A1;76138051;US
US2025027079A1;80350548;US
US2025163419A1;80775585;US
US2025270248A1;77989771;US
US2025368999A1;81384467;US
US2025269039A1;73452106;US
US2025270548A1;81972751;US
US2025051772A1;74125006;US
US2024263220A1;90364833;US
US2024266003A1;90365030;US
US2024254552A1;91963993;US
US2024254532A1;91963979;US
US2024254548A1;91964031;US
US2024254544A1;91964085;US
US2024254543A1;91963982;US
US2024344073A1;93017098;US
US2024286104A1;92461862;US
US2025146055A1;81384719;US
US2025283132A1;75588160;US
US2025302979A1;83456861;US
US2024229126A1;91762232;US
US2024229107A1;91762222;US
US2024226845A1;89662161;US
US2024117446A1;49223275;US
US2024415868A1;60325655;US
US2024392041A1;59276840;US
US2024229039A1;57542918;US
US2024026375A1;62488586;US
US2024131093A1;64016307;US
US2024376137A1;65724384;US
US2025011773A1;81384958;US
US2025282813A1;75441760;US
US2025305046A1;75562602;US
US2025297258A1;84801315;US
US2025283170A1;84920595;US
US2025188470A1;84920555;US
US2025025564A1;84920550;US
US2025307354A1;82899341;US
US2022041668A1;80115778;US
US2022047619A1;80223764;US
US2022049254A1;80224035;US
US2025276050A1;74418234;US
US2025262314A1;74666428;US
US2025154506A1;82837921;US
US2025340957A1;80775337;US
US2025034561A1;81386899;US
US2025230490A1;83059870;US
US2025066787A1;83227995;US
US2025179110A1;75111538;US
US2022162608A1;78824509;US
US2025092403A1;81448852;US
US2025092392A1;81654857;US
US2025367302A1;83819488;US
US2025277210A1;76159403;US
US2024156853A1;68060457;US
US2024150758A1;61911421;US
US2024141362A1;72609530;US
US2024200076A1;73458360;US
US2024200060A1;73458379;US
US2024091364A1;75437450;US
US2024294571A1;75437541;US
US2025084411A1;84228935;US
US2025059534A1;76250081;US
US2025002979A1;76601067;US
US2025304613A1;84801021;US
US2024229025A1;80632404;US
US2024067971A1;80951245;US
US2024158794A1;80951850;US
US2024092819A1;73554342;US
US2024052349A1;81457390;US
US2024002848A1;81709733;US
US2024026362A1;81853844;US
US2024327832A1;82057679;US
US2024018523A1;82159941;US
US2024309366A1;82260937;US
US2024110184A1;82261078;US
US2024175032A1;82234057;US
US2025011777A1;83598723;US
US2025188455A1;85413080;US
US2025129405A1;83594124;US
US2022023204A1;75888214;US
US2022002731A1;76330453;US
US2022226445A1;80214267;US
US2022347109A1;77079186;US
US2025084476A1;85088268;US
US2025101506A1;85088049;US
US2025250561A1;85153280;US
US2025134973A1;85201019;US
US2025129427A1;77264993;US
US2025011793A1;77358166;US
US2025136990A1;83280116;US
US2025135013A1;83457049;US
US2025122143A1;77595349;US
US2025283075A1;85323369;US
US2024360445A1;78525067;US
US2024075128A1;79554246;US
US2024294864A1;72670667;US
US2024252651A1;82760897;US
US2024141357A1;82932176;US
US2024124875A1;83155561;US
US2024158789A1;83228206;US
US2024216531A1;83395216;US
US2024156966A1;83374710;US
US2024240189A1;83544925;US
US2024180849A1;83722560;US
US2024065983A1;83848888;US
US2024158798A1;84426200;US
US2024279663A1;84425421;US
US2025026783A1;86058440;US
US2025270552A1;78371963;US
US2025352667A1;84389229;US
US2025223588A1;86059614;US
US2022275374A1;75912479;US
US2022220480A1;66439949;US
US2022202951A1;71401811;US
US2022275367A1;72291099;US
US2022356451A1;74192492;US
US2022193016A1;74866487;US
US2025066414A1;85603321;US
US2025270550A1;85685055;US
US2025002912A1;85719092;US
US2025135036A1;85721202;US
US2025333740A1;85721200;US
US2025011853A1;78232295;US
US2025171832A1;84246223;US
US2025122494A1;83995529;US
US2025136979A1;84245725;US
US2025188466A1;84246040;US
US2025011779A1;84332288;US
US2025073177A1;78500458;US
US2025228953A1;84785164;US
US2025147036A1;84462926;US
US2025025570A1;86336621;US
US2025019702A1;84463017;US
US2025043337A1;84537642;US
US2025011464A1;79163469;US
US2025066790A1;84537465;US
US2025043280A1;80449213;US
US2024287517A1;84527428;US
US2024392299A1;84527356;US
US2024294921A1;84545759;US
US2024287519A1;84545767;US
US2024325537A1;84979569;US
US2024401055A1;84978771;US
US2022062191A1;72570500;US
US2022056444A1;69005983;US
US2022031865A1;71076668;US
US2022062427A1;71127722;US
US2022040220A1;71406788;US
US2022088221A1;69771021;US
US2022162616A1;65409005;US
US2022041645A1;72143373;US
US2022186262A1;70057158;US
US2022168444A1;72239925;US
US2025002915A1;86158529;US
US2025313882A1;78805940;US
US2025011786A1;86158036;US
US2025340882A1;86158148;US
US2025003013A1;84387729;US
US2025025429A1;78500464;US
US2025236599A1;84364268;US
US2022145301A1;58239928;US
US2022056456A1;58695966;US
US2022267779A1;59018392;US
US2022098272A1;59965806;US
US2022047707A1;62144653;US
US2022323481A1;62491060;US
US2022333131A1;64016722;US
US2022072027A1;65370215;US
US2022290126A1;65437128;US
US2022389428A1;66664718;US
US2022356474A1;66664357;US
US2022395526A1;66664716;US
US2022249392A1;65276214;US
US2022025374A1;67219932;US
US2022002721A1;63762431;US
US2022000778A1;70611206;US
US2022315922A1;50773796;US
US2022042095A1;51165637;US
US2022143138A1;51569292;US
US2022033815A1;52022784;US
US11312960B1;52133228;US
US2022056441A1;53183180;US
US2022280424A1;55163766;US
US2024336655A1;85154802;US
US2024352459A1;83151523;US
US2024279667A1;84332153;US
US2024425857A1;84362244;US
US2024368601A1;86335077;US
US2024110187A1;86336705;US
US2022127604A1;56127628;US
US2022031855A1;56151517;US
US2022143197A1;57126313;US
US2024175868A1;91193004;US
US2024192201A1;91381619;US
US2024209416A1;91585045;US
US2024009182A1;89432340;US
US2024024239A1;89578202;US
US2022402947A1;92300034;US
US2022112494A1;32046073;US
US2022119814A1;36125793;US
US2024043844A1;88330423;US
US2024209420A1;91585047;US
US2024207804A1;91584666;US
US2022213475A1;43796190;US
US2022380772A1;45723788;US
US2022135662A1;46581267;US
US2022155716A1;47423236;US
US2022170017A1;48613358;US
US2024141353A1;90832122;US
US2024115712A1;90575103;US
US2024123064A1;90627554;US
US2025059544A1;86773595;US
US2025059537A1;84829593;US
US2025154191A1;86774477;US
US2025049927A1;86772979;US
US2025057779A1;80625222;US
US2022275373A1;83006929;US
US2024093286A1;90244360;US
US2024132422A1;91281313;US
US2024076669A1;90061357;US
US2024076679A1;90061368;US
US2024150764A1;90927224;US
US2024165215A1;91081186;US
US2024175082A1;91192747;US
US2025019707A1;86575649;US
US2025027097A1;84981411;US
US2025263701A1;85018261;US
US2025051766A1;86613080;US
US2025051835A1;78827691;US
US2025059600A1;84785288;US
US2025003973A1;86731390;US
US2025043081A1;86731075;US
US2025034569A1;86731147;US
US2025297249A1;86730115;US
US2024173435A1;91192816;US
US2024068028A1;90000670;US
US2024071574A1;89998181;US
US2024094198A1;83398156;US
US2024141345A1;90835447;US
US2024141349A1;90835463;US
US2025051386A1;85199316;US
US2025049961A1;86903695;US
US2025064842A1;85227438;US
US2025059547A1;79165047;US
US2025250575A1;85172539;US
US2025034650A1;85222124;US
US2025066793A1;87000264;US
US2025215430A1;87073385;US
US2025092448A1;87279737;US
US2025171835A1;87349167;US
US2024026469A1;89577159;US
US2024024838A1;89577847;US
US2024207409A1;91585158;US
US2024018610A1;89510577;US
US2024043907A1;87760346;US
US2024026426A1;89577147;US
US2024026427A1;86609610;US
US2024052344A1;88646982;US
US2024035027A1;88646970;US
US2024002857A1;86688573;US
US2024002914A1;87514115;US
US2024084383A1;88878331;US
US2022195435A1;82022258;US
US2024238027A1;91855560;US
US2024002903A1;89433623;US
US2024002929A1;89433630;US
US2024002901A1;89433622;US
US2025163097A1;79021148;US
US2025163105A1;85199391;US
US2025051836A1;78957764;US
US2025066777A1;85132868;US
US2025011859A1;86903808;US
US2025101419A1;85108839;US
US12351798B1;87522301;US
US2025368988A1;87553062;US
US2025382612A1;87553059;US
US2025066843A1;85570103;US
US2025115908A1;87553060;US
US2025277214A1;87522176;US
US2025145656A1;87552623;US
US2024102017A1;88730918;US
US2024150770A1;88878327;US
US2024252666A1;88308758;US
US2024002858A1;87036742;US
US2024262851A1;89380637;US
US2024002420A1;89380471;US
US2024271130A1;92216290;US
US2024002902A1;86732504;US
US2024327845A1;79018929;US
US2024425940A1;87000034;US
US2025177559A1;85778738;US
US2025339539A1;87349171;US
US2025019694A1;87347905;US
US2025101421A1;87347803;US
US2025257359A1;87349235;US
US2025171766A1;87472591;US
US2025101503A1;85157327;US
US2024167040A1;85238940;US
US2024309329A1;92714763;US
US2024066045A1;86733562;US
US2024384358A1;87472598;US
US2024417770A1;87565050;US
US2025002917A1;87469865;US
US2025243486A1;87472653;US
US2025154504A1;85381199;US
US2025137047A1;85227175;US
US2025179134A1;87579032;US
US2025171765A1;85800639;US
US2025170259A1;85772854;US
US2025163095A1;85726913;US
US2025084413A1;87884306;US
US2025313893A1;85556622;US
US2025179009A1;80739044;US
US2024052071A1;86056983;US
US2024263222A1;86158842;US
US2024318354A1;84766930;US
US2024092817A1;86992368;US
US2024318181A1;86774345;US
US2024344068A1;93017087;US
US2024189435A1;86903292;US
US2024191291A1;83188655;US
US2024360448A1;85241017;US
US2024309372A1;85239841;US
US2024352450A1;85323396;US
US2024360450A1;85323419;US
US2024409931A1;85411547;US
US2024093283A1;86992415;US
US2022042014A1;74858822;US
US2024409997A1;85804692;US
US2024417725A1;85988073;US
US2024409932A1;85988079;US
US2024392395A1;77914270;US
US2022047621A1;77640774;US
US2025136635A1;87552616;US
US2025066761A1;85556324;US
US2025154190A1;87564999;US
US2022259645A1;74114250;US
US2022281986A1;74210027;US
US2022228151A1;72087300;US
US2022228144A1;72087301;US
US2022356492A1;74570431;US
US2022340908A1;75166441;US
US2022389497A1;73455661;US
US2024409936A1;93745359;US
US2024409937A1;93745368;US
US2024409945A1;93745352;US
US2024409938A1;93745364;US
US2024360105A1;85156293;US
US2024336962A1;85156463;US
US2024390284A1;91616772;US
US2024197905A1;85153079;US
US2024301410A1;85156199;US
US2025191759A1;85778689;US
US2025136972A1;86006532;US
US2025215483A1;87935929;US
US2025188520A1;87935343;US
US2025180468A1;88024362;US
US2025297257A1;88021861;US
US2025197845A1;88102176;US
US2025179490A1;88099395;US
US2025197859A1;88203406;US
US2024336969A1;85156464;US
US2024344135A1;85156462;US
US2024018490A1;84692022;US
US2024384304A1;82748582;US
US2024263218A1;82846472;US
US2024417735A1;93844955;US
US2025223585A1;81581560;US
US2022010323A1;64426634;US
US2022010314A1;68581802;US
US2022016156A1;70975466;US
US2022061335A1;69160275;US
US2022049252A1;69024730;US
US2022017906A1;69024749;US
US2022002724A1;71101909;US
US2022204976A1;71520182;US
US2024093198A1;84230335;US
US2024287615A1;76838863;US
US2024287592A1;82403961;US
US2024279726A1;84525779;US
US2024287525A1;82851645;US
US2024286991A1;82404055;US
US2024301478A1;82258483;US
US2022218393A1;73289747;US
US2022056446A1;62557655;US
US2022170015A1;62782328;US
US2022380807A1;58632312;US
US2022090077A1;64904123;US
US2022267767A1;63036369;US
US2022403394A1;65002248;US
US2022017904A1;63165463;US
US2022064646A1;65630632;US
US2022378934A1;69232664;US
US2022169743A1;69232303;US
US2022112501A1;68084932;US
US2022017914A1;69644555;US
US2022000123A1;68240808;US
US2022056454A1;69887755;US
US2022106594A1;70282838;US
US2022248690A1;70331612;US
US2025161295A1;86378397;US
US2025325585A1;88330399;US
US2025270625A1;81346240;US
US2025346896A1;81448751;US
US2025255808A1;88519562;US
US2025290148A1;88519901;US
US2025288694A1;82218344;US
US2025354140A1;88647244;US
US2025305069A1;82019432;US
US2022192120A1;58191002;US
US2022151237A1;60412644;US
US2022119439A1;60579042;US
US2022346380A1;60952729;US
US2022127617A1;61017358;US
US2022079973A1;61073185;US
US2022033817A1;61281611;US
US2022192250A1;53016752;US
US11408001B1;54704147;US
USRE48887E;56151549;US
US2022117999A1;55411755;US
US2024279666A1;76764882;US
US2024301474A1;81449023;US
US2024200064A1;81851058;US
US2024401059A1;81580082;US
US2024263224A1;76193483;US
US2024209377A1;83848891;US
US2024148877A1;83848869;US
US2024209339A1;83848691;US
US2024209360A1;81654679;US
US2022042012A1;56550357;US
US2022380771A1;56555882;US
US2025333744A1;88330382;US
US2022143189A1;40599687;US
US2022380775A1;43646461;US
US2022195433A1;45994357;US
US2024254545A1;81846204;US
US2024287512A1;84029796;US
US2023094737A1;62110783;US
US2023242910A1;76624154;US
US2023174973A1;86608158;US
US2023355766A1;68631660;US
US2023235322A1;66810278;US
US2023027604A1;71949646;US
US2023212565A1;74883124;US
US2023055044A1;76993007;US
US2023183694A1;75111564;US
US2022347316A1;50068586;US
US2022081695A1;54241418;US
US2025338857A1;83900292;US
US2025346898A1;89025683;US
US2022290170A1;83194630;US
US2023167444A1;78270026;US
US2024182603A1;83320861;US
US2024209018A1;83397853;US
US2024150817A1;83397917;US
US2024182903A1;81346346;US
US2024209368A1;81384799;US
US2024165263A1;83459768;US
US2024175009A1;83459937;US
US2024383940A1;81346418;US
US2022364078A1;81854551;US
US2022062286A1;27772701;US
US2022042021A1;38218798;US
US2022112505A1;40130244;US
US2025360158A1;89191829;US
US2025354146A1;89380642;US
US2025283067A1;88730929;US
US2025295745A1;88731164;US
US2025327068A1;81749289;US
US2024173686A1;83048431;US
US2024190903A1;83048479;US
US2024092822A1;83154800;US
US2024336912A1;83155603;US
US2024141399A1;83154718;US
US2024092813A1;83201715;US
US2024076667A1;83572129;US
US2023012579A1;84892238;US
US2023159930A1;84627474;US
US2025313894A1;88836256;US
US2025121071A1;86896067;US
US2024110190A1;83049595;US
US2025313835A1;89454484;US
US2025340958A1;89707298;US
US2025263766A1;82496434;US
US2025354155A1;87158348;US
US2023233594A1;68291979;US
US2023151415A1;78023476;US
US2023372245A1;41198741;US
US2023248831A1;43410415;US
US2023052784A1;66442849;US
US2023047351A1;74044304;US
US2023323366A1;67226166;US
US2023159918A1;75593336;US
US2023225331A1;77490549;US
US2023416754A1;80222585;US
US2025354144A1;89119012;US
US2025388951A1;89381401;US
US2025382661A1;89381582;US
US2023039652A1;85153525;US
US2024124917A1;80461830;US
US2024110252A1;82837934;US
US2024299563A1;74669201;US
US2024294909A1;80933748;US
US2024318265A1;82838344;US
US2024093192A1;82837888;US
US2024018180A1;82838358;US
US2024102078A1;74871745;US
US2024158833A1;80623734;US
US2024167107A1;82931117;US
US2024167036A1;80682892;US
US2024092823A1;74666511;US
US2024309448A1;80780545;US
US2025320244A1;88315438;US
US2024076673A1;74045391;US
US2024117417A1;82448696;US
US2024100132A1;82549268;US
US2024409926A1;82548782;US
US2024018576A1;82549070;US
US2024076803A1;74418216;US
US2024117351A1;82652781;US
US2024117414A1;82653918;US
US2024125797A1;82654883;US
US2024140983A1;82653058;US
US2024102008A1;80446096;US
US2024425848A1;80446520;US
US2025179548A1;90315194;US
US2025257384A1;88207545;US
US2022049251A1;76730977;US
US2024327833A1;82741989;US
US2024173267A1;82837914;US
US2024060068A1;79287974;US
US2024096448A1;81974551;US
US2024132977A1;82058612;US
US2024027434A1;82058626;US
US2024132628A1;82060104;US
US2024150757A1;82060090;US
US2024052345A1;82159838;US
US2024042442A1;74191493;US
US2024336959A1;79021906;US
US2024327831A1;79831434;US
US2024132534A1;82144682;US
US2025320541A1;83902149;US
US2025197918A1;90098759;US
US2025332288A1;88295880;US
US2022202847A1;58672695;US
US11504391B1;60888585;US
US2022305045A1;64665390;US
US2022049256A1;60950695;US
US2022290145A1;68540971;US
US2022408732A1;69777828;US
US2022025367A1;64564803;US
US2022062321A1;69005827;US
US2022079971A1;69593777;US
US2022225622A1;72940594;US
US2022220459A1;73553901;US
US2022298512A1;68806914;US
US2022290156A1;67956661;US
US2022389429A1;73014635;US
US2024301409A1;82741987;US
US2024124946A1;81325148;US
US2023323345A1;79268451;US
US2022119815A1;55806850;US
US2022125823A1;66669075;US
US2022333104A1;68172281;US
US2022211743A1;71069951;US
US2022307024A1;74037582;US
US2022243199A1;41349261;US
US2022348915A1;41682880;US
US2022073925A1;47423191;US
US2022331446A1;47295193;US
US2022213473A1;51795760;US
US2022213486A1;52293222;US
US2022002727A1;53969461;US
US2022403381A1;54200117;US
US2022017902A1;58800158;US
US2022145294A1;59851196;US
US2025246264A1;90738291;US
US2025136632A1;90830457;US
US2025208142A1;90865219;US
US2024131048A1;82259191;US
US2024117356A1;82261074;US
US2024343746A1;80050947;US
US2024336914A1;81074293;US
US2023144623A1;51999542;US
US2023392147A1;55588101;US
US2023077409A1;59965277;US
US2023050684A1;64104328;US
US2023026506A1;65000065;US
US2023265433A1;65041099;US
US2023203518A1;81535359;US
US2023139944A1;74040872;US
US2023123981A1;74587119;US
US2024067965A1;81974713;US
US2024084295A1;73747939;US
US2022411842A1;76708097;US
US2022411804A1;82694291;US
US2022403377A1;35530789;US
US2022378921A1;48980371;US
US2023241123A1;80360750;US
US2023295624A1;82448203;US
US2023079787A1;85480185;US
US2024018522A1;81383139;US
US2024018516A1;81458361;US
US2024052350A1;81546280;US
US2024010774A1;81667754;US
US2024025935A1;81708103;US
US2025273297A1;90478764;US
US12282025B1;90528207;US
US2024344057A1;81289328;US
US2024035075A1;78536187;US
US2025320177A1;91590054;US
US2025320542A1;91719310;US
US2022403454A1;84490182;US
US2022403389A1;84490153;US
US2022415442A1;82483142;US
US2024002853A1;73544100;US
US2024002859A1;81709763;US
US2024102110A1;78844919;US
US2024102091A1;74099901;US
US2024093272A1;81853110;US
US2024100177A1;81853552;US
US2024401036A1;74165844;US
US2024052342A1;81974016;US
US2024093227A1;81973345;US
US2025295775A1;84439891;US
US2025290077A1;91411569;US
US2025171769A1;91590259;US
US2024327837A1;71783880;US
US2024084309A1;77519814;US
US2024102015A1;80117644;US
US2024011095A1;72660690;US
US2024368676A1;77924533;US
US2024044833A1;80629718;US
US2024011020A1;80630043;US
US2024327829A1;85573705;US
US2024102084A1;80776375;US
US2024026358A1;80845877;US
US2024083934A1;81126164;US
US2024294907A1;78536682;US
US2024018572A1;78622079;US
US2023232838A1;50928237;US
US2023026968A1;51932569;US
US2023390321A1;56236115;US
US2023093948A1;57750612;US
US2023158058A1;63036452;US
US2023122244A1;65041929;US
US2022380403A1;81846564;US
US2022389411A1;84284625;US
US2022389483A1;81850888;US
US2024011078A1;73776616;US
US2023279410A1;77771041;US
US2023041342A1;76788370;US
US2023022185A1;56682264;US
US2023304002A1;73643340;US
US2025320496A1;89378621;US
US2025101418A1;84535853;US
US2023049529A1;74040502;US
US2023032974A1;72235011;US
US2023040920A1;73598197;US
US2023279457A1;68621210;US
US2023114649A1;74004172;US
US2023126233A1;76992618;US
US2023136552A1;74673382;US
US2023080988A1;77200857;US
US2023136787A1;74853776;US
US2023092615A1;77391260;US
US2023183706A1;75439543;US
US2023138507A1;77929455;US
US2023190785A1;75581686;US
US2023295622A1;75660402;US
US2023133637A1;80820312;US
US2023053332A1;41268470;US
US2024167091A1;76971922;US
US2022355265A1;82163472;US
US2022364160A1;82016241;US
US2022362279A1;83998336;US
US2025223594A1;91716383;US
US2025361264A1;92420246;US
US2025049912A1;92501588;US
US2025161464A1;93058732;US
US2025257393A1;91082235;US
US2022370490A1;84104219;US
US2022372570A1;84103407;US
US2022372569A1;84103393;US
US2022372468A1;81940438;US
US2022378905A1;84193655;US
US2023301309A1;69164846;US
US2023128522A1;67766385;US
US2023354821A1;80353909;US
US2023332147A1;80629849;US
US2023123513A1;84527393;US
US2023183707A1;76601702;US
US2023323357A1;78845901;US
US2023287424A1;76731057;US
US2024092821A1;75340013;US
US2024404636A1;75660363;US
US2024131151A1;70289277;US
US2024210387A1;76197563;US
US2024294905A1;70470860;US
US2024368658A1;78513070;US
US2024018571A1;76355589;US
US2024158432A1;78708106;US
US2024425860A1;78745749;US
US2024093180A1;71526404;US
US2025003917A1;93708357;US
US2025283086A1;93851058;US
US2025034576A1;86895818;US
US2025027089A1;91954071;US
US2025003965A1;94126642;US
US2024327906A1;75267568;US
US2024191228A1;76788336;US
US2024189740A1;74187341;US
US2024287500A1;69713975;US
US2024002931A1;77061370;US
US2024416315A1;77061338;US
US2024287508A1;69467442;US
US2024287581A1;77554767;US
US2024060117A1;77711408;US
US2023340485A1;79268288;US
US2023309567A1;80353917;US
US2022333095A1;81750829;US
US2022340934A1;83693931;US
US2024247258A1;77672331;US
US2024060129A1;70553566;US
US2024209460A1;75267539;US
US2024384303A1;77929505;US
US2024254481A1;74570763;US
US2024327836A1;74569803;US
US2024287596A1;72473534;US
US2024018511A1;71527925;US
US2024052334A1;73198351;US
US2024175016A1;75438309;US
US2022340912A1;81842001;US
US2025034575A1;93520103;US
US2025115958A1;93658446;US
US2025205361A1;87136618;US
US2025003017A1;94126503;US
US2024052351A1;68610112;US
US2024125764A1;75848851;US
US2024175077A1;75912748;US
US2024102006A1;73695147;US
US2024271171A1;76129131;US
US2024240170A1;74046008;US
US2024417723A1;76575108;US
US2024391945A1;76788087;US
US2024300896A1;69063685;US
US2024011025A1;69467725;US
US2024132961A1;71835739;US
US12188014B1;94175949;US
US2022325331A1;83510609;US
US2022326173A1;83510157;US
US2022333192A1;83602265;US
US2024200130A1;68239893;US
US2024392301A1;68386843;US
US2022313890A1;83450704;US
US2022316004A1;81393063;US
US2024132876A1;72708752;US
US2024132892A1;72667058;US
US2024352461A1;73051476;US
US2024173348A1;74060198;US
US2024182871A1;74044337;US
US2024002851A1;74570461;US
US2024257147A1;69413196;US
US2024132888A1;69414459;US
US2024064278A1;69525936;US
US2024263174A1;70163735;US
US2024270782A1;65516408;US
US2024425543A1;68843308;US
US2024293563A1;66437703;US
US2024254538A1;65019589;US
US2024076672A1;67621797;US
US2024002913A1;67475411;US
US2024271200A1;62116487;US
US2022307027A1;83364400;US
US2024425932A1;69060303;US
US2024026360A1;67439176;US
US2024392361A1;67402961;US
US2024239834A1;69164413;US
US2024401240A1;65529846;US
US2024011029A1;65861258;US
US2024093203A1;67987578;US
US2024026440A1;62067997;US
US2024229028A1;68060713;US
US2024398848A1;68101411;US
US2022288181A1;80787128;US
US2022289876A1;80930302;US
US2025011843A1;94176554;US
US2024229122A1;59384110;US
US2024124923A1;63036467;US
US2024199672A1;59313083;US
US2024271328A1;65016676;US
US2024018519A1;63524302;US
US2024368207A1;62195630;US
US2024084296A1;63040892;US
US2024100191A1;62002475;US
US2024002906A1;62089770;US
US2024257911A1;63856988;US
US2024067824A1;66625340;US
US2024182901A1;66101691;US
US2024001325A1;66169694;US
US2024293550A1;59399003;US
US2023340511A1;88415993;US
US2025032644A1;92300774;US
US2022282316A1;83116015;US
US2022282311A1;83116012;US
US2022282398A1;80930303;US
US2025027115A1;94260592;US
US2024043847A1;59065535;US
US2024052399A1;59685695;US
US2024417721A1;59227727;US
US2024084297A1;61163320;US
US2024271131A1;59923385;US
US2024084363A1;56985464;US
US2024000824A1;61690661;US
US2024043893A1;57126325;US
US2022290158A1;83194635;US
US2023093951A1;60202535;US
US2023136893A1;61830619;US
US2022275465A1;83006958;US
US2024166678A1;55264412;US
US2024229105A1;55436974;US
US2024018598A1;55858267;US
US2024091335A1;56013482;US
US2024191312A1;56125996;US
US2024141336A1;54979679;US
US2024191271A1;56406235;US
US2024197855A1;55361946;US
US2024084316A1;58158478;US
US2024254476A1;58289906;US
US2024140982A1;58387109;US
US2024117347A1;58488684;US
US2024240250A1;59274781;US
US2024000913A1;51663499;US
US2024167092A1;53367695;US
US2024084395A1;52574155;US
US2025043277A1;94387992;US
US2025043339A1;92424432;US
US2024076661A1;56433185;US
US2023010288A1;48430225;US
US2023348904A1;49515013;US
US2023002772A1;49841845;US
US2023035621A1;51263577;US
US2023123192A1;53298624;US
US2023002768A1;54835647;US
US2023122459A1;53546754;US
US2023121944A1;55653836;US
US2023119344A1;52282540;US
US2023203489A1;56417752;US
US2023078200A1;74141837;US
US2023111147A1;76788282;US
US2023088865A1;76788742;US
US2023226212A1;76788871;US
US2023144436A1;76788870;US
US2023117883A1;76993204;US
US2023070181A1;69784345;US
US2022259601A1;82802019;US
US2023210106A1;65433933;US
US2023392149A1;64017428;US
US2023101828A1;64664429;US
US2024229026A1;49916709;US
US2024182906A1;51581087;US
US2024117344A1;48793143;US
US2024325552A1;51383926;US
US2024101590A1;52461970;US
US2023193284A1;75540008;US
US2023203490A1;78467883;US
US2023255212A1;79555890;US
US2023346966A1;79728347;US
US2025049838A1;94483254;US
US2022251648A1;82703617;US
US2022251556A1;80736067;US
US11414696B1;82802849;US
US2023354822A1;68060479;US
US2023175000A1;73658147;US
US2023159922A1;74571252;US
US2023013022A1;75716294;US
US2023002765A1;73643353;US
US2023056569A1;73854927;US
US2023022117A1;76222663;US
US2023087487A1;76330748;US
US2023035774A1;85037528;US
US2022243260A1;74553624;US
US2023241153A1;80118624;US
US2023159869A1;80479725;US
US2023392156A1;78402276;US
US2023416736A1;78695817;US
US2023220396A1;81597908;US
US2023106660A1;83932478;US
US2023002767A1;84229166;US
US2023022590A1;82608081;US
US2023002773A1;84545837;US
US2023125933A1;77391798;US
US2023287432A1;77490365;US
US2023416748A1;75252837;US
US2023126881A1;77890720;US
US2023133147A1;75540002;US
US2024141337A1;82448199;US
US2024093191A1;80446035;US
US2024197725A1;83722648;US
US2024409934A1;84362763;US
US2023045314A1;85153038;US
US2023050911A1;85176929;US
US2024279713A1;40534802;US
US2024141339A1;40940166;US
US2024229169A1;44370063;US
US2024191307A1;46048114;US
US2024068012A1;46603278;US
USRE49975E;45894681;US
US2024312565A1;46966775;US
US2024271229A1;47423184;US
US2024209363A1;47470150;US
US2024076727A1;49549071;US
US2024401043A1;69414380;US
US2024016810A1;78846584;US
US2024216520A1;83546483;US
US2022220486A1;82322620;US
US2022220545A1;80119209;US
US2022220242A1;80168162;US
US2022220535A1;82323494;US
US2022220544A1;82322775;US
US2022229819A1;82405179;US
US2022236886A1;82494680;US
US2024401037A1;43608658;US
US2024318201A1;47601499;US
US2024067974A1;58094472;US
US2023104563A1;85775416;US
US2024026356A1;79021122;US
US2024318172A1;81853504;US
US2024138418A1;74849713;US
US2024352463A1;74221032;US
US12134770B1;93294529;US
US2024050462A1;76573276;US
US2022204670A1;82118908;US
US2022213548A1;82218539;US
US12235262B1;94690873;US
US2025066851A1;94689343;US
US2025066784A1;94689114;US
US2024117409A1;48050665;US
US2024279687A1;82851847;US
US2024218353A1;82547251;US
US2024102066A1;65362870;US
US2023203180A1;86898318;US
US2024035030A1;45401265;US
US2024360462A1;61073536;US
US2023212578A1;56979035;US
US2023020545A1;57072929;US
US11827890B1;58227690;US
US2023193239A1;59067886;US
US2025250615A1;96587926;US
US2025312481A1;97232818;US
US2025313844A1;97233279;US
US2022204544A1;82120008;US
US2025075213A1;94774667;US
US2025075253A1;87971758;US
US2025352664A1;97679799;US
US2025346859A1;97601949;US
US2025346904A1;97602134;US
US2025376686A1;97917471;US
US2025361511A1;97756041;US
US2023272395A1;87762313;US
US2023272385A1;58544732;US
US2023132645A1;64660932;US
US2023107117A1;65271671;US
US2023407308A1;65272556;US
US2023029227A1;65362970;US
US2023285439A1;65723126;US
US2025206786A1;96096534;US
US2022187286A1;74572877;US
US2022193110A1;82023885;US
US2023338282A1;42396045;US
US2023070118A1;42728507;US
US2023030119A1;45560012;US
US2023000989A1;45874319;US
US2023192783A1;45891748;US
US2023058834A1;53274157;US
US2023220393A1;54359412;US
US2023399642A1;65810624;US
US2023263820A1;66246670;US
US2023390201A1;66540400;US
US2023355775A1;66664715;US
US2023139322A1;67064279;US
US2023110095A1;67815175;US
US2023312642A1;69178976;US
US2023124032A1;70224654;US
US2023193277A1;73458077;US
US2023313195A1;73458363;US
US2023075630A1;75538393;US
US2023322715A1;75538070;US
US2023220386A1;76220954;US
US2023304089A1;59215753;US
US2023241176A1;61017139;US
US2023084820A1;61906077;US
US2022168728A1;81753117;US
US2023193278A1;76342478;US
US2023018392A1;76478465;US
US2023056748A1;76574496;US
US2023000999A1;76575164;US
US2023201361A1;76787559;US
US2023054941A1;76864272;US
US2023095695A1;77292725;US
US2023122801A1;77491588;US
US2023133761A1;74873756;US
US2023151363A1;77771376;US
US2023144739A1;70680383;US
US2023323353A1;77892634;US
US2022177875A1;81848957;US
US2022177883A1;73698678;US
US2025078958A1;94773376;US
US2023348586A1;80775668;US
US2023405145A1;81125581;US
US2023383292A1;81290025;US
US2023416739A1;81601739;US
US2025101417A1;95067787;US
US2022155311A1;78845041;US
US2025084462A1;94873554;US
US2023167448A1;77929170;US
US2023132275A1;70861394;US
US2023158061A1;78270146;US
US2023183695A1;78718225;US
US2023210960A1;79177398;US
US2023257745A1;77249879;US
US2023405313A1;80117715;US
US2025093360A1;94976457;US
US2022162773A1;78918481;US
US2023097985A1;85718347;US
US2023111150A1;85797518;US
US2025059507A1;94610132;US
US2025019709A1;94211887;US
US2025075214A1;94774666;US
US2025066794A1;94689344;US
US2025111899A1;93119371;US
US2022145384A1;78622050;US
US2025137043A1;95485202;US
US2025115932A1;95254064;US
US2023135763A1;85201127;US
US2023065782A1;85286895;US
US2023089915A1;84544932;US
US2023407299A1;81756263;US
US2023383299A1;82423720;US
US2023212574A1;83228154;US
US2025197937A1;85640962;US
US2025195555A1;88024468;US
US2025346895A1;88519558;US
US2025262156A1;88519582;US
US2025288604A1;88519830;US
US2025368997A1;88647245;US
US2025009662A1;88630700;US
US2025333733A1;88836221;US
US2025111898A1;93061681;US
US2025368990A1;89192004;US
US2025376679A1;89380668;US
US2025382746A1;82748243;US
US2025257361A1;91033554;US
US2025376688A1;92590458;US
US2025019705A1;93852450;US
US2023099345A1;85722022;US
US2025319023A1;86538477;US
US2025297248A1;84829910;US
US2025101428A1;86611568;US
US2025109402A1;86613161;US
US2022127670A1;81258027;US
US2022133847A1;81379716;US
US2022145302A1;81453346;US
US2022145366A1;81455213;US
US2025333732A1;88920025;US
US2025283078A1;88920058;US
US2025313900A1;89119110;US
US2025130221A1;85724980;US
US2025161462A1;87884246;US
US2025188471A1;87936062;US
US2025101420A1;87935373;US
US2025213496A1;87990307;US
US2025332190A1;86774879;US
US2025057870A1;86901326;US
US2025075209A1;87000150;US
US2025101429A1;86998020;US
US2025092394A1;87279783;US
US2025161216A1;87470296;US
US2025115914A1;93257758;US
US2025115909A1;93257552;US
US2022119424A1;81186641;US
US2025207138A1;88102183;US
US2025257360A1;88243765;US
US2025027086A1;88243869;US
US2025263699A1;88243862;US
US2025000892A1;85988054;US
US2025011781A1;86397909;US
US2025197853A1;86396301;US
US2022112546A1;81077559;US
US2025333489A1;77317187;US
US2025333730A1;84545152;US
US2025188454A1;84801123;US
US2025257353A1;84802044;US
US2025188453A1;84802039;US
US2025191692A1;84802053;US
US2025129368A1;82608599;US
US2025073257A1;85088025;US
US2025099602A1;85058427;US
US2025084415A1;85412300;US
US2025243491A1;83508477;US
US2025011802A1;85506054;US
US2025043281A1;86731325;US
US2025041483A1;87059952;US
US2025082608A1;84888883;US
US2025263697A1;84324511;US
US2025146000A1;55955103;US
US2025188458A1;55754455;US
US2025136985A1;95485796;US
US2025127902A1;95402037;US
US2025129438A1;95402382;US
US2025243492A1;85804743;US
US2025339546A1;85987100;US
US2025002488A1;85988036;US
US2025042975A1;60578849;US
US2025101119A1;63638351;US
US2025152513A1;63667012;US
US2025354148A1;77890589;US
US2025346891A1;74129958;US
US2025320500A1;82260216;US
US2022113268A1;81078860;US
US2025263702A1;94968698;US
US12370264B1;96502894;US
US2025249118A1;94820710;US
US2025333742A1;95784051;US
US2025297260A1;95446536;US
US2025302980A1;97178020;US
US2022098651A1;80823521;US
US2022098675A1;80823511;US
US2022098577A1;80821065;US
US2022098586A1;78049251;US
US2025381284A1;96356668;US
US2025009675A1;82549308;US
US2025275931A1;82548455;US
US2025281622A1;83640757;US
US2025263704A1;84154947;US
US2025002910A1;84229204;US
US2025179497A1;87579146;US
US2025163446A1;87766910;US
US2025188472A1;85781806;US
US2025059546A1;88519903;US
US2025346905A1;86692836;US
US2025313832A1;88731122;US
US2025136992A1;86710814;US
US2022088226A1;80739704;US
US2022090082A1;80741428;US
US2025269038A1;95581426;US
US2025215433A1;92842646;US
US2025064958A1;92583088;US
US2025207139A1;96095745;US
US2025170161A1;95823192;US
US2025122500A1;95341490;US
US2025297263A1;97106590;US
US2025154512A1;65139138;US
US2025188456A1;65024027;US
US2025092072A1;67620056;US
US2025146088A1;95561976;US
US2025154557A1;95657674;US
US2025154571A1;95657648;US
US2023295627A1;88066542;US
US2023295630A1;88024409;US
US2023304008A1;88095290;US
US2025320492A1;80350613;US
US2025304991A1;82060109;US
US2025171772A1;82548703;US
US2025002908A1;83723122;US
US2025270562A1;82748579;US
US2025179498A1;84801791;US
US2025346902A1;87280151;US
US2025188475A1;52573741;US
US2025171839A1;95823098;US
US2022064698A1;80356392;US
USRE48960E;80444515;US
US2025281639A1;84920524;US
US2025075217A1;85087353;US
US2025043289A1;82898943;US
US2025084420A1;77465929;US
US2025019698A1;83902729;US
US2025340872A1;85988949;US
US2025027080A1;84365585;US
US2025011791A1;84829911;US
US2025051759A1;80119124;US
US2025243485A1;59723428;US
US2025340879A1;61241759;US
US2025043279A1;62195353;US
US2025213671A1;88024249;US
US12338452B1;96097379;US
US2025215405A1;96174553;US
US2023365973A1;88699587;US
US2023365969A1;88699586;US
US2023348924A1;88512714;US
US2025163099A1;95716801;US
US2025163505A1;93843327;US
US2025163418A1;95715897;US
US2025115907A1;58424351;US
US2023340473A1;88416848;US
US2025257358A1;68073253;US
US2025092129A1;72921278;US
US2025034577A1;75540055;US
US2025066789A1;78996852;US
US2025270555A1;47720548;US
US2022403410A1;68084600;US
US2025388619A1;98220105;US
US2022267793A1;35394619;US
US2022315945A1;37497032;US
US2025059541A1;88203639;US
US2025283079A1;88647223;US
US2025075208A1;51230239;US
US2025017953A1;63080524;US
US2025197855A1;69887925;US
US2023407387A1;89170310;US
US2025011778A1;85506914;US
US2025136978A1;85603655;US
US2025011776A1;84365463;US
US2025051767A1;86731386;US
US2025084417A1;85571199;US
US2025171777A1;87565165;US
US2025376738A1;97917555;US
US2022110920A1;68981278;US
US2022025433A1;68654453;US
US2025367624A1;97873732;US
US2025179485A1;95861716;US
US2025188519A1;95940643;US
US2022033810A1;77448094;US
US2025382618A1;98014166;US
US2025382616A1;96547510;US
US2025384958A1;98013342;US
US2025382662A1;98014175;US
US2025034567A1;85411650;US
US2022290125A1;62559322;US
US2022064645A1;65633590;US
US2022096518A1;69326681;US
US2022306678A1;74037317;US
US2025179474A1;95861726;US
US2022315931A1;83448899;US
US2022387607A1;81648838;US
US2022348866A1;83808299;US
US11491177B1;83902328;US
US2022370498A1;84104140;US
US2022213219A1;50233872;US
US2022064641A1;57147201;US
US2022065859A1;59454419;US
US2022033434A1;59965243;US
US2022062322A1;63245967;US
US2025367309A1;97873693;US
US2022133808A1;71840202;US
US2022170018A1;65995471;US
US2022119838A1;81186061;US
US2025360203A1;97756171;US
US2025346886A1;97602115;US
US2025346623A1;97601916;US
US2022017892A1;79292080;US
US2022017887A1;77519741;US
US2022025437A1;79689188;US
US2022023820A1;79689125;US
US2025188449A1;94322160;US
US2025188444A1;94210286;US
US2025197933A1;94321410;US
US2022267766A1;68697113;US
US2022033823A1;69591460;US
US2022106592A1;69376003;US
US2022098592A1;69650650;US
US2022105192A1;65528270;US
US2022125760A1;65657407;US
US2022154191A1;65911051;US
US2022362735A1;43535094;US
US2022211622A1;44353418;US
US2022340893A1;44351525;US
US2022049289A1;45003054;US
US2022170073A1;46146396;US
US2022010361A1;79172299;US
US2022017531A1;77168500;US
US2022205027A1;34317542;US
US2022213474A1;35187558;US
US2022411866A1;37571035;US
US2022000900A1;37894870;US
USRE48909E;38790699;US
US11441158B1;83196261;US
US2022333115A1;83602203;US
US2025352973A1;97679235;US
US2022298507A1;73782239;US
US2025207180A1;94383410;US
US2022316005A1;47009955;US
US2022025370A1;47756837;US
US2022235355A1;47832421;US
US2022127613A1;48430160;US
US2022389421A1;49483552;US
US2022289785A1;49514853;US
US2022098582A1;49382663;US
US2022372473A1;50628065;US
US2022243200A1;51581461;US
US2022119804A1;51625309;US
US2022090071A1;38861806;US
US2022267765A1;38668759;US
US2022098679A1;40850961;US
US2022090214A1;42040347;US
US2022195439A1;42562291;US
US2022119820A1;57073329;US
US2022072143A1;57320822;US
US2022135978A1;78718043;US
US2022127614A1;79023164;US
US2022031730A1;71170391;US
US2022002726A1;76829594;US
US2022112487A1;53371820;US
US2022098648A1;53778521;US
US2022119844A1;53800598;US
US2022098676A1;53783744;US
US2022098596A1;55351345;US
US2025333433A1;97447808;US
US2022047679A1;52021495;US
US2022290150A1;52344064;US
US2025340934A1;97525233;US
US2025215045A1;94383512;US
US2022033802A1;58631224;US
US2022146496A1;57345910;US
US2022053774A1;58717924;US
US2022235090A1;59090655;US
US2022040663A1;59273996;US
US2022298581A1;59501107;US
US2025223632A1;96264510;US
US2022112238A1;77921451;US
US2022213481A1;77927597;US
US2025332270A1;97447309;US
US2022143071A1;51900289;US
US2022090066A1;52349796;US
US2022127667A1;52781741;US
US2022003762A1;56849335;US
US2022211878A1;56919864;US
US2022259600A1;57007353;US
US2025215041A1;94384290;US
US2022411868A1;59563823;US
US2022002788A1;59965154;US
US2022364085A1;60117051;US
US2022017945A1;60203642;US
US2022162598A1;60203309;US
US2022175911A1;59215993;US
US2022049255A1;60578960;US
US2022154179A1;60663730;US
US2022218829A1;60953387;US
US2022389498A1;59388212;US
US2022267827A1;61009327;US
US2022315981A1;54106610;US
US2022220484A1;57983818;US
US2022025372A1;56855838;US
US2022000901A1;58488579;US
US2022054526A1;62020092;US
US2022213483A1;61074503;US
US2022204972A1;60937698;US
US2022119819A1;58463770;US
US2022220549A1;61157345;US
US2022042069A1;61244675;US
US2022106630A1;77558833;US
US2022363706A1;59520880;US
US2022354888A1;61074158;US
US2025320488A1;95783911;US
US2025327077A1;97383024;US
US2022259681A1;77664497;US
US2022170086A1;77664496;US
US2022333155A1;77807797;US
US2022213531A1;77890644;US
US2022010309A1;77892398;US
US2022056452A1;63254358;US
US2022169671A1;63254238;US
US2022133775A1;63856055;US
US2022127608A1;63856906;US
US2022133769A1;62223298;US
US2022387585A1;64105129;US
US2022331273A1;64400499;US
US2022160880A1;64396462;US
US2022042022A1;62245334;US
US2022356204A1;64737377;US
US2022042077A1;62842330;US
US2022259586A1;65030638;US
US2022282251A1;65438282;US
US2022073967A1;56800217;US
US2022333176A1;56939947;US
US2022144867A1;61689735;US
US2022170074A1;67253961;US
US2022025358A1;65807199;US
US2022348902A1;60268158;US
US2022025452A1;66114304;US
US2022090195A1;66118540;US
US2022064712A1;66664243;US
US2022090075A1;66664231;US
US2022049249A1;66663811;US
US2022380823A1;64959420;US
US2022162597A1;65023844;US
US2025235549A1;96433788;US
US2025236917A1;94687924;US
US2022282243A1;74562084;US
US2022025066A1;76971258;US
US2022002824A1;77199241;US
US2022325280A1;74860437;US
US2025243479A1;96502254;US
US2025243532A1;96502345;US
US2025243529A1;94633523;US
US2022119811A1;67219416;US
US2022098641A1;61283038;US
US2022079969A1;61832254;US
US2022002719A1;68099679;US
US2022306573A1;68163789;US
US2022177962A1;68384628;US
US2022348904A1;66530496;US
US2022002796A1;66349581;US
US2022017898A1;66530048;US
US2022170078A1;68541050;US
US2022275441A1;68534290;US
US2022241435A1;68539112;US
US2022002549A1;66589913;US
US2022119832A1;69059277;US
US2022090169A1;69162611;US
US2022098581A1;67704556;US
US2022143206A1;69232665;US
US2022336049A1;69413933;US
US2022056507A1;69413249;US
US2022251555A1;69591135;US
US2022160870A1;67742445;US
US2022056443A1;69723252;US
US2022056220A1;69778369;US
US2022119868A1;69776808;US
US2022033813A1;69778240;US
US2022049240A1;68051971;US
US2022049284A1;69778419;US
US2022298516A1;69887851;US
US2022042087A1;76545980;US
US2022064636A1;70054913;US
US2022017980A1;68296720;US
US2022145295A1;69232884;US
US2022033527A1;68210769;US
US2022267780A1;65244483;US
US2022001030A1;68382386;US
US2022002792A1;70464596;US
US2022025368A1;64172289;US
US2022010305A1;68655643;US
US2022254451A1;64184024;US
US2022028497A1;70612112;US
US2022088163A1;70612292;US
US2022002336A1;70731902;US
US2022002723A1;70730659;US
US2022276266A1;76222677;US
US2022106641A1;69007532;US
US2022118093A1;70854083;US
US2022017954A1;70975544;US
US2022025432A1;69591698;US
US2022054528A1;70974736;US
US2022074004A1;65024723;US
US2022049250A1;64604550;US
US2022186217A1;70973999;US
US2025263780A1;90038298;US
US2022362330A1;75437524;US
US2022203324A1;72896062;US
US2022396636A1;75849288;US
US2022380835A1;75849323;US
US2022127672A1;73643359;US
US2022395587A1;75912454;US
US2022403465A1;75912424;US
US2022031731A1;69888951;US
US2022064642A1;71125998;US
US2022072024A1;71128894;US
US2022072026A1;71127138;US
US2022315982A1;74853053;US
US2022348917A1;74853033;US
US2022325358A1;74866504;US
US2022372559A1;74866430;US
US2022218736A1;64739449;US
US2022010311A1;64564550;US
US2022010366A1;70773338;US
US2022033899A1;64745859;US
US2022023381A1;70852785;US
US2022127605A1;70853262;US
US2022309137A1;65024449;US
US2022023382A1;70852776;US
US2022010306A1;70852676;US
US2022280548A1;74570741;US
US2022387633A1;74570774;US
US2022349005A1;74659540;US
US2022042089A1;64665702;US
US2022073930A1;69160351;US
US2022025354A1;71075557;US
US2022042120A1;71076141;US
US2022064630A1;71075394;US
US2022145357A1;65279378;US
US2022186213A1;68766789;US
US2022073962A1;64746577;US
US2022380845A1;69191268;US
US2022298555A1;69104409;US
US2022056511A1;71101681;US
US2022411873A1;69187928;US
US2022072149A1;71101079;US
US2022333194A1;67587513;US
US2022033811A1;69726614;US
US2022042011A1;71126470;US
US2022098642A1;71406971;US
US2022356510A1;65200741;US
US2022127600A1;71521748;US
US2022154260A1;65528076;US
US2022152610A1;65527991;US
US2022372476A1;71614192;US
US2022088051A1;71614288;US
US2022160873A1;65234473;US
US2022243198A1;71732275;US
US2022127640A1;71736273;US
US2022106601A1;65234475;US
US2022096350A1;71736640;US
US2022162606A1;71736661;US
US2022251566A1;74061115;US
US2022125825A1;74042810;US
US2022341901A1;74100809;US
US2022288218A1;74113836;US
US2022228171A1;74210012;US
US2022282246A1;74209604;US
US2025277222A1;96880959;US
US2022098595A1;71736547;US
US2022098607A1;65443649;US
US2022064104A1;71841455;US
US2022098578A1;69650671;US
US2022096516A1;71841762;US
US2025313590A1;97231427;US
US2022267858A1;68069814;US
US2022249674A1;72145352;US
US2022280656A1;72139703;US
US2025283084A1;95248861;US
US2022098584A1;69187805;US
US2022112495A1;65236955;US
US2022195428A1;71840609;US
US2022098585A1;71840465;US
US2022073923A1;71835962;US
US2022128565A1;69771106;US
US2022049291A1;65861489;US
US2022186229A1;69941447;US
US2022088059A1;72043946;US
US2022145291A1;72045121;US
US2022127609A1;65998587;US
US2022118123A1;65529505;US
US2022112493A1;65529391;US
US2022136040A1;72238684;US
US2022186296A1;72240155;US
US2022204978A1;72837854;US
US2025297303A1;95398524;US
US2022259248A1;66625050;US
US2022243210A1;73458847;US
US2022228198A1;73552665;US
US2022162687A1;73652665;US
US2022235360A1;67060348;US
US2022333216A1;73651978;US
US2022339281A1;69770898;US
US2022175956A1;70110354;US
US2022064647A1;72610324;US
US2025290117A1;97029527;US
US2022362734A1;70680631;US
US2025283154A1;96948619;US
US2025283083A1;95446644;US
US2025283085A1;96948616;US
US2024132895A1;80937151;US
US2024200077A1;83320836;US
US2024209373A1;83397914;US
US2025194603A1;96024361;US
US2024409943A1;85783703;US
US2024294912A1;64607297;US
US2024292845A1;60788352;US
US2024294906A1;80036702;US
US2024011032A1;80950831;US
US2024035029A1;73554336;US
US2024110214A1;79287682;US
US2024116973A1;82447573;US
US2024150767A1;80685013;US
US2024269142A1;81927833;US
US2024245739A1;84141893;US
US2024254493A1;84230316;US
US2025354187A1;93431338;US
US2025019699A1;67777465;US
US2025034566A1;48326393;US
US2025346906A1;44761389;US
US12509694B1;98263164;US
US12509688B1;98263210;US
US12503702B1;98330271;US
US12497618B1;98049652;US
US12486506B1;97879598;US
US12480123B1;97797204;US
US12480121B1;97797267;US
US12480129B1;97797209;US
US2025263716A1;96740442;US
US2025163464A1;94212605;US
EP4658788A2;92147354;EP
EP4648782A1;91897686;EP
EP3971302A1;72521545;EP
EP4527927A1;88147139;EP
EP4599889A2;54199152;EP
EP4667492A2;57392925;EP
EP3978626A1;72744645;EP
EP4670507A1;91738703;EP
EP4617367A2;82058648;EP
EP4180527A1;84330744;EP
EP4643948A2;84527355;EP
EP4502184A1;88329775;EP
EP4499156A2;88102174;EP
EP4520349A1;88049405;EP
EP3988669A1;73013259;EP
EP4319765A1;83545747;EP
EP4324520A2;66770566;EP
EP4435000A2;68294255;EP
EP4393495A2;56851713;EP
EP3964582A1;72965191;EP
EP4008789A1;53776350;EP
EP4491743A2;65763900;EP
EP4491721A2;62620967;EP
EP4015634A1;74103901;EP
EP3934801A1;66380316;EP
EP3931832A2;72238644;EP
EP3931324A1;69723929;EP
EP3931354A1;72239723;EP
EP3931327A1;66377388;EP
EP3931348A1;65729069;EP
EP4617378A1;90366039;EP
EP3976788A1;73552512;EP
EP3974528A1;73459390;EP
EP3957733A1;72838243;EP
EP3952919A2;70476446;EP
EP4455307A1;86271923;EP
EP4437107A1;88102344;EP
EP4430190A2;86242133;EP
EP4512407A2;62951968;EP
EP4523786A1;68698954;EP
EP3941483A1;72519366;EP
EP3937951A1;72520528;EP
EP3941924A1;72520512;EP
EP3942049A1;72521205;EP
EP3938566A1;72426920;EP
EP3935187A1;66380426;EP
EP3935168A1;72337000;EP
EP4582554A2;68467070;EP
EP4635501A2;74193344;EP
EP4578501A1;71078532;EP
EP4596052A2;76601666;EP
EP4428252A1;85556417;EP
EP4435114A1;85727215;EP
EP4450971A1;86142663;EP
EP3984527A1;72852516;EP
EP4589016A2;74106107;EP
EP4450626A1;86142643;EP
EP4628594A1;90719115;EP
EP3969469A1;71736348;EP
EP3960859A1;72044194;EP
EP4560315A2;66793858;EP
EP4464791A1;86425905;EP
EP4464792A1;86426089;EP
EP4534670A1;84237291;EP
EP3936136A1;76601130;EP
EP4596715A2;83688678;EP
EP4603583A2;83691492;EP
EP4614146A2;83115473;EP
EP4567817A1;83385125;EP
EP4502179A2;82403540;EP
EP4644569A2;82321599;EP
EP4410373A2;63039931;EP
EP4335920A2;52628061;EP
EP4417697A1;85415415;EP
EP4410828A1;85172591;EP
EP4010475A1;67587451;EP
EP4004207A1;74229000;EP
EP4004235A1;67990451;EP
EP4527941A2;77366861;EP
EP3978609A1;73553829;EP
EP3967313A1;73050797;EP
EP4043038A1;75436848;EP
EP4328310A1;83721946;EP
EP4313075A1;83397880;EP
EP4313070A1;83397877;EP
EP4023229A1;74685651;EP
EP4605403A1;96582968;EP
EP4017545A1;72291147;EP
EP4013875A1;72243265;EP
EP4013430A1;74571131;EP
EP4299119A1;82492277;EP
EP4005601A1;36601829;EP
EP4019636A1;48655925;EP
EP4079856A1;45605615;EP
EP4359528A1;76623988;EP
EP4088741A1;56108030;EP
EP4603596A1;90105002;EP
EP4600962A1;89901089;EP
EP4017504A1;74684325;EP
EP3996684A2;74115310;EP
EP3978029A1;73553779;EP
EP4365297A1;84330102;EP
EP4345167A1;83689765;EP
EP4350002A1;83689414;EP
EP4591931A2;86729834;EP
EP4353833A1;83690278;EP
EP4361285A1;83995202;EP
EP4361286A1;83996161;EP
EP4074835A1;75539137;EP
EP4374870A1;84462421;EP
EP4311579A1;82786447;EP
EP4058602A1;73835633;EP
EP4055167A2;73699423;EP
EP4051794A1;68461716;EP
EP4051791A1;75715610;EP
EP4048232A1;68342621;EP
EP4476362A1;85278238;EP
EP4476361A1;85278515;EP
EP4012035A1;81536017;EP
EP4303325A1;82547641;EP
EP4332221A1;83152136;EP
EP4339297A1;83362426;EP
EP4328175A1;84331163;EP
EP4066246A1;76129499;EP
EP4061943A1;68808223;EP
EP4343001A1;83594173;EP
EP4486899A2;87884342;EP
EP4458870A1;86329076;EP
EP4441224A1;86613042;EP
EP4422645A2;86158742;EP
EP4448106A1;80034933;EP
EP4430191A2;86242067;EP
EP4428247A1;86241904;EP
EP4428238A1;86241157;EP
EP4457361A1;81327472;EP
EP4433596A2;86397758;EP
EP4069844A2;76221009;EP
EP4367234A1;83004567;EP
EP4395789A1;85412829;EP
EP4392577A1;83361168;EP
EP4389893A1;85322137;EP
EP4403645A1;85603311;EP
EP4085136A1;74347723;EP
EP4074724A1;65011984;EP
EP4092117A1;65010753;EP
EP4015631A1;61009182;EP
EP4092118A1;65003376;EP
EP3940074A1;66284913;EP
EP4083229A1;66096918;EP
EP3995590A1;66100319;EP
EP4486754A2;87884408;EP
EP4486360A2;87884197;EP
EP4499828A1;86054214;EP
EP4500170A2;88203480;EP
EP4493715A2;88024483;EP
EP4493695A2;88024405;EP
EP4495242A1;88023324;EP
EP3950005A1;72611078;EP
EP4359526A1;76641611;EP
EP4090769A1;74587117;EP
EP4087619A1;76788360;EP
EP4388093A1;85239801;EP
EP4382620A2;82932706;EP
EP4335859A1;83932781;EP
EP4355369A1;80785160;EP
EP4514968A1;86604175;EP
EP4515547A1;86760451;EP
EP4504932A1;85985237;EP
EP4331606A1;83848585;EP
EP4326871A1;75801535;EP
EP4326329A1;83723158;EP
EP4103715A1;77292712;EP
EP3978622A1;62625532;EP
EP3985122A1;62110760;EP
EP3985117A1;57539952;EP
EP3978923A1;63678613;EP
EP4299744A1;83049257;EP
EP4313071A1;76034767;EP
EP4533519A1;87001801;EP
EP4526446A1;86657747;EP
EP4215613A1;80682217;EP
EP4329923A1;79686791;EP
EP3960726A1;48141352;EP
EP4320239A2;83546520;EP
EP4314335A1;81346581;EP
EP4303315A2;81327110;EP
EP3992288A1;56694020;EP
EP4585695A1;89620175;EP
EP4547852A2;89381529;EP
EP4297791A1;83047602;EP
EP4298231A1;83050170;EP
EP4522742A2;86732265;EP
EP4522745A1;81603551;EP
EP4536243A1;86764704;EP
EP4536854A1;82117289;EP
EP4268817A1;79317452;EP
EP4119668A1;59743213;EP
EP4148131A1;77710673;EP
EP4304628A2;83228540;EP
EP4305168A1;80738805;EP
EP4304657A2;83228538;EP
EP4301859A1;83155559;EP
EP4301856A2;74859316;EP
EP4547683A2;87556345;EP
EP4516394A2;87418771;EP
EP4659854A1;87429134;EP
EP4590311A2;88412152;EP
EP4590851A1;83978794;EP
EP4590684A1;83362401;EP
EP4299743A1;83048064;EP
EP4299078A1;83049563;EP
EP4582542A1;90066971;EP
EP3933047A1;57121536;EP
EP4050112A1;60784927;EP
EP4101932A1;60326096;EP
EP4023228A1;60203506;EP
EP4603592A1;89763381;EP
EP4555085A1;87517431;EP
EP4605531A1;84818611;EP
EP4602169A2;90670261;EP
EP4561631A2;90479156;EP
EP4594520A2;88779391;EP
EP3938509A1;66381211;EP
EP4174177A1;76899655;EP
EP4581143A1;88147168;EP
EP4581139A1;85202215;EP
EP3973958A2;55696811;EP
EP4100530A1;78024140;EP
EP4547387A1;87474392;EP
EP4622985A1;91196595;EP
EP4105328A1;76483176;EP
EP4105339A1;76522852;EP
EP4642913A2;91719185;EP
EP4605523A1;91589871;EP
EP3974534A1;54359509;EP
EP3936623A1;71266435;EP
EP4144349A1;76129837;EP
EP4582558A1;90929626;EP
EP4608980A1;90831513;EP
EP4609186A1;83996345;EP
EP4652274A1;84982364;EP
EP4652276A2;90059625;EP
EP4648054A1;91804101;EP
EP4438125A2;85176234;EP
EP4126230A2;77929772;EP
EP4127168A1;77890628;EP
EP4114947A1;75173479;EP
EP4640315A1;91073260;EP
EP4638733A1;84981108;EP
EP4634386A1;91484119;EP
EP4631528A1;91379862;EP
EP4300099A2;60043314;EP
EP4067871A1;96946670;EP
EP4353834A2;69780286;EP
EP4325223A2;69700253;EP
EP4464779A2;83688484;EP
EP4575001A1;89620079;EP
EP4092133A1;76059773;EP
EP4669749A1;85321270;EP
EP4669753A1;90362097;EP
EP4658783A1;85173082;EP
EP4655007A1;90361186;EP
EP4582550A1;92037558;EP
EP4389221A2;59743201;EP
EP4443436A2;62245442;EP
EP4495239A1;87426668;EP
EP3936627A1;71522988;EP
EP3978620A1;46966393;EP
EP3967774A1;46507300;EP
EP4039363A1;45048268;EP
EP4089169A1;43876835;EP
EP4043039A1;48873711;EP
EP3954770A1;47753449;EP
EP4345172A2;61913700;EP
EP4310196A2;64457113;EP
EP4306532A2;66669137;EP
EP4324931A2;63040173;EP
EP4367238A1;84802043;EP
EP4303316A2;77300821;EP
EP4035684A1;73597795;EP
EP4153735A2;78718204;EP
EP4357452A2;54072512;EP
EP4043588A1;75787026;EP
EP4389888A2;52826680;EP
EP4324936A2;51581749;EP
EP4497831A1;87517286;EP
EP4328327A2;58797218;EP
EP4372091A2;56108384;EP
EP4328322A2;55218257;EP
EP3985125A1;35463460;EP
EP4321623A2;59564227;EP
EP4001433A1;73654743;EP
EP4001432A1;73448921;EP
EP4197559A1;80248005;EP
EP4520824A1;88068536;EP
EP4123021A1;77892397;EP
EP4163372A1;76375751;EP
EP4194554A1;73470197;EP
EP4520840A1;87934036;EP
EP4595966A1;89772297;EP
EP4205750A1;59311893;EP
EP4124657A2;42828984;EP
EP4603586A1;89983836;EP
EP4516392A1;87930070;EP
EP4373932A1;84979733;EP
EP4549577A1;88600258;EP
EP4560019A1;88975406;EP
EP4559898A1;89426635;EP
EP4288536A1;75936971;EP
EP4240159A1;81458193;EP
EP4240419A1;81457447;EP
EP4230226A1;81208525;EP
EP4225918A1;74068368;EP
EP4206325A1;80355349;EP
EP4560020A1;88975650;EP
EP4162033A2;78846531;EP
EP4129282A1;77927433;EP
EP3988676A1;73014322;EP
EP4495240A1;88023868;EP
EP4493691A2;85778859;EP
EP4596693A1;88856838;EP
EP4526449A2;87036258;EP
EP4520826A1;88729640;EP
EP4524244A1;88730796;EP
EP4569110A2;83232715;EP
EP4628494A1;91285961;EP
EP4151730A1;78302712;EP
EP4497433A1;87474211;EP
EP4497829A1;87845638;EP
EP4506456A1;92259002;EP
EP4520765A1;88297278;EP
EP4530360A1;88237364;EP
EP4029943A1;62555183;EP
EP3947679A1;66442894;EP
EP3947678A1;70289370;EP
EP3947677A1;72667565;EP
EP3950006A1;72668247;EP
EP3965889A1;66685495;EP
EP3965777A1;73050719;EP
EP3965780A2;73051251;EP
EP3962918A1;66349359;EP
EP4545544A2;57609084;EP
EP4512908A2;54554607;EP
EP4524262A2;54333131;EP
EP4610368A2;52428204;EP
EP4524265A2;49328090;EP
EP4326875A1;83722647;EP
EP4656588A2;81973802;EP
EP4486892A2;87766801;EP
EP4495241A1;88023882;EP
EP4499831A2;88102212;EP
EP4496579A2;88102205;EP
EP4519441A2;88647235;EP
EP4634382A1;84537680;EP
EP4647079A2;54542627;EP
EP4560018A1;92762073;EP
EP4279592A2;86331192;EP
EP4660321A1;91431345;EP
EP4653447A1;91955331;EP
EP3956447A1;70228070;EP
WO2025206284A1;97218943;WO
WO2022012216A1;72983101;WO
WO2025168041A1;96699260;WO
WO2025165890A1;94824308;WO
WO2025159163A1;96544911;WO
WO2025142999A1;96219122;WO
WO2024006978A2;89381577;WO
WO2024207543A1;87226630;WO
WO2024060950A1;86836436;WO
WO2024086949A1;90829731;WO
WO2024079071A1;88466623;WO
WO2024077148A1;90608833;WO
WO2024073732A1;88689589;WO
WO2025250611A1;97871220;WO
WO2024064769A1;90455294;WO
WO2025207810A1;97218820;WO
WO2025201467A1;97218263;WO
WO2025207588A2;97218874;WO
WO2025206092A1;97215821;WO
WO2025207837A1;97219193;WO
WO2025252063A1;97960090;WO
WO2022242756A1;84141112;WO
WO2022243299A1;82020952;WO
WO2022246005A1;84140809;WO
WO2025031302A1;94533665;WO
WO2024023578A1;87762826;WO
WO2023245134A2;89192050;WO
WO2022071367A1;80949191;WO
WO2025259726A1;96581473;WO
WO2025259669A1;96498682;WO
WO2025257997A1;98050267;WO
WO2022022158A1;80037160;WO
WO2022026719A2;80036742;WO
WO2022026440A1;80036134;WO
WO2022025965A1;74191964;WO
WO2022025148A1;80035753;WO
WO2025122848A2;95980443;WO
WO2025119303A1;95980657;WO
WO2025262178A1;96261547;WO
WO2025114442A1;92762253;WO
WO2025250953A1;97871383;WO
WO2025255113A1;96429644;WO
WO2025255495A1;97961581;WO
WO2025255411A1;97961476;WO
WO2025247331A1;97869647;WO
WO2022136466A1;79831353;WO
WO2023241591A1;89192298;WO
WO2025207407A1;97215886;WO
WO2025245419A2;96092850;WO
WO2025237408A1;97719416;WO
WO2025234433A1;97674800;WO
WO2025230868A1;97562080;WO
WO2025223315A1;97489330;WO
WO2024064787A2;90455249;WO
WO2024059165A1;88315920;WO
WO2024103025A1;91033523;WO
WO2023244772A1;89191898;WO
WO2025256564A1;98050153;WO
WO2025261378A1;98212404;WO
WO2025265051A1;98214086;WO
WO2025262108A1;91620706;WO
WO2025262186A2;91620653;WO
WO2025262002A2;91582114;WO
WO2025264833A1;98214137;WO
WO2025261379A1;98212403;WO
WO2025262706A1;96220235;WO
WO2025264554A1;96581562;WO
WO2025262452A1;91782227;WO
WO2025262623A1;96271604;WO
WO2025262193A1;91961043;WO
WO2025262195A1;91960921;WO
WO2022212905A1;83456841;WO
WO2022031591A2;80117629;WO
WO2022032182A1;80117701;WO
WO2022032129A1;80118539;WO
WO2022117816A1;74165863;WO
WO2023250327A1;89380657;WO
WO2025252184A1;97960073;WO
WO2025073276A1;95284160;WO
WO2023242216A1;86904096;WO
WO2025110217A1;95826615;WO
WO2025111578A1;93924597;WO
WO2022034331A1;72520099;WO
WO2022032017A2;80120136;WO
WO2025067482A1;95204386;WO
WO2024020194A1;87570984;WO
WO2024142041A1;91716909;WO
WO2024131916A1;91587701;WO
WO2024131998A2;91587766;WO
WO2024263791A1;93936242;WO
WO2025143001A1;96219124;WO
WO2025143000A1;96219120;WO
WO2025137623A1;96138824;WO
WO2022206946A1;83458100;WO
WO2025108284A1;95826060;WO
WO2025113623A1;95786249;WO
WO2025131019A1;96136461;WO
WO2025193754A2;97064665;WO
WO2025223537A1;97489349;WO
WO2025217569A1;97350787;WO
WO2025034560A1;94535071;WO
WO2023233159A1;82324187;WO
WO2023233395A1;87003345;WO
WO2023230495A2;88920082;WO
WO2025082058A1;95447763;WO
WO2025085352A1;93333932;WO
WO2025111369A1;93924958;WO
WO2025109466A1;93842135;WO
WO2025110773A1;95827187;WO
WO2025110774A1;95827189;WO
WO2025168022A1;96699243;WO
WO2025169235A1;96699356;WO
WO2025166119A1;94824123;WO
WO2022034303A1;72519952;WO
WO2022035984A1;80248162;WO
WO2025111273A1;95827508;WO
WO2023225495A2;88836271;WO
WO2023225598A2;88836133;WO
WO2023224979A1;88835921;WO
WO2023225621A2;88836194;WO
WO2023225599A2;88836136;WO
WO2025092910A1;95582447;WO
WO2025109225A1;93651288;WO
WO2025184569A1;96921812;WO
WO2025199455A1;97140351;WO
WO2025199419A1;97140307;WO
WO2025259747A2;96657084;WO
WO2025259743A1;96543832;WO
WO2025252159A1;97960117;WO
WO2025129153A1;96058552;WO
WO2025128622A1;94117054;WO
WO2025128632A1;94227627;WO
WO2025147348A1;96300542;WO
WO2025140551A1;94278033;WO
WO2025154066A1;96470857;WO
WO2025152833A1;96470697;WO
WO2025149486A1;89535900;WO
WO2025102119A1;95741782;WO
WO2022040173A1;80350523;WO
WO2025264965A2;98214257;WO
WO2025111469A1;95827487;WO
WO2025157611A1;89715656;WO
WO2025157612A1;89715718;WO
WO2025157614A1;89715864;WO
WO2023213284A1;88646282;WO
WO2023212810A1;88646081;WO
WO2023212296A1;88519719;WO
WO2023194412A1;81581329;WO
WO2025247212A1;97869626;WO
WO2025250680A1;97871579;WO
WO2025243242A1;95981589;WO
WO2025238646A1;97719683;WO
WO2022053981A1;80629784;WO
WO2022056078A1;78078410;WO
WO2025254428A1;97960539;WO
WO2025255368A2;97961376;WO
WO2025106120A2;95743561;WO
WO2025104239A1;93744063;WO
WO2025104709A1;95742613;WO
WO2025104638A1;89474475;WO
WO2024216109A1;93060283;WO
WO2024092232A1;89190818;WO
WO2025099136A2;93463488;WO
WO2022056461A1;80630071;WO
WO2022051665A1;80491556;WO
WO2022048780A1;72422179;WO
WO2022051369A1;80491450;WO
WO2022044011A1;80354761;WO
WO2022046667A1;80353901;WO
WO2022043531A1;77821705;WO
WO2025106093A1;89474022;WO
WO2025098487A1;95694984;WO
WO2025095980A1;89164435;WO
WO2025097113A1;95581368;WO
WO2022055352A1;78269667;WO
WO2022055351A1;78269666;WO
WO2022053536A1;72615780;WO
WO2025100980A1;95696235;WO
WO2024173593A1;92420662;WO
WO2025193642A1;97064472;WO
WO2025188687A1;95154866;WO
WO2022203448A1;83397616;WO
WO2022197953A2;83322359;WO
WO2024264074A2;93936355;WO
WO2025216277A1;97349741;WO
WO2025039437A1;88079686;WO
WO2025244068A1;97795425;WO
WO2025242702A1;95859846;WO
WO2025245014A1;96091257;WO
WO2025240992A1;97794380;WO
WO2022027793A1;73307213;WO
WO2025250031A1;96271482;WO
WO2025096787A2;95583327;WO
WO2025096809A1;93566570;WO
WO2025095052A1;95582408;WO
WO2025096897A1;95581614;WO
WO2025092267A1;95583097;WO
WO2025098117A1;95694936;WO
WO2022179445A1;82974035;WO
WO2025114477A1;88978349;WO
WO2025021034A1;94374144;WO
WO2025016294A1;94281142;WO
WO2025018656A1;94281932;WO
WO2025007960A1;94171487;WO
WO2025008641A2;91953781;WO
WO2025054459A1;92932995;WO
WO2025087442A1;95514991;WO
WO2022060208A1;80777223;WO
WO2022061112A1;80775588;WO
WO2025050048A2;94820486;WO
WO2025077771A1;90396903;WO
WO2025034422A1;92456903;WO
WO2025034601A1;94535231;WO
WO2025116631A1;95897468;WO
WO2024261044A1;87136818;WO
WO2024257848A1;93852241;WO
WO2024255761A1;93851404;WO
WO2024257847A1;93852230;WO
WO2024259063A2;93852753;WO
WO2024187190A2;92675611;WO
WO2024175062A1;92500261;WO
WO2024258052A1;93852247;WO
WO2024259149A1;91898288;WO
WO2024261042A1;91620566;WO
WO2024259564A1;93934697;WO
WO2025040139A1;94731399;WO
WO2025040164A1;94731407;WO
WO2025031282A1;94533459;WO
WO2025250605A1;96092774;WO
WO2025160224A1;96545713;WO
WO2025075868A1;93119498;WO
WO2025067433A1;95204398;WO
WO2025072748A2;93119614;WO
WO2025068368A1;88204090;WO
WO2025064660A2;93117301;WO
WO2025082059A1;95447764;WO
WO2023171820A1;87935476;WO
WO2025082057A1;95447765;WO
WO2025076595A1;95396716;WO
WO2025117786A1;95898070;WO
WO2025097012A1;95581413;WO
WO2025097049A1;95581499;WO
WO2025101986A1;95696686;WO
WO2025095040A1;95582405;WO
WO2025128614A1;94210303;WO
WO2025122875A1;94216553;WO
WO2025122974A1;95980610;WO
WO2025153066A1;96470805;WO
WO2025148349A1;96386297;WO
WO2025138194A1;96216606;WO
WO2025052108A2;88296734;WO
WO2025045195A1;94818182;WO
WO2025045130A1;94818161;WO
WO2025235631A1;97675534;WO
WO2025228327A1;97561151;WO
WO2025228428A1;97561219;WO
WO2025230979A1;97562193;WO
WO2023121593A1;86903493;WO
WO2025157271A1;96544504;WO
WO2025160218A1;96545671;WO
WO2025153070A1;96470721;WO
WO2025153061A1;96470754;WO
WO2023138451A1;87315332;WO
WO2025184301A1;96921954;WO
WO2025175269A1;96773595;WO
WO2025190385A1;97062821;WO
WO2025188589A1;95155021;WO
WO2025185730A1;96990040;WO
WO2025097126A1;95581544;WO
WO2025090374A1;88970265;WO
WO2025261431A1;98212447;WO
WO2025265013A2;96588919;WO
WO2025264952A2;96698655;WO
WO2025264948A2;96658484;WO
WO2025097040A1;95581493;WO
WO2025096511A1;95581494;WO
WO2025217275A2;95560534;WO
WO2025201277A1;97218989;WO
WO2025231325A1;97562278;WO
WO2025228199A1;97561136;WO
WO2025227005A1;97491027;WO
WO2025226956A1;97491018;WO
WO2023116764A1;86901279;WO
WO2025083338A1;93333552;WO
WO2025077916A1;95396610;WO
WO2023115496A1;86901039;WO
WO2025260042A1;96581508;WO
WO2025252175A1;97960105;WO
WO2025252223A1;97960140;WO
WO2025090912A1;93520933;WO
WO2025081238A1;95447483;WO
WO2025082606A1;88517575;WO
WO2025083315A1;95448387;WO
WO2025082632A1;90720065;WO
WO2025085593A1;95449095;WO
WO2025080995A1;95396331;WO
WO2025080572A1;93288742;WO
WO2025077898A1;95396666;WO
WO2025119547A1;93291665;WO
WO2022081046A1;81208387;WO
WO2022072356A1;80951726;WO
WO2022072737A1;80951840;WO
WO2025090254A1;95516357;WO
WO2025090634A1;95516388;WO
WO2022076596A1;78529011;WO
WO2025250688A1;97871497;WO
WO2025242321A1;93376439;WO
WO2025237176A1;97719382;WO
WO2025240707A1;97720861;WO
WO2025236571A1;97719277;WO
WO2024235228A1;93518738;WO
WO2024238491A2;93520220;WO
WO2024263852A2;93936381;WO
WO2025083268A1;88506550;WO
WO2025082607A1;88585231;WO
WO2025085731A1;95449112;WO
WO2025085431A1;95449323;WO
WO2025085868A2;93379160;WO
WO2025085810A2;93455982;WO
WO2022080207A1;81208281;WO
WO2025076006A2;95282831;WO
WO2025073902A1;93014968;WO
WO2025076126A1;95283864;WO
WO2023089159A1;78821123;WO
WO2023086386A1;86336743;WO
WO2022018155A1;71783876;WO
WO2022020206A1;77265286;WO
WO2024262968A1;93936053;WO
WO2024251725A1;86692660;WO
WO2024254213A1;91738287;WO
WO2024216155A1;91029925;WO
WO2024208357A1;92971258;WO
WO2024211376A2;92972827;WO
WO2024188164A1;92754367;WO
WO2024190848A1;92755278;WO
WO2024263858A2;93936265;WO
WO2024263891A2;93936278;WO
WO2024254092A2;93796062;WO
WO2024251960A1;91585433;WO
WO2024249791A2;93658459;WO
WO2022084486A1;73013332;WO
WO2022084389A1;78483252;WO
WO2022087154A1;78695810;WO
WO2022079127A1;72852502;WO
WO2023081817A1;86242223;WO
WO2023088455A1;86396280;WO
WO2025067240A1;95203685;WO
WO2025117709A2;94210334;WO
WO2025117544A1;93924967;WO
WO2025111653A1;95895892;WO
WO2025097633A1;89049573;WO
WO2022094394A2;81384495;WO
WO2022090256A1;73020108;WO
WO2022093051A1;72243181;WO
WO2022093949A1;81383142;WO
WO2022094403A1;78790129;WO
WO2025072672A2;93117481;WO
WO2025072484A1;93117542;WO
WO2025128846A2;96058339;WO
WO2025125387A1;89223279;WO
WO2025128799A1;94284167;WO
WO2025240886A1;97720833;WO
WO2025240884A1;97720761;WO
WO2024249916A2;93658558;WO
WO2024254430A2;93794707;WO
WO2025068896A1;88599233;WO
WO2025072246A1;93100244;WO
WO2025070241A1;95203551;WO
WO2025067423A1;95204389;WO
WO2025081540A1;88708408;WO
WO2025016061A1;88640445;WO
WO2023063325A1;85987978;WO
WO2025139789A1;90310221;WO
WO2025131135A1;90279040;WO
WO2025091701A1;90031213;WO
WO2025102520A1;89787537;WO
WO2025124364A1;89441337;WO
WO2023049815A2;85721272;WO
WO2023049814A2;85721274;WO
WO2024263649A1;91950336;WO
WO2024036096A2;89852508;WO
WO2024226789A1;93257297;WO
WO2024256620A1;91853486;WO
WO2024259135A1;91856269;WO
WO2024256715A1;91585544;WO
WO2024256674A1;87158302;WO
WO2024240101A1;93588923;WO
WO2024243073A1;93589806;WO
WO2024245410A1;93656690;WO
WO2024245144A1;93656667;WO
WO2024249458A2;93658725;WO
WO2024240058A1;93588940;WO
WO2023043375A2;85603688;WO
WO2025026220A1;94394097;WO
WO2025019860A1;94282732;WO
WO2025031444A1;94533572;WO
WO2025077709A1;89392273;WO
WO2025072886A1;95202294;WO
WO2025072881A2;95201352;WO
WO2025072879A1;95202286;WO
WO2025068557A1;93211929;WO
WO2025067541A1;95203716;WO
WO2025066936A1;95204331;WO
WO2025072862A1;95202247;WO
WO2025072883A2;95201351;WO
WO2025072685A1;95202148;WO
WO2023057653A1;78086302;WO
WO2025043036A2;94732764;WO
WO2025052316A1;93010930;WO
WO2025052296A1;92966446;WO
WO2025063239A1;95073008;WO
WO2025005742A1;93939342;WO
WO2025003985A1;88206963;WO
WO2025060884A1;93570281;WO
WO2025251574A1;92991837;WO
WO2025012469A1;88017902;WO
WO2025015189A1;92042992;WO
WO2025097535A1;91911483;WO
WO2025140155A1;90539287;WO
WO2025067351A2;93377995;WO
WO2025067354A1;95204375;WO
WO2023040828A1;85602431;WO
WO2025080208A1;95396910;WO
WO2025087397A1;95514999;WO
WO2025083199A1;88778469;WO
WO2025059443A1;93015091;WO
WO2025059148A1;95022517;WO
WO2022098840A1;81458276;WO
WO2022097157A2;78821747;WO
WO2025032327A1;88017075;WO
WO2025036511A1;94632166;WO
WO2025040005A1;94731358;WO
WO2025040097A1;94731385;WO
WO2025041111A1;94731456;WO
WO2025064721A1;95072053;WO
WO2025061842A1;88197225;WO
WO2025061911A1;92894937;WO
WO2025064703A1;93010872;WO
WO2025238644A1;97719500;WO
WO2025240305A1;97720661;WO
WO2025236048A1;97719049;WO
WO2025240947A1;96013325;WO
WO2025239936A1;94478771;WO
WO2025128462A1;94210267;WO
WO2025122871A1;95980568;WO
WO2025119007A1;95981630;WO
WO2025120571A1;94083634;WO
WO2022018127A1;71741632;WO
WO2025059328A1;95021898;WO
WO2025059326A1;95021902;WO
WO2025054715A1;95020659;WO
WO2025059345A1;95021947;WO
WO2023015017A2;85154809;WO
WO2025077949A1;95396680;WO
WO2022013716A1;77226966;WO
WO2025098440A1;95695015;WO
WO2025097534A1;95694860;WO
WO2025067544A1;95203731;WO
WO2025067479A1;95204394;WO
WO2025063238A1;95073083;WO
WO2023025899A2;77801641;WO
WO2025072252A1;95202240;WO
WO2025072675A1;95202115;WO
WO2025240924A1;96013169;WO
WO2023015153A2;85156418;WO
WO2024254253A2;93794549;WO
WO2024249944A1;93658691;WO
WO2024249886A1;93658665;WO
WO2024249690A1;91739191;WO
WO2024246138A1;87060735;WO
WO2025256588A1;98050157;WO
WO2025254047A1;97961167;WO
WO2025242235A1;97794712;WO
WO2025077854A1;95396595;WO
WO2025128967A1;96058380;WO
WO2024259134A1;91856126;WO
WO2024238925A2;93519844;WO
WO2023147790A1;81945627;WO
WO2025101933A1;95696667;WO
WO2025096355A1;95580993;WO
WO2025096970A2;95583322;WO
WO2025097132A1;93651545;WO
WO2025056387A1;92675989;WO
WO2025056059A1;95020951;WO
WO2023016999A2;83228716;WO
WO2023283553A1;84802046;WO
WO2025103391A1;95742049;WO
WO2025090567A1;95516399;WO
WO2025087290A1;95514982;WO
WO2024238677A2;93520254;WO
WO2024238989A2;93519903;WO
WO2024234030A1;93518323;WO
WO2022104211A1;78806738;WO
WO2023115983A1;81267214;WO
WO2023024230A1;81045493;WO
WO2025111565A1;95827261;WO
WO2025235911A2;97675653;WO
WO2025232840A1;97674544;WO
WO2022006764A1;73335268;WO
WO2025238253A1;91129679;WO
WO2025238004A2;91581549;WO
WO2025237990A1;91302407;WO
WO2023036345A1;83246377;WO
WO2023226159A1;82956421;WO
WO2023142357A1;81996815;WO
WO2025051311A1;93010876;WO
WO2024230836A1;93431352;WO
WO2024254262A2;93794559;WO
WO2024243298A1;91586044;WO
WO2024243087A2;93590376;WO
WO2024239040A1;93588622;WO
WO2024241162A1;91334891;WO
WO2024239039A1;93588616;WO
WO2024240051A1;93588921;WO
WO2024241203A1;86949316;WO
WO2024235124A1;93518674;WO
WO2024238385A2;91432498;WO
WO2024237170A1;93519098;WO
WO2022109398A1;81709762;WO
WO2022106562A1;74046492;WO
WO2025054860A1;95020608;WO
WO2025059422A1;92932818;WO
WO2025052391A1;94923605;WO
WO2025053257A1;94923883;WO
WO2025051946A1;93741692;WO
WO2023092768A1;80372020;WO
WO2023029489A1;79735354;WO
WO2025053766A2;93335208;WO
WO2025240506A1;96261494;WO
WO2025115025A1;95897142;WO
WO2025054596A2;94924470;WO
WO2025054355A1;94924235;WO
WO2025051599A1;92593378;WO
WO2025178406A1;96847606;WO
WO2025240690A2;96013138;WO
WO2025226343A1;95065608;WO
WO2025189138A1;96991539;WO
WO2022132198A2;80682842;WO
WO2025047953A1;94819471;WO
WO2025043720A1;94817789;WO
WO2025047679A1;94819188;WO
WO2022117747A2;73698681;WO
WO2022109690A1;81753628;WO
WO2025128589A1;96058419;WO
WO2025122644A1;94284059;WO
WO2022110010A1;81753836;WO
WO2025137547A1;96138825;WO
WO2025058684A1;94872085;WO
WO2025166047A1;96591280;WO
WO2025137756A1;96216266;WO
WO2025143262A1;96218176;WO
WO2023250368A2;87312251;WO
WO2024248509A1;93658383;WO
WO2024238625A1;91898608;WO
WO2024238523A2;93520243;WO
WO2025038870A1;94633180;WO
WO2022166849A1;82740856;WO
WO2025096498A1;93463568;WO
WO2025212838A1;95558902;WO
WO2025184876A1;96989766;WO
WO2025188566A1;96991413;WO
WO2025195381A1;97138373;WO
WO2025199231A2;95375376;WO
WO2025155772A1;96472047;WO
WO2025148770A1;96386352;WO
WO2025151822A1;96387612;WO
WO2023245061A2;89192053;WO
WO2023233290A1;87001738;WO
WO2025157269A1;96544510;WO
WO2025137167A2;96138932;WO
WO2025137323A1;96138034;WO
WO2025139037A1;96216655;WO
WO2025139010A1;96216650;WO
WO2025140402A1;96216806;WO
WO2025165814A1;96591424;WO
WO2025165840A1;96591388;WO
WO2025166311A1;94772226;WO
WO2025163079A1;94476214;WO
WO2025231404A1;97562402;WO
WO2025229137A1;95699175;WO
WO2025233849A2;95821611;WO
WO2025169133A1;89900719;WO
WO2023207615A1;88517438;WO
WO2022125984A1;79287725;WO
WO2025048485A1;94819875;WO
WO2023208128A1;88517935;WO
WO2025171650A1;96772492;WO
WO2025184524A1;96921771;WO
WO2025193917A1;97064579;WO
WO2025188987A1;96991681;WO
WO2022131408A1;82057708;WO
WO2025212732A1;97268116;WO
WO2025212923A1;97268054;WO
WO2025212933A1;97268035;WO
WO2025207883A2;97216122;WO
WO2025158407A2;96544565;WO
WO2025160114A1;96545848;WO
WO2025240445A1;96306399;WO
WO2025240505A1;97720622;WO
WO2025049720A2;92801378;WO
WO2025050036A1;94820497;WO
WO2024260434A1;93934852;WO
WO2025199304A1;97140233;WO
WO2025196292A1;90923746;WO
WO2025198958A1;97140175;WO
WO2022000572A1;73157578;WO
WO2025207912A1;97219772;WO
WO2025261396A1;98212415;WO
WO2025242147A1;97794691;WO
WO2025245193A1;97796140;WO
WO2025242158A1;97794679;WO
WO2025247382A1;97869591;WO
WO2025255283A1;97961489;WO
WO2025232837A1;97674542;WO
WO2025218742A1;97402961;WO
WO2025222056A1;97404435;WO
WO2025228429A1;97561182;WO
WO2025231448A2;97562312;WO
WO2025231164A2;97562254;WO
WO2023166314A2;81175281;WO
WO2025239377A1;97720009;WO
WO2025240499A1;97720673;WO
WO2025258687A1;98050833;WO
WO2025257768A1;98050550;WO
WO2025259875A1;98051505;WO
WO2025260011A1;98051678;WO
WO2025259992A1;98051673;WO
WO2025261376A1;98212401;WO
WO2025048755A1;94820109;WO
WO2025049770A1;92800378;WO
WO2025050042A1;94820480;WO
WO2025049764A1;92801590;WO
WO2023155909A1;87577605;WO
WO2023154964A1;87565197;WO
WO2025245474A1;97796199;WO
WO2025242164A1;97794692;WO
WO2024081411A1;88833687;WO
WO2024002007A1;89382904;WO
WO2024061202A1;89207403;WO
WO2024109455A1;87216606;WO
WO2025041062A1;92816450;WO
WO2025038970A1;94632737;WO
WO2025038963A1;94632739;WO
WO2022147134A1;80050589;WO
WO2025234590A1;97675238;WO
WO2025255269A1;97961480;WO
WO2025253355A1;96171516;WO
WO2022139686A1;82160161;WO
WO2024190328A1;92754864;WO
WO2024186166A1;92675354;WO
WO2024102737A2;91033440;WO
WO2024259294A2;93852778;WO
WO2024234831A1;93518622;WO
WO2024232914A1;86896148;WO
WO2024213767A1;86382806;WO
WO2024211833A2;91022695;WO
WO2024191271A1;92755590;WO
WO2024189348A1;90458050;WO
WO2024008158A1;89209440;WO
WO2024027518A1;88529420;WO
WO2025240482A1;97720650;WO
WO2025187767A1;96991153;WO
WO2025186091A1;90625202;WO
WO2024205496A1;92907642;WO
WO2023134705A1;87280120;WO
WO2025234133A1;97675116;WO
WO2025234704A1;97675311;WO
WO2025232886A1;97674511;WO
WO2025234897A1;97675118;WO
WO2025235761A1;96094572;WO
WO2025235822A1;97675771;WO
WO2025235699A1;97675531;WO
WO2022136140A1;73856912;WO
WO2025231081A1;97562178;WO
WO2025229953A1;97561392;WO
WO2025228348A1;97561202;WO
WO2025228156A1;97561134;WO
WO2025040002A1;94731361;WO
WO2024190329A1;92755474;WO
WO2024061356A1;89251193;WO
WO2024061354A1;89219158;WO
WO2024012325A1;85350089;WO
WO2024233248A2;91274578;WO
WO2022121959A1;81974232;WO
WO2022125695A1;81974815;WO
WO2024233624A1;91274520;WO
WO2024229505A1;93431726;WO
WO2024229320A1;93333483;WO
WO2024223802A2;86226760;WO
WO2024249318A1;93658644;WO
WO2024245424A1;93656763;WO
WO2024245151A1;93656647;WO
WO2024043674A1;90013728;WO
WO2022153766A1;82447214;WO
WO2025042973A1;94732769;WO
WO2024263883A2;93936372;WO
WO2024228030A2;91129510;WO
WO2024186892A2;92675699;WO
WO2024107836A1;91085466;WO
WO2024073040A1;88558382;WO
WO2024047148A1;87889361;WO
WO2025199242A1;97140203;WO
WO2025193786A1;97064442;WO
WO2025193173A1;97064653;WO
WO2025191055A1;90365090;WO
WO2025193584A1;95250944;WO
WO2025194051A1;97064604;WO
WO2022114167A1;81754508;WO
WO2022103817A2;81602672;WO
WO2022089486A1;81381950;WO
WO2025038944A1;94633192;WO
WO2022162157A1;80446128;WO
WO2022162161A1;80446185;WO
WO2022164316A1;80225873;WO
WO2022162363A1;74865309;WO
WO2024026258A2;87571731;WO
WO2024228395A1;93332977;WO
WO2024227765A2;86329542;WO
WO2024222896A1;93255659;WO
WO2025030155A1;94395955;WO
WO2023277959A1;84692027;WO
WO2025038960A1;94632733;WO
WO2024233985A1;91334702;WO
WO2024044542A2;90013998;WO
WO2025037891A1;94632400;WO
WO2025038902A2;92762201;WO
WO2025038418A2;94633056;WO
WO2025037261A1;92792350;WO
WO2022161450A1;82654186;WO
WO2025035134A1;94535210;WO
WO2025188852A1;95155143;WO
WO2025185331A1;96989952;WO
WO2025188498A1;96991380;WO
WO2024224919A1;93256070;WO
WO2024222826A1;93255667;WO
WO2024221049A1;93255163;WO
WO2024231269A1;86330290;WO
WO2024231559A1;91081971;WO
WO2024229504A1;93431731;WO
WO2024228396A1;93332921;WO
WO2024220013A1;90826209;WO
WO2025212672A1;95517093;WO
WO2025210536A1;95398444;WO
WO2025210133A1;90717551;WO
WO2025181467A2;95248934;WO
WO2025184084A1;95022682;WO
WO2025184347A1;96921977;WO
WO2022175685A1;75339325;WO
WO2022171313A1;75426557;WO
WO2025036984A1;87760581;WO
WO2025038971A1;94632735;WO
WO2025038661A1;92632959;WO
WO2025036916A1;88016605;WO
WO2025036833A1;87570922;WO
WO2025031301A1;94533664;WO
WO2025032331A1;88017097;WO
WO2025034604A1;94535227;WO
WO2025032347A1;88093320;WO
WO2024222158A1;93255514;WO
WO2022092279A1;81384009;WO
WO2022088342A1;81381988;WO
WO2024044759A2;90014117;WO
WO2024040041A1;87974754;WO
WO2024037263A1;89940673;WO
WO2024229018A2;93333291;WO
WO2025029844A1;94395978;WO
WO2025026228A1;94394131;WO
WO2025029625A1;92409116;WO
WO2025026124A1;94394047;WO
WO2022173811A1;80628791;WO
WO2025024334A1;92457218;WO
WO2024061185A1;90453894;WO
WO2024064610A2;90455281;WO
WO2024227169A1;93257201;WO
WO2024223696A1;86185106;WO
WO2024226752A1;91128287;WO
WO2024226471A2;91193468;WO
WO2024196922A1;92842629;WO
WO2024086633A1;90738511;WO
WO2024212954A1;93058735;WO
WO2025028656A1;94395378;WO
WO2025029913A2;94395991;WO
WO2025028591A1;94395002;WO
WO2023239704A2;89118832;WO
WO2023202686A1;88419288;WO
WO2025029149A1;89474880;WO
WO2025030109A1;94395924;WO
WO2025023659A1;94374947;WO
WO2025021186A1;94374074;WO
WO2025024292A1;94375091;WO
WO2025024773A2;94375485;WO
WO2024200381A1;85727167;WO
WO2024218394A1;88779471;WO
WO2024213870A1;86378729;WO
WO2024215846A1;91081915;WO
WO2023248220A1;87426867;WO
WO2023244637A2;89191784;WO
WO2025231138A1;97562230;WO
WO2025231217A1;97562285;WO
WO2025228816A1;90971564;WO
WO2022013393A1;71661710;WO
WO2022014237A1;79555484;WO
WO2022014703A1;79555651;WO
WO2022015250A1;79555808;WO
WO2022015251A1;79555794;WO
WO2022006871A1;79552218;WO
WO2022187334A1;83154801;WO
WO2025021654A1;87851923;WO
WO2024221135A1;93255261;WO
WO2024215946A1;93060133;WO
WO2024208249A1;92971157;WO
WO2024211266A1;90924057;WO
WO2024218302A1;86143003;WO
WO2024218766A1;93152313;WO
WO2024220771A1;93153376;WO
WO2024220934A1;91185388;WO
WO2024197065A2;92842450;WO
WO2024196998A1;90735018;WO
WO2024196422A1;92842499;WO
WO2025019685A2;94282615;WO
WO2025016342A1;94281111;WO
WO2025019631A1;92264058;WO
WO2025019313A1;92172170;WO
WO2025019817A1;94282701;WO
WO2025019326A2;94282496;WO
WO2023201281A2;88330397;WO
WO2025133603A1;89662546;WO
WO2022010991A1;79552173;WO
WO2022009191A1;79552981;WO
WO2023186056A1;88199477;WO
WO2025019701A1;94282683;WO
WO2025015338A1;92212635;WO
WO2025015335A1;92171917;WO
WO2024215301A1;86328485;WO
WO2024214041A1;90923964;WO
WO2025133559A1;89662905;WO
WO2025132708A1;94192559;WO
WO2025008406A1;87863402;WO
WO2025010185A1;91961739;WO
WO2025008523A1;87556766;WO
WO2023143483A1;87470605;WO
WO2023138659A1;87347903;WO
WO2023138650A1;87347896;WO
WO2023138689A1;87347910;WO
WO2025010077A1;94172493;WO
WO2022192671A1;83228357;WO
WO2022197356A1;83320697;WO
WO2024213890A1;86497197;WO
WO2024200594A1;90719445;WO
WO2024206175A1;90731791;WO
WO2024200278A1;86228114;WO
WO2024206195A1;90730168;WO
WO2024200472A1;90717102;WO
WO2024206328A1;92907415;WO
WO2024197302A1;90720052;WO
WO2024196931A2;92842620;WO
WO2024191777A2;92756309;WO
WO2024137622A1;89768246;WO
WO2024138105A1;89771629;WO
WO2024138111A1;89845455;WO
WO2024129748A1;89707805;WO
WO2025007907A1;94171227;WO
WO2023084510A1;84440077;WO
WO2022212648A1;81384621;WO
WO2023109935A1;86774875;WO
WO2023109932A1;86774884;WO
WO2022199242A1;83375281;WO
WO2022194612A1;74946970;WO
WO2022197852A2;83322348;WO
WO2022211095A1;83459672;WO
WO2022210122A1;83455273;WO
WO2022212208A1;83456890;WO
WO2024212956A1;93058740;WO
WO2024182578A1;92590871;WO
WO2024196804A1;92842362;WO
WO2024197148A2;92842661;WO
WO2024196779A2;92842295;WO
WO2024197139A2;92842521;WO
WO2024186140A1;92674903;WO
WO2024186673A2;90718703;WO
WO2024186799A1;90719908;WO
WO2024102933A2;91033621;WO
WO2025006739A1;93939815;WO
WO2023009171A2;85088227;WO
WO2025006682A2;93940190;WO
WO2025005265A1;93939177;WO
WO2025006955A2;93940222;WO
WO2025003222A1;87036738;WO
WO2025006639A2;93940178;WO
WO2025005151A1;93938721;WO
WO2025007063A1;93939951;WO
WO2025006923A2;93940047;WO
WO2022211129A1;83459141;WO
WO2025006484A1;91856128;WO
WO2025255972A1;93807841;WO
WO2025002208A1;93937540;WO
WO2022223783A1;75659883;WO
WO2025002456A1;93937610;WO
WO2022224021A1;83721984;WO
WO2022217366A1;83639397;WO
WO2022220141A1;83639661;WO
WO2022229350A2;81877847;WO
WO2024199445A1;92907561;WO
WO2025213093A1;97268197;WO
WO2025210011A1;91023421;WO
WO2025212958A1;97267999;WO
WO2024181416A1;92589825;WO
WO2024151937A1;89977450;WO
WO2024148329A1;91804365;WO
WO2024137729A1;89768430;WO
WO2024191598A1;92756283;WO
WO2024190788A1;92755150;WO
WO2024192290A2;92756118;WO
WO2025213142A2;97268202;WO
WO2022232539A1;83847338;WO
WO2022226870A1;83846529;WO
WO2025005717A1;93939312;WO
WO2025132962A2;89321540;WO
WO2025137361A1;96138082;WO
WO2025136916A1;94321458;WO
WO2025132546A1;94227519;WO
WO2025130549A1;96136387;WO
WO2025137143A2;96138933;WO
WO2022007316A1;79232202;WO
WO2025228157A1;97561133;WO
WO2025039916A1;92726817;WO
WO2025232300A1;92707022;WO
WO2022239632A1;84029570;WO
WO2024182676A2;92590482;WO
WO2024185775A1;92675161;WO
WO2024186627A1;92675455;WO
WO2024186608A1;92675486;WO
WO2024183714A1;92674117;WO
WO2024167000A1;92263044;WO
WO2024186171A1;92675356;WO
WO2025184661A1;96922020;WO
WO2025184346A1;96921979;WO
WO2025181198A1;90105088;WO
WO2025184227A1;96921648;WO
WO2024182293A1;92590904;WO
WO2024182295A2;92590413;WO
WO2024173520A2;92420697;WO
WO2024168010A2;90368302;WO
WO2024161368A1;89853441;WO
WO2022250072A1;84229876;WO
WO2023011597A1;85155301;WO
WO2022000082A1;79317645;WO
WO2022003609A1;79315654;WO
WO2025145004A1;94383779;WO
WO2025228840A1;90971397;WO
WO2025228441A2;95895698;WO
WO2025228668A1;91022671;WO
WO2025229308A1;91375493;WO
WO2025231018A2;95895579;WO
WO2025230358A1;97561683;WO
WO2025231085A1;95827569;WO
WO2025231388A1;97562366;WO
WO2025212708A2;97268136;WO
WO2024175111A2;90368657;WO
WO2024181391A1;92590653;WO
WO2024162889A1;89905981;WO
WO2024210530A1;92972226;WO
WO2024211480A2;90828964;WO
WO2024182314A2;92590422;WO
WO2024182571A2;92590464;WO
WO2024182184A1;92590839;WO
WO2025232027A1;91240995;WO
WO2025060642A1;91101384;WO
WO2022260480A1;84426211;WO
WO2022261030A1;84425447;WO
WO2022258056A1;82608084;WO
WO2022254021A1;82196319;WO
WO2022254250A1;84324058;WO
WO2022256283A2;82156350;WO
WO2022256303A1;84323524;WO
WO2022248237A1;82019634;WO
WO2025231447A1;97562313;WO
WO2024178223A1;90364463;WO
WO2024175051A1;92500272;WO
WO2025142818A1;96218038;WO
WO2022266316A1;84525862;WO
WO2025222258A1;97489090;WO
WO2025226971A1;97491020;WO
WO2025224155A1;90880516;WO
WO2025227105A1;97491082;WO
WO2025221925A1;97404351;WO
WO2025141105A1;89620027;WO
WO2025144972A1;96218736;WO
WO2025140434A1;96216820;WO
WO2025137872A1;96216297;WO
WO2024186601A1;92675423;WO
WO2024173777A1;90473524;WO
WO2024170770A1;90038457;WO
WO2024167289A1;92263086;WO
WO2024161398A1;92146057;WO
WO2024158836A2;91971139;WO
WO2024187174A2;90720896;WO
WO2024187037A1;92675516;WO
WO2024182749A1;92590902;WO
WO2024178336A2;92501814;WO
WO2024153801A1;85383159;WO
WO2024155924A2;91956632;WO
WO2024196753A2;92842271;WO
WO2024192379A1;92756130;WO
WO2024197320A2;92756072;WO
WO2024173439A2;90436515;WO
WO2024173380A2;92420653;WO
WO2024173719A1;92420686;WO
WO2025123544A1;90860132;WO
WO2025138610A1;90539412;WO
WO2023008925A1;85087974;WO
WO2024249685A2;93658854;WO
WO2024229377A1;93333412;WO
WO2024222686A1;93255608;WO
WO2024220746A2;91377013;WO
WO2024167945A1;90458656;WO
WO2024168238A2;92263604;WO
WO2024167872A1;92263419;WO
WO2024163651A2;90366606;WO
WO2025045136A1;90945944;WO
WO2025082371A1;90029373;WO
WO2022166210A1;75989286;WO
WO2024175903A2;85772422;WO
WO2024159321A1;92145686;WO
WO2024160204A1;92145833;WO
WO2024162652A1;92147066;WO
WO2024240212A1;93588956;WO
WO2024240080A1;93588924;WO
WO2024233864A2;91581113;WO
WO2024163762A2;92147342;WO
WO2024163644A1;90362984;WO
WO2025223229A1;97489315;WO
WO2025224230A1;95705304;WO
WO2025227104A1;97491074;WO
WO2024168484A1;92421951;WO
WO2022047105A2;80354048;WO
WO2024148300A1;89940859;WO
WO2024148227A2;91804265;WO
WO2024249680A2;93658856;WO
WO2024249240A2;91585574;WO
WO2024155631A1;91956487;WO
WO2024153245A1;91955373;WO
WO2023062366A1;78595075;WO
WO2025146138A1;96300120;WO
WO2025147541A1;96300705;WO
WO2024163370A1;92147540;WO
WO2024149282A1;91897889;WO
WO2024151770A2;91896444;WO
WO2024149986A1;89661984;WO
WO2024151988A1;91897716;WO
WO2024151788A2;91896450;WO
WO2024146935A1;85150606;WO
WO2025145262A1;96299935;WO
WO2023249714A1;89380395;WO
WO2022079222A1;73554337;WO
WO2024143276A1;91717985;WO
WO2024138255A1;91715882;WO
WO2024141476A1;89619787;WO
WO2024138672A1;91716193;WO
WO2024141901A1;89619046;WO
WO2024155770A2;91956546;WO
WO2024154075A1;89716046;WO
WO2024153586A1;85328663;WO
WO2025044766A1;89090318;WO
WO2025141163A2;89386182;WO
WO2025141016A1;89386179;WO
WO2022247629A1;77674536;WO
WO2024149286A1;91897898;WO
WO2022099794A1;74515549;WO
WO2024145446A1;91719250;WO
WO2024145249A1;91719151;WO
WO2022006436A2;79315578;WO
WO2024148174A1;91804253;WO
WO2025174774A1;94968899;WO
WO2025151661A1;96387628;WO
WO2025151495A1;96387483;WO
WO2025221814A1;97404323;WO
WO2025221822A1;97404325;WO
WO2025222124A1;97404431;WO
WO2025221697A1;95656236;WO
WO2025217494A1;97350752;WO
WO2025215130A1;91185579;WO
WO2025217610A1;97350696;WO
WO2023043239A1;85603235;WO
WO2023025161A1;85321548;WO
WO2023078099A1;83853212;WO
WO2023217209A1;82674798;WO
WO2023030246A1;85410844;WO
WO2023201294A1;86329119;WO
WO2023052317A1;78179173;WO
WO2022028457A1;80120005;WO
WO2022105903A1;74981485;WO
WO2025178127A1;96847307;WO
WO2025176158A1;96846473;WO
WO2025172378A1;94536468;WO
WO2025172372A1;94601601;WO
WO2025174777A1;96773954;WO
WO2025216296A1;97350536;WO
WO2025216124A1;97349978;WO
WO2025215060A1;95284514;WO
WO2025215514A1;95474617;WO
WO2025151729A1;96387546;WO
WO2025151408A1;96387491;WO
WO2025149946A1;96386467;WO
WO2025151407A1;96387461;WO
WO2025151707A1;94536322;WO
WO2025151380A1;96387485;WO
WO2023115786A1;79339215;WO
WO2024254941A1;88039073;WO
WO2024008114A1;87991201;WO
WO2024021433A1;86071262;WO
WO2024120405A1;85963821;WO
WO2025168134A1;96699235;WO
WO2025171376A1;96700739;WO
WO2025170027A1;96700122;WO
WO2025171234A1;94968550;WO
WO2025171280A1;94820861;WO
WO2025168224A1;89898036;WO
WO2022148311A1;77413503;WO
WO2024263685A2;93936270;WO
WO2022088692A1;74261473;WO
WO2022077968A1;74112816;WO
WO2024137726A2;91590068;WO
WO2024134505A1;84901612;WO
WO2024137703A1;89723201;WO
WO2024045251A1;86481347;WO
WO2024248547A1;93658215;WO
WO2023246750A1;89379148;WO
WO2024255759A1;93851390;WO
WO2024260452A1;93934846;WO
WO2025217304A1;97350353;WO
WO2025212707A2;97268137;WO
WO2025213136A1;97268210;WO
WO2022121658A1;75130780;WO
WO2024239571A1;88128394;WO
WO2024004779A1;89382261;WO
WO2025155911A1;94637660;WO
WO2022205578A1;77228287;WO
WO2024254091A1;93796100;WO
WO2024253741A1;90924501;WO
WO2024208377A1;87088474;WO
WO2024124660A1;86570845;WO
WO2024137660A2;91590023;WO
WO2024137534A1;91589956;WO
WO2024137590A2;89715835;WO
WO2025166217A1;96591485;WO
WO2025162915A1;94476497;WO
WO2024005265A1;85224039;WO
WO2025043931A1;88232668;WO
WO2024259190A2;93852914;WO
WO2024255846A1;93851345;WO
WO2022242060A1;77092117;WO
WO2022241922A1;77032166;WO
WO2025153088A1;96470728;WO
WO2024137376A1;91589903;WO
WO2024138152A1;89845402;WO
WO2024010480A1;87517196;WO
WO2024002093A1;89383009;WO
WO2024127026A1;85035661;WO
WO2024130904A1;86555750;WO
WO2025155732A1;96471910;WO
WO2025151895A1;96387593;WO
WO2025151083A1;96387974;WO
WO2025151406A1;96387462;WO
WO2024249782A2;93658448;WO
WO2024243694A1;93656288;WO
WO2024240230A1;93588957;WO
WO2024013734A1;87570051;WO
WO2024011135A2;89454110;WO
WO2024011118A2;89454135;WO
WO2024010971A1;89453970;WO
WO2024118592A2;91324823;WO
WO2022247295A1;77572098;WO
WO2024124836A1;85767023;WO
WO2024123646A2;89663286;WO
WO2024119481A1;91378305;WO
WO2024121293A1;89168005;WO
WO2024123866A1;89573969;WO
WO2024137527A1;89768426;WO
WO2024125556A1;91484444;WO
WO2024126654A1;84536128;WO
WO2024129710A1;91486285;WO
WO2024031008A2;89849895;WO
WO2024026565A1;89848184;WO
WO2024118922A1;89507433;WO
WO2024118503A1;91324879;WO
WO2024111623A1;91196171;WO
WO2024110565A1;89222198;WO
WO2024107636A2;91085322;WO
WO2024105063A1;84358293;WO
WO2024106545A1;91084602;WO
WO2024116397A1;91323162;WO
WO2024119145A1;89508999;WO
WO2024115635A1;84926635;WO
WO2024119009A1;91324971;WO
WO2024097916A2;90931654;WO
WO2024097263A1;89076312;WO
WO2024112758A1;91196585;WO
WO2024112937A2;91196696;WO
WO2024032608A1;89850956;WO
WO2024031192A1;89850116;WO
WO2025160090A1;96545851;WO
WO2025159427A1;96545600;WO
WO2024225799A1;93256814;WO
WO2024230620A1;93431284;WO
WO2024227458A2;93334020;WO
WO2024228943A1;91193581;WO
WO2022025146A1;80035752;WO
WO2024108217A1;89385986;WO
WO2024105673A1;91083911;WO
WO2024106930A1;91084758;WO
WO2024217382A1;93152044;WO
WO2024219840A1;93152840;WO
WO2024217152A2;93151959;WO
WO2024220863A1;93153228;WO
WO2024211596A1;92972878;WO
WO2024023174A2;83006115;WO
WO2024039776A2;88021105;WO
WO2024037577A1;89940735;WO
WO2024037578A1;88558526;WO
WO2024112865A1;89308132;WO
WO2024112877A1;89164574;WO
WO2024112568A1;91196524;WO
WO2024096856A1;90931245;WO
WO2024201525A2;90970771;WO
WO2024206673A2;92907680;WO
WO2024197280A1;92842553;WO
WO2024098061A2;89321942;WO
WO2024097719A1;89073423;WO
WO2024094858A1;84245673;WO
WO2024084394A1;88584870;WO
WO2024059714A1;90275913;WO
WO2024051765A1;90192074;WO
WO2024054571A1;90191771;WO
WO2024107652A1;91085364;WO
WO2024105001A1;89068546;WO
WO2024045192A1;90100203;WO
WO2024045077A1;90099889;WO
WO2024102965A1;91033628;WO
WO2024102808A2;91033566;WO
WO2024098116A1;91031558;WO
WO2025165394A2;96591272;WO
WO2024207619A1;87500926;WO
WO2024215825A1;93060072;WO
WO2024208588A1;90544607;WO
WO2024198712A1;87079076;WO
WO2024196082A1;92841864;WO
WO2024193827A1;85984949;WO
WO2024188173A1;92754306;WO
WO2024188174A1;92754372;WO
WO2024201423A2;92903490;WO
WO2024083220A1;90736956;WO
WO2024083746A1;83898285;WO
WO2024086830A2;90738444;WO
WO2024092256A2;89068462;WO
WO2025160574A1;96545904;WO
WO2025160169A1;96545819;WO
WO2025158200A1;94128481;WO
WO2025162482A1;96589617;WO
WO2024106421A1;91084437;WO
WO2024089258A1;84044921;WO
WO2024097718A1;88978440;WO
WO2022192286A1;83228258;WO
WO2024186922A2;92675700;WO
WO2024183497A1;92674085;WO
WO2024179573A1;92589868;WO
WO2024182446A2;90368097;WO
WO2024178502A1;92589053;WO
WO2024152391A1;87392813;WO
WO2024081851A2;90670224;WO
WO2024081847A1;88778634;WO
WO2024080776A1;90669970;WO
WO2024081511A2;90670101;WO
WO2024081954A2;88833991;WO
WO2024060649A1;90453824;WO
WO2024064661A2;90455377;WO
WO2024059910A1;90453506;WO
WO2024068010A1;84329653;WO
WO2024081899A1;90670289;WO
WO2024081884A1;90670265;WO
WO2024166019A1;92262448;WO
WO2024175113A1;92500248;WO
WO2024175087A1;92500252;WO
WO2024175586A2;85321107;WO
WO2024176153A1;90059365;WO
WO2024175707A1;89942555;WO
WO2024169770A1;92422222;WO
WO2024169306A1;92422183;WO
WO2024169908A1;92420871;WO
WO2024169907A1;92420869;WO
WO2025163526A1;94637488;WO
WO2022078479A1;81207710;WO
WO2024006830A1;87426763;WO
WO2024002006A1;89383280;WO
WO2024073618A2;90479287;WO
WO2024073609A2;90479288;WO
WO2024073603A2;90479238;WO
WO2024073596A2;90479223;WO
WO2024073589A2;90479274;WO
WO2024073595A2;90479219;WO
WO2024073735A2;90479172;WO
WO2024073093A2;90479305;WO
WO2024073604A2;90479255;WO
WO2024073592A2;90479201;WO
WO2024073756A2;90479189;WO
WO2024073412A2;90479346;WO
WO2024068997A2;84044389;WO
WO2024067885A1;90476441;WO
WO2024074670A1;83688665;WO
WO2024074668A1;83689088;WO
WO2024077109A1;88600179;WO
WO2024077291A2;90608870;WO
WO2024077025A1;88695457;WO
WO2024061157A1;90453848;WO
WO2024166110A1;92262525;WO
WO2024003260A1;87155603;WO
WO2024001170A1;89383869;WO
WO2024006799A1;87426640;WO
WO2024002165A1;89363761;WO
WO2024006813A2;89381712;WO
WO2024006826A1;87377730;WO
WO2024005158A1;89382509;WO
WO2024081861A1;90670231;WO
WO2024062489A1;90453939;WO
WO2024069229A2;90038462;WO
WO2024073386A1;90479136;WO
WO2022146195A1;82259585;WO
WO2022133230A1;80218400;WO
WO2022124760A1;81973411;WO
WO2024140596A1;91716412;WO
WO2024145290A2;89843442;WO
WO2024141031A1;91716511;WO
WO2024017263A1;89617167;WO
WO2024156083A1;91969840;WO
WO2024152775A1;91955258;WO
WO2024020451A2;89618631;WO
WO2024020366A1;89618567;WO
WO2024006361A1;89381400;WO
WO2024151942A2;90014531;WO
WO2024148236A1;91804354;WO
WO2024147060A1;89620196;WO
WO2024002045A1;89382876;WO
WO2024005715A1;89384330;WO
WO2024015640A2;89537401;WO
WO2024015796A1;87557887;WO
WO2024137663A2;91590029;WO
WO2024129886A2;91485883;WO
WO2024130142A2;89707784;WO
WO2024026418A1;89707365;WO
WO2024010524A1;89454809;WO
WO2024072224A2;85158415;WO
WO2024062126A1;83978550;WO
WO2024064309A1;90455101;WO
WO2024026440A1;89707377;WO
WO2024011150A2;89454151;WO
WO2024011249A1;89454236;WO
WO2024009306A1;89454495;WO
WO2024008759A1;82404001;WO
WO2024018266A1;89617249;WO
WO2024028476A1;83193296;WO
WO2024025951A1;89707144;WO
WO2024019762A1;84330597;WO
WO2024030929A1;89849802;WO
WO2024031101A1;87889626;WO
WO2024030985A1;87929311;WO
WO2024118979A1;91324956;WO
WO2024075760A1;90608068;WO
WO2024104663A1;84359232;WO
WO2024064764A2;90455285;WO
WO2024064736A1;88505167;WO
WO2024092105A2;90832080;WO
WO2024089663A1;88975521;WO
WO2024086551A1;90738508;WO
WO2024086713A1;90738369;WO
WO2024086756A1;90738434;WO
WO2024073705A1;90479154;WO
WO2024072890A1;90478990;WO
WO2024017817A1;82655271;WO
WO2024019137A1;89617881;WO
WO2024049357A1;90100474;WO
WO2024050553A1;90098814;WO
WO2024047160A1;83151943;WO
WO2024026345A2;89707315;WO
WO2024033895A2;89851095;WO
WO2024035613A1;89852326;WO
WO2024033896A1;89851107;WO
WO2024033174A1;82899130;WO
WO2024013752A1;89536192;WO
WO2024035952A1;87889432;WO
WO2024036186A2;89852488;WO
WO2024031188A1;89850105;WO
WO2024107993A1;89308445;WO
WO2024099975A1;88745659;WO
WO2024102746A1;91033454;WO
WO2024058008A1;90274866;WO
WO2024059719A2;90275895;WO
WO2024040040A2;89942380;WO
WO2024040255A2;89942358;WO
WO2024037521A1;89940708;WO
WO2024040148A1;89942288;WO
WO2024044792A1;88097564;WO
WO2024040531A1;84047721;WO
WO2024057280A1;88197356;WO
WO2024059309A1;90275725;WO
WO2024062413A1;88236476;WO
WO2024043833A1;90014174;WO
WO2024044770A1;88197222;WO
WO2024109722A1;91195278;WO
WO2025165064A1;96591150;WO
WO2025162216A1;96589595;WO
WO2024054867A1;88237762;WO
WO2022165538A1;82653988;WO
WO2022157772A1;80786893;WO
WO2022152869A1;80119695;WO
WO2025166174A1;96591472;WO
WO2025166253A1;96591509;WO
WO2025166269A1;94768237;WO
WO2024101944A1;91033240;WO
WO2024101446A1;91032603;WO
WO2024097954A1;89190499;WO
WO2024093907A1;90929756;WO
WO2024093947A1;90929757;WO
WO2024063570A1;90455020;WO
WO2024062487A1;90453951;WO
WO2024054825A1;88207753;WO
WO2024106815A1;91084780;WO
WO2025247332A1;97869551;WO
WO2025252669A1;91670460;WO
WO2025255388A1;96429458;WO
WO2025252152A1;97960115;WO
WO2025245370A1;96091407;WO
WO2025242689A1;96171448;WO
WO2022252097A1;84322629;WO
WO2024134502A1;84547245;WO
WO2024125636A1;91484399;WO
WO2024129931A1;89768318;WO
WO2024120412A1;91378582;WO
WO2025206105A1;97216000;WO
WO2025202340A2;90923825;WO
WO2025207561A1;95398667;WO
WO2025206398A1;97219571;WO
WO2025110115A1;95826818;WO
GB2615880A;85035817;GB
GB2629617A;86763249;GB
GB2636076A;89429113;GB
GB2635104A;88412836;GB
GB2596659A;71520614;GB
GB2623570A;84818652;GB
GB2604297A;76657985;GB
GB2634172A;86497990;GB
GB2638211A;94687967;GB
GB2621159A;84546097;GB
GB2626866A;85156401;GB
GB2606472A;82740521;GB
GB2629721A;85221984;GB
GB2631890A;93934581;GB
GB2596975A;70550948;GB
GB2618915A;86763244;GB
GB2635849A;88834632;GB
GB2628464A;80004157;GB
GB2599884A;65439262;GB
GB2632175A;87851996;GB
GB2620948A;84540384;GB
AU2025203784A1;75478225;AU
AU2024219341A1;63856915;AU
AU2022200873A1;43050437;AU
AU2020319911A1;74228530;AU
AU2020321466A1;71728746;AU
AU2020323541A1;74230843;AU
AU2020313255A1;74210830;AU
AU2023201014A1;50943629;AU
AU2023217592A1;46639720;AU
AU2024203173A1;53039535;AU
AU2024205862A1;60952211;AU
AU2024204904A1;65723422;AU
AU2025203423A1;67479895;AU
AU2025200209A1;58717821;AU
AU2024278345A1;56855841;AU
AU2022364838A1;84360072;AU
AU2022352799A1;85720075;AU
AU2023268503A1;88731022;AU
AU2023269864A1;88731144;AU
AU2020285252A1;68002847;AU
AU2021245344A1;70978427;AU
AU2023283361A1;89118860;AU
AU2023225791A1;87766699;AU
AU2022395876A1;86538879;AU
AU2024203407A1;69230474;AU
AU2021225272A1;70807552;AU
AU2022301058A1;84692959;AU
AU2022209830A1;82549244;AU
AU2022287326A1;82558096;AU
AU2022265493A1;75728613;AU
AU2024265748A1;91465569;AU
AU2024200142A1;57983478;AU
AU2023431270A1;90590535;AU
AU2020307686A1;68069437;AU
AU2020410993A1;74194695;AU
AU2020407072A1;76478085;AU
AU2020412619A1;74184944;AU
AU2020406068A1;68917692;AU
AU2020401936A1;76328967;AU
AU2020403469A1;68835082;AU
AU2023236844A1;85781906;AU
AU2023235302A1;85979575;AU
AU2023236560A1;85985283;AU
AU2021358781A1;78695785;AU
AU2021337226A1;80490708;AU
AU2021267362A1;71080347;AU
AU2021471586A1;86158394;AU
AU2022375767A1;86158535;AU
AU2020408301A1;69904109;AU
AU2023220122A1;87579075;AU
AU2023244351A1;86054072;AU
AU2023239149A1;86271326;AU
AU2022424380A1;84981849;AU
AU2022425519A1;85227207;AU
AU2022399905A1;78820190;AU
AU2022402987A1;86613147;AU
AU2021288648A1;78845321;AU
AU2022370530A1;84358528;AU
AU2020414395A1;69005556;AU
AU2022368937A1;86059738;AU
AU2022368855A1;86059666;AU
AU2021473848A1;86336336;AU
AU2022377400A1;86157477;AU
AU2022354260A1;85783658;AU
AU2025226744A1;45218873;AU
AU2022329834A1;85239632;AU
AU2021284377A1;76921296;AU
AU2021280414A1;78745690;AU
AU2020416619A1;69055899;AU
AU2022316149A1;83004543;AU
AU2021232029A1;75252841;AU
AU2020404905A1;76437193;AU
AU2022339968A1;85411628;AU
AU2021211931A1;74285514;AU
AU2022352676A1;84053050;AU
AU2020363391A1;75437497;AU
AU2021209076A1;76864262;AU
AU2020336121A1;72433052;AU
AU2020371928A1;68296279;AU
AU2020329286A1;72243237;AU
AU2020334880A1;72560889;AU
AU2020295796A1;71786989;AU
AU2020297008A1;71786990;AU
AU2022379624A1;84367496;AU
AU2022200547A1;87560431;AU
AU2020256848A1;72750793;AU
AU2020275301A1;73289300;AU
AU2020269078A1;73050454;AU
AU2022312494A1;82850241;AU
AU2021213317A1;69528721;AU
AU2022349576A1;85720085;AU
AU2020358016A1;73038388;AU
AU2022312501A1;83188125;AU
AU2022306692A1;84802089;AU
AU2022307934A1;84802085;AU
AU2022309238A1;84802101;AU
AU2022307086A1;84802088;AU
AU2022306307A1;84802097;AU
AU2022303140A1;82742808;AU
AU2022298641A1;84544753;AU
AU2022313872A1;84979544;AU
AU2022326458A1;83151401;AU
AU2020384935A1;73455726;AU
AU2020381988A1;69811792;AU
AU2020380245A1;75848061;AU
AU2022312170A1;76958869;AU
AU2022299035A1;84544739;AU
AU2022402159A1;86613118;AU
AU2022294088A1;84527627;AU
AU2022284878A1;82492623;AU
AU2021224271A1;74875337;AU
AU2021224760A1;74875299;AU
AU2022349448A1;85721132;AU
AU2023248681A1;81307329;AU
AU2022293669A1;84527350;AU
AU2025204746A1;59923530;AU
AU2022352668A1;83689627;AU
AU2022348141A1;85602461;AU
AU2022328347A1;83192185;AU
AU2022323090A1;83005925;AU
AU2022368922A1;86059712;AU
AU2022370883A1;84360886;AU
AU2022305653A1;82701681;AU
AU2022203678A1;57217350;AU
AU2022203170A1;56919407;AU
AU2022202413A1;58640637;AU
AU2022201807A1;52392421;AU
AU2022203490A1;50483469;AU
AU2022202011A1;51391784;AU
AU2022202991A1;48366565;AU
AU2020345317A1;74866171;AU
AU2020345037A1;67956585;AU
AU2021286295A1;54396953;AU
AU2022203946A1;49383986;AU
AU2023249804A1;88243879;AU
AU2023251118A1;88243871;AU
AU2021361037A1;78725612;AU
AU2020341254A1;74851934;AU
AU2020341808A1;74853040;AU
AU2020319876A1;72088399;AU
AU2022310516A1;84919666;AU
AU2022310525A1;84919689;AU
AU2020401145A1;76329502;AU
AU2020380380A1;75849293;AU
AU2020371736A1;75620892;AU
AU2023276484A1;86899243;AU
AU2023274930A1;81850245;AU
AU2021230501A1;77612777;AU
AU2021227185A1;75439442;AU
AU2022201684A1;88097002;AU
AU2020356931A1;75336645;AU
AU2020352441A1;75166066;AU
AU2022286420A1;84324589;AU
AU2022276078A1;84083631;AU
AU2020335996A1;72243257;AU
AU2020330133A1;72322528;AU
AU2021286445A1;82220043;AU
AU2022358732A1;85804745;AU
AU2022360382A1;83995553;AU
AU2022324003A1;83151961;AU
AU2022314619A1;84979577;AU
AU2022316139A1;82850071;AU
AU2022303164A1;82701605;AU
AU2023300752A1;89382932;AU
AU2023295010A1;89192290;AU
AU2021238319A1;77768304;AU
AU2021257414A1;78083446;AU
AU2021209995A1;76993139;AU
AU2021230473A1;77614463;AU
AU2022202820A1;57516401;AU
AU2021290224A1;59900921;AU
AU2021286276A1;59852024;AU
AU2021337595A1;80492176;AU
AU2021272832A1;78525840;AU
AU2021266145A1;70482325;AU
AU2023285014A1;86861958;AU
AU2023312939A1;82742722;AU
AU2023311008A1;89618411;AU
AU2023306387A1;87557468;AU
AU2025201434A1;77924418;AU
AU2023306595A1;87517132;AU
AU2021260581A1;78270051;AU
AU2021251780A1;78023484;AU
AU2021263554A1;75919437;AU
AU2021248941A1;75660333;AU
AU2024227156A1;78725771;AU
AU2025204994A1;81207449;AU
AU2022202491A1;56990688;AU
AU2024267108A1;79287643;AU
AU2020376840A1;73544314;AU
AU2020364248A1;75436777;AU
AU2020343255A1;72521735;AU
AU2020325060A1;74502442;AU
AU2022204722A1;55752785;AU
AU2023278067A1;57137272;AU
AU2022294075A1;84526597;AU
AU2022384619A1;78598914;AU
AU2022368927A1;86059695;AU
AU2025259971A1;68985225;AU
AU2020298038A1;66998234;AU
AU2021265579A1;75787159;AU
AU2021263433A1;78374023;AU
AU2025200543A1;80355439;AU
AU2021260967A1;76829578;AU
AU2021286287A1;54602192;AU
AU2022202365A1;47391267;AU
AU2022201595A1;46932295;AU
AU2023325054A1;88092865;AU
AU2023321711A1;89852451;AU
AU2021280233A1;76502835;AU
AU2021275643A1;78708140;AU
AU2021274944A1;76845263;AU
AU2021277407A1;78707682;AU
AU2021270895A1;78525449;AU
AU2023368775A1;90829602;AU
AU2022257002A1;83639690;AU
AU2020328511A1;74357636;AU
AU2020283128A1;73553927;AU
AU2020283038A1;73554194;AU
AU2022410845A1;85036477;AU
AU2020288555A1;73653367;AU
AU2020301419A1;71614959;AU
AU2021313057A1;79729849;AU
AU2021297475A1;76921368;AU
AU2021393417A1;79021842;AU
AU2022203571A1;51402315;AU
AU2024205692A1;55351241;AU
AU2021365822A1;78622038;AU
AU2021324841A1;80248188;AU
AU2024203392A1;53784400;AU
AU2020299621A1;71738305;AU
AU2023233180A1;59499992;AU
AU2023200995A1;65722312;AU
AU2023248138A1;54602195;AU
AU2023200132A1;50678278;AU
AU2022279381A1;49484030;AU
AU2022246786A1;81388848;AU
AU2023208539A1;87349101;AU
AU2023263519A1;60388127;AU
AU2021313058A1;79728348;AU
AU2022348935A1;85721285;AU
AU2021214553A1;76213226;AU
AU2023283551A1;87136773;AU
AU2023285630A1;89117198;AU
AU2023262033A1;88519734;AU
AU2023255494A1;88420548;AU
AU2023253657A1;88330318;AU
AU2023253710A1;88330384;AU
AU2023252927A1;88330392;AU
AU2023254798A1;86330765;AU
AU2024204952A1;61007854;AU
AU2022303358A1;84692073;AU
AU2022345881A1;83690455;AU
AU2020292370A1;73781877;AU
AU2020298647A1;74100241;AU
AU2020391206A1;74046136;AU
AU2020389794A1;76128571;AU
AU2020391144A1;76130683;AU
AU2020392185A1;74068295;AU
AU2020388330A1;75981318;AU
AU2020392220A1;74046138;AU
AU2021205842A1;70120562;AU
CA3233706A1;85783698;CA
CA3187388A1;77398661;CA
CA3216089A1;83723215;CA
CA3190594A1;77519815;CA
CA3272944A1;89977905;CA
CA3248210A1;87073088;CA
CA3220550A1;91130022;CA
CA3192949A1;78709494;CA
CA3228823A1;83508899;CA
CA3173359A1;84426394;CA
CA3218561A1;81984815;CA
CA3220351A1;84229158;CA
CA3213391A1;81579536;CA
CA3213865A1;81384663;CA
CA3240651A1;86774893;CA
CA3212877A1;83397965;CA
CA3213673A1;81580318;CA
CA3214000A1;83456737;CA
CA3185959A1;79554257;CA
CA3187977A1;80037351;CA
CA3181364A1;71574948;CA
CA3246861A1;88243740;CA
CA3220916A1;76502649;CA
CA3216839A1;81749386;CA
CA3219942A1;84028798;CA
CA3218247A1;82016194;CA
CA3222546A1;76355258;CA
CA3217131A1;81748790;CA
CA3214988A1;90458704;CA
CA3187366A1;80036796;CA
CA3185583A1;77499885;CA
CA3225436A1;84544860;CA
CA3223978A1;84543721;CA
CA3220708A1;82358605;CA
CA3130929A1;85556876;CA
CA3180836A1;84358103;CA
CA3215836A1;82067447;CA
CA3185348A1;77519885;CA
CA3224600A1;82703082;CA
CA3204317A1;81213673;CA
CA3204779A1;74285275;CA
CA3226800A1;85088306;CA
CA3224134A1;82595183;CA
CA3144063A1;74040507;CA
CA3223263A1;84544036;CA
CA3247237A1;97680139;CA
CA3213282A1;79293461;CA
CA3148635A1;80448910;CA
CA3149005A1;82693783;CA
CA3222816A1;84545809;CA
CA3174095A1;84544941;CA
CA3135708A1;85936762;CA
CA3229020A1;83691543;CA
CA3190101A1;77398656;CA
CA3190097A1;80120017;CA
CA3187159A1;82548289;CA
CA3265304A1;88295643;CA
CA3250061A1;86760635;CA
CA3247417A1;86272086;CA
CA3221245A1;82156425;CA
CA3266843A1;83228876;CA
CA3198526A1;78845131;CA
CA3158703A1;83916065;CA
CA3139046A1;79163869;CA
CA3202097A1;74046798;CA
CA3276262A1;89222465;CA
CA3199441A1;81601766;CA
CA3198433A1;79425665;CA
CA3225015A1;84919019;CA
CA3191332A1;81384340;CA
CA3192372A1;78080560;CA
CA3108537A1;74561741;CA
CA3189077A1;78135129;CA
CA3189073A1;78080509;CA
CA3189081A1;80629918;CA
CA3189065A1;78078423;CA
CA3149764A1;81075475;CA
CA3197311A1;81456778;CA
CA3197283A1;81458636;CA
CA3228402A1;78649710;CA
CA3174068A1;79554340;CA
CA3186950A1;77338925;CA
CA3198061A1;81127083;CA
CA3197664A1;81126250;CA
CA3181682A1;79556008;CA
CA3194894A1;81126070;CA
CA3186752A1;79728346;CA
CA3186629A1;79729542;CA
CA3186366A1;72339468;CA
CA3196338A1;81291034;CA
CA3236838A1;86158676;CA
CA3186952A1;77338924;CA
CA3209305A1;87762654;CA
CA3198227A1;81127042;CA
CA3193967A1;78008188;CA
CA3191214A1;80491445;CA
CA3182592A1;78080481;CA
CA3190794A1;77595500;CA
CA3187220A1;77543589;CA
CA3199678A1;78819940;CA
CA3259686A1;89381575;CA
CA3199807A1;86382917;CA
CA3259881A1;87556451;CA
CA3267171A1;95556906;CA
NZ748858A;86613253;NZ
NZ757218A;80679538;NZ
NZ775701A;50694004;NZ
NZ753018A;51843959;NZ
NZ732101A;50928262;NZ
NZ724277A;54359499;NZ
NZ765010A;54767574;NZ
NZ735738A;53016243;NZ
NZ770463A;68987149;NZ
NZ715151A;52144275;NZ
NZ716816A;52587489;NZ
NZ734329A;84527780;NZ
NZ771926A;92840566;NZ
NZ775044A;70774613;NZ
NZ733844A;56789889;NZ
NZ741841A;57138067;NZ
NZ753783A;60915610;NZ
NZ781070A;94170860;NZ
NZ739902A;56682277;NZ
NZ720971A;52278793;NZ
NZ785763A;95782119;NZ
NZ747314A;60041243;NZ
NZ776080A;86613248;NZ
NZ764110A;90670430;NZ
NZ776256A;70463345;NZ
NZ720286A;53479686;NZ
CN115463148A;84363498;CN
KR20220166490A;84535324;KR
CN115491377A;84464658;CN
CN115487306A;85116211;CN
CN115491375A;84464578;CN
CN115491409A;84467613;CN
CN115487150A;85116225;CN
CN117645999A;90047595;CN
CN117646002A;90047610;CN
CN117646001A;90044891;CN
CN117659151A;90070348;CN
CN117660464A;90070312;CN
CN117660434A;90077489;CN
CN117683774A;90139523;CN
CN117683772A;90136706;CN
CN117683773A;90136736;CN
CN117721108A;90199292;CN
CN117737095A;90252484;CN
CN117777264A;90378729;CN
CN117778373A;90389634;CN
CN117778387A;90386389;CN
CN117512013A;89750011;CN
CN117535260A;89781792;CN
CN117535259A;89793082;CN
CN117551674A;89820143;CN
CN117561335A;89821983;CN
CN117580951A;89884945;CN
CN117568377A;89862153;CN
CN117587043A;89918890;CN
CN117587018A;89921998;CN
CN117603958A;89959046;CN
CN117603976A;89957561;CN
CN117625630A;90027735;CN
CN117646005A;90044006;CN
CN117646000A;90049225;CN
CN117844857A;90530383;CN
CN117859740A;90589697;CN
CN117887724A;90650892;CN
CN117946897A;90800266;CN
CN117965326A;90862318;CN
CN117959324A;90850462;CN
CN117965553A;90846031;CN
CN117965542A;90851113;CN
CN117987494A;90886260;CN
CN117987560A;90893189;CN
CN118006623A;90954744;CN
CN117327700A;89278687;CN
TW202402306A;86604531;TW
CN117417918A;89528319;CN
CN117427089A;89556088;CN
CN117431261A;89558205;CN
CN117448427A;89595608;CN
CN117467667A;89628945;CN
CN118006668A;90942855;CN
CN118006600A;90943383;CN
CN118006621A;90951271;CN
CN118006622A;90955885;CN
CN118028295A;90998350;CN
CN118048420A;91050381;CN
CN118064431A;91108892;CN
CN118064430A;91101661;CN
CN118076361A;91106222;CN
KR20240072349A;91321150;KR
KR20240072350A;91320833;KR
CN118086290A;91157968;CN
CN118109460A;91211024;CN
CN118109462A;91219982;CN
CN118126152A;91246350;CN
CN118127021A;91230399;CN
CN118147155A;91289405;CN
CN118176300A;91347200;CN
CN118185949A;91395499;CN
CN118185962A;91405805;CN
CN118207180A;91451250;CN
CN118215735A;91452797;CN
CN118207217A;91451209;CN
CN118207208A;91452974;CN
CN118222535A;91512575;CN
CN118222578A;91510011;CN
CN118240849A;91559663;CN
JP2024105396A;66001358;JP
CN117467659A;83385790;CN
CN118265786A;91603711;CN
CN118256495A;91611892;CN
CN118256523A;91606675;CN
KR20240099516A;91944575;KR
CN118291477A;91687663;CN
CN118291478A;91679683;CN
CN118308352A;91730012;CN
CN118326006A;91772456;CN
CN118325902A;91777834;CN
CN118345082A;91816958;CN
CN118345081A;91817873;CN
CN118360375A;91882065;CN
TW202417627A;92074236;TW
CN118995924A;93477348;CN
CN118369105A;91883717;CN
CN118369104A;91877113;CN
CN118373897A;91908378;CN
CN118374492A;91911621;CN
CN118389524A;92006639;CN
CN118389504A;91997001;CN
CN118389515A;92007776;CN
CN118406682A;91982379;CN
CN118440945A;92317484;CN
CN118440881A;92314482;CN
CN118452217A;92162997;CN
CN118480550A;92190713;CN
CN118497237A;92231150;CN
CN118516353A;92276588;CN
CN118516355A;92277797;CN
KR20240177739A;94080618;KR
PL449128A1;98772964;PL
PL449127A1;98772963;PL
PL449126A1;99313362;PL
CN119224298A;94040092;CN
CN119220724A;94047146;CN
CN118525852A;92380136;CN
CN118562889A;92470094;CN
CN118562835A;92462920;CN
CN118562803A;92471061;CN
CN118562804A;92469313;CN
CN118613583A;92554265;CN
CN118599834A;92556535;CN
CN118632936A;92606926;CN
CN118620089A;92608084;CN
CN118638652A;92667196;CN
CN118638793A;92671414;CN
CN118649251A;92701613;CN
CN118652895A;92701351;CN
CN118652896A;92703825;CN
CN119162347A;93881224;CN
CN119165021A;93877346;CN
CN118667825A;92729452;CN
CN118684753A;92775931;CN
KR20240141134A;92913473;KR
CN118703470A;92815462;CN
CN118703505A;92821564;CN
CN118726368A;92848210;CN
CN118726369A;92845151;CN
KR20240147748A;93117651;KR
CN118755728A;92938613;CN
CN118792305A;93033943;CN
CN118792306A;93033941;CN
CN119120648A;93750549;CN
CN119120473A;93766173;CN
CN118879714A;93219066;CN
CN118879698A;93220393;CN
CN118895314A;93267957;CN
CN118895273A;93268695;CN
CN118922537A;93307412;CN
CN118955591A;93397123;CN
CN118956975A;93404468;CN
CN118957023A;93393434;CN
CN118995716A;93486177;CN
CN119074756A;93698596;CN
CN119082359A;93693032;CN
CN119082271A;93700696;CN
CN119082286A;93696539;CN
CN119082114A;93699529;CN
CN119101722A;93713306;CN
CN119101724A;93709706;CN
CN119101500A;93720386;CN
KR20240172701A;93850144;KR
CN119101089A;93714731;CN
CN119061195A;93646928;CN
CN222093095U;93626813;CN
CN119060116A;93643844;CN
CN119060399A;93639295;CN
CN119061196A;93635846;CN
KR20240170683A;93848552;KR
CN118995733A;93472804;CN
CN118995700A;93479036;CN
CN118995720A;93494187;CN
CN119040359A;93569335;CN
CN119040339A;93572735;CN
CN119040321A;93586576;CN
CN119061019A;93641317;CN
CN119061002A;93640869;CN
CN119082287A;93698219;CN
CN119081978A;93692844;CN
CN119082109A;93694914;CN
CN119082146A;93698900;CN
CN118987015A;93487558;CN
CN118995719A;93482058;CN
CN118987016A;93476798;CN
CN118995718A;93491000;CN
CN119019475A;93525983;CN
PL445011A1;93706869;PL
PL448520A1;93706876;PL
CN119120681A;93762924;CN
CN119120485A;93752129;CN
CN119144693A;93801241;CN
CN119143888A;93815316;CN
CN119143986A;93816509;CN
CZ38328U1;93934606;CZ
CZ38329U1;93934598;CZ
CN119177232A;93899406;CN
CN119193455A;94062720;CN
CN119193584A;94059569;CN
CN119220579A;93941640;CN
CN119220658A;93941050;CN
CN119220550A;94047733;CN
JP2024019733A;59846644;JP
CN118384268A;62111274;CN
JP2024086876A;66173364;JP
CN118996012A;93487265;CN
CN118995787A;93490745;CN
CN118987194A;93491168;CN
CN118987195A;93480989;CN
CN118995884A;93476295;CN
CN118995997A;93475213;CN
CN118995900A;93486250;CN
JP2024063095A;67908052;JP
ZA202101153B;69645056;ZA
JP2024149701A;70612465;JP
CN118974252A;93402771;CN
CN118957040A;93383487;CN
CN118974275A;93397248;CN
CN118957070A;93404030;CN
CN118957039A;93404726;CN
CN118955581A;93386788;CN
CN118956872A;93385297;CN
CN118979040A;93451778;CN
CN118909758A;93309965;CN
CN118922543A;93299804;CN
CN118914544A;93297762;CN
CN118922554A;93299866;CN
CN118910245A;93299184;CN
CN118910046A;93311608;CN
CN118932029A;93344608;CN
CN117327690A;89290864;CN
CN117362445A;89404713;CN
CN117363626A;89401526;CN
CN117384905A;89466733;CN
CN117379550A;89463765;CN
CN117402897A;89486542;CN
CN117402900A;89486540;CN
CN117402911A;89489014;CN
CN117402898A;89499445;CN
CN117430715A;89556163;CN
CN117440817A;89546623;CN
CN117471099A;89631777;CN
CN117535289A;89788745;CN
CN117551183A;89819444;CN
CN117551652A;89816276;CN
CN118879833A;93225422;CN
CN118883936A;93227955;CN
CN118878594A;93221641;CN
CN118873686A;93234460;CN
CN118878604A;93228956;CN
SE2350529A1;91022881;SE
CN118896923A;93264793;CN
CN117603990A;89948780;CN
CN117603998A;89946398;CN
CN117625644A;90030107;CN
CN117625626A;90032460;CN
CN117651769A;90046492;CN
CN117651768A;90048223;CN
CN117660475A;90067209;CN
CN117700506A;90156301;CN
CN117721156A;90209048;CN
CN118843698A;93142961;CN
CN118841094A;93147834;CN
CN118834257A;93137695;CN
CN118831351A;93142016;CN
CN118866096A;93158328;CN
CN118866128A;93162294;CN
CN118853661A;93162404;CN
CN118853666A;93163643;CN
CN117720631A;90198471;CN
CN117751187A;90283503;CN
CN117751189A;90277899;CN
CN117756899A;90314894;CN
CN117802147A;90431589;CN
CN117821479A;90508139;CN
CN117821453A;90514292;CN
CN117858947A;90530708;CN
CN117866961A;90592958;CN
CN117866953A;90583520;CN
LU505264B1;90720565;LU
CN118813871A;93082515;CN
CN118813614A;93080874;CN
CN118817655A;86053855;CN
CN118755808A;92947866;CN
CN118758917A;92943883;CN
CN118754922A;92951113;CN
JP2024143318A;92977642;JP
CN118754921A;92944169;CN
KR20240149152A;93117748;KR
CN118773192A;92983249;CN
CN118773345A;92979394;CN
CN117866976A;90576570;CN
CN117887727A;90651238;CN
CN117904014A;90690223;CN
CN117904182A;90689615;CN
CN117912569A;90685643;CN
CN117904113A;90686814;CN
CN117947020A;90801279;CN
CN117947046A;90799402;CN
CN117965544A;90853539;CN
CN117965545A;90859850;CN
CN117987461A;90896505;CN
CN117987564A;90891723;CN
CN117987420A;90901302;CN
CN118028356A;90985704;CN
CN118697863A;92805107;CN
CN118707003A;92822444;CN
CN118726539A;92855181;CN
CN118718004A;92848604;CN
CN118726364A;92854890;CN
CN118726541A;92845229;CN
CN118028350A;90990341;CN
CN118048359A;91053486;CN
CN118048363A;91049102;CN
CN118048310A;91051392;CN
CN118048374A;91051099;CN
CN118086319A;91156008;CN
CN118127017A;91245466;CN
CN118126981A;91243717;CN
CN118127055A;91229916;CN
CN118147150A;91290998;CN
CN118147229A;91292788;CN
CN118147207A;91290457;CN
CN118165090A;91359717;CN
CN118185928A;91391665;CN
CN118679175A;92726951;CN
CN118666926A;92721918;CN
CN118680948A;92770452;CN
CN118685411A;92775967;CN
CN118685561A;92766432;CN
CN118185929A;91412695;CN
CN118185940A;91392649;CN
CN118207249A;91449588;CN
KR20240087553A;91712862;KR
KR20240086750A;91712600;KR
CN118240729A;91553829;CN
CN118240861A;91551697;CN
CN118638786A;92665741;CN
CN118647625A;92666396;CN
CN118638166A;92663235;CN
CN221693423U;92641739;CN
CN118638171A;92663770;CN
CN118652996A;92701466;CN
CN221714285U;92692020;CN
CN118667028A;92730551;CN
CN118667920A;92722780;CN
CN118256545A;91610298;CN
CN118272432A;91645171;CN
CN118272371A;91641257;CN
CN118308319A;91726614;CN
CN118344452A;91823991;CN
CN118360283A;91880379;CN
CN118369112A;91885526;CN
CN118360312A;91880049;CN
CN118389525A;91997658;CN
CN118615969A;92600668;CN
CN118632930A;92606908;CN
CN118647721A;84818524;CN
CN118638901A;92665019;CN
CN118638913A;92666742;CN
CN118638918A;92659967;CN
CN118421686A;92315801;CN
CN118421685A;92310368;CN
CN221449552U;92371072;CN
CN118460540A;92160768;CN
CN118480548A;92193799;CN
CN118496332A;92245368;CN
CN118497206A;92233414;CN
CN118501457A;92233702;CN
CN118497201A;92244687;CN
CN118516412A;92276769;CN
CN118516358A;92285034;CN
CN118531001A;92385091;CN
CN118561940A;92462313;CN
PL447422A1;92593952;PL
CN118581196A;92529934;CN
CN118580286A;92525253;CN
CN118576615A;92536795;CN
CN118576614A;92533904;CN
CN118598929A;92561960;CN
CN118600110A;92551642;CN
CN118530987A;92380441;CN
JP2024115527A;92499215;JP
CN118549391A;92450580;CN
CN118546924A;92445216;CN
CN118546925A;92445381;CN
CN118562988A;92476527;CN
CN118530321A;92381030;CN
CN118531023A;92387710;CN
CN118541485A;92384750;CN
CN118546957A;92455493;CN
CN118546958A;92450024;CN
CN118546935A;92446469;CN
CN118562818A;92470900;CN
CN118599859A;92565701;CN
CN118638778A;92670115;CN
CN118638869A;92670767;CN
CN118638802A;92669924;CN
CN118647384A;92667991;CN
CN118501458A;92230191;CN
CN118510522A;92243346;CN
CN118496347A;92239274;CN
CN118496291A;92228078;CN
CN118518662A;92285086;CN
CN118531119A;92380539;CN
CN118652887A;92701105;CN
CN118652318A;92704858;CN
CN118667843A;92731185;CN
CN118684754A;92766766;CN
CN118685418A;92772284;CN
CN118703561A;92807931;CN
CN118703560A;92818347;CN
CN118726361A;92859112;CN
CN118726360A;92856602;CN
CN118745430A;92920304;CN
KR20240121143A;92378050;KR
CN118460678A;92165720;CN
CN118460591A;92167517;CN
CN118475695A;92165481;CN
CN118460775A;92149284;CN
CN118483409A;92188501;CN
CN118755709A;92939007;CN
CN118773235A;92988973;CN
CN118787647A;93028056;CN
CN118813677A;93077997;CN
CN118853738A;93181863;CN
CN118853737A;93157306;CN
CN118853748A;93157745;CN
CN118879702A;93218733;CN
CN118879758A;93228085;CN
CN118895286A;93269248;CN
CN118910068A;93303984;CN
CN118910059A;93296180;CN
CN118421625A;92306389;CN
CN118421627A;92334673;CN
CN118440954A;92319458;CN
CN118450896A;92333809;CN
CN118441025A;92317674;CN
CN118441016A;92329210;CN
CN118436794A;92318420;CN
CN118451184A;92318255;CN
JP2024102393A;91968783;JP
JP2024102397A;91968788;JP
JP2024102396A;91968787;JP
JP2024102394A;91968720;JP
JP2024102384A;91968636;JP
JP2024102381A;91968805;JP
KR102690306B1;92377181;KR
CN118434425A;92321959;CN
CN118421631A;92331367;CN
CN118416022A;92306167;CN
CN118475357A;92026156;CN
CN118932072A;93351804;CN
CN118932061A;93356609;CN
CN118955667A;93392334;CN
CN118956870A;93383194;CN
CN118956899A;93383664;CN
CN118956940A;93394099;CN
CN118979042A;93449948;CN
CN118979049A;93448516;CN
CN118978580A;93450643;CN
CN118995704A;93481166;CN
CN118995827A;93491716;CN
CN119019354A;93526040;CN
CN119040389A;93569345;CN
CN118384276A;91998947;CN
CN118401677A;91998127;CN
CN118389721A;91993039;CN
CN118389642A;92005466;CN
CN118401666A;91996325;CN
CN118389688A;91984933;CN
CN118403152A;92000209;CN
CN118403002A;92000261;CN
CN118403065A;91983403;CN
CN118406752A;92004194;CN
JP2024102395A;91968785;JP
JP2024102380A;91968806;JP
CN118366517A;91885567;CN
CN221358862U;91858852;CN
CN118362668A;91886225;CN
CN118355921A;91881049;CN
CN118370764A;91911068;CN
CN119061012A;93636603;CN
CN119061021A;93633790;CN
CN119061047A;93642379;CN
CN119061008A;93634231;CN
CN119082130A;93662250;CN
CN119082298A;93691513;CN
CN119120572A;93757329;CN
CN119120459A;93756196;CN
CN119120458A;93768975;CN
CN119152929A;93811300;CN
CN119144712A;93811468;CN
CN119162005A;93878501;CN
CN119177234A;93898587;CN
CN118304392A;91725888;CN
CN118311267A;91723301;CN
CN118311179A;91729455;CN
JP2024095136A;91809642;JP
CN118320875A;91769611;CN
CN118324834A;91775467;CN
CN221333591U;91836983;CN
CN118355117A;91818463;CN
CN119220549A;93940985;CN
CN119220473A;94048344;CN
CN118516352A;57756718;CN
JP2024153831A;60784523;JP
CN117357552A;61619661;CN
JP2024147806A;61899311;JP
JP2024045454A;64316974;JP
ZA202002107B;66332849;ZA
JP2024091644A;65003422;JP
JP2024096920A;69952527;JP
JP2024129091A;69160318;JP
CN118562796A;71614277;CN
CN119074939A;72116389;CN
KR20240116426A;77890438;KR
CN118275670A;91639774;CN
CN118271378A;91643135;CN
TN2022000332A1;93564212;TN
CN118291444A;91673372;CN
CN118302538A;91680539;CN
CN118290506A;91675319;CN
CN118308464A;91729037;CN
CN118256595A;91604010;CN
CN118257005A;91604564;CN
KR20240098236A;91669072;KR
CN118256607A;91605600;CN
KR20240098237A;91669289;KR
CN118256467A;91612342;CN
CN118265724A;91603709;CN
CN118256633A;91601105;CN
KR20240098249A;91669374;KR
CN118265789A;91609574;CN
CN118272502A;91642002;CN
CN118271203A;91638847;CN
CN118284690A;91636372;CN
CN118272492A;91649110;CN
CN118272490A;91633735;CN
CN118267395A;91646397;CN
KR20240116686A;79317662;KR
CN117756866A;87470713;CN
CN117327797A;89283427;CN
CN117327018A;89289925;CN
CN117327707A;89279411;CN
CN117323439A;89277062;CN
CN117338927A;89357169;CN
CN117343932A;89365398;CN
CN117362390A;89402878;CN
CN117363617A;89393936;CN
CN117362389A;89404684;CN
FR3144165A1;86469022;FR
CN117363614A;89397161;CN
CN117363615A;89389878;CN
CN117398403A;89499475;CN
CN117414467A;89528393;CN
CN117417498A;89525388;CN
NL2032385B1;83438812;NL
CN117431246A;89547946;CN
CN117431243A;89552455;CN
CN118207273A;91446023;CN
CN118222684A;91505951;CN
CN118225940A;91500683;CN
KR20240094138A;91711245;KR
CN118240949A;91549699;CN
CN118240812A;91553187;CN
CN118251240A;91562952;CN
CN118251489A;91552980;CN
CN118240962A;91555539;CN
KR102678676B1;91689387;KR
CN118161623A;91354184;CN
JP2024079633A;91391113;JP
CN118185944A;91415239;CN
CN118185933A;91411491;CN
CN118191166A;91405315;CN
CN118179371A;91404192;CN
CN118215471A;82117703;CN
CN117448326A;89591906;CN
CN117442637A;89588209;CN
CN117448328A;89580962;CN
CN117448358A;89592331;CN
CN117448322A;89582380;CN
CN117448333A;89583105;CN
CN117448334A;89594849;CN
CN117462684A;89625221;CN
CN117462740A;89627526;CN
CN117466880A;89626499;CN
CN117467708A;89623038;CN
CN117487810A;89683265;CN
CN117487802A;89678867;CN
CN117511939A;89759131;CN
CN118159289A;91293395;CN
CN118147281A;91291433;CN
CN118150742A;91295729;CN
CN221085587U;91314152;CN
CN118147148A;91296741;CN
CN118146285A;91285078;CN
CN118146277A;91286292;CN
CN118147133A;91287619;CN
CN118166158A;91345896;CN
CN118176299A;91360858;CN
CN118109512A;91219580;CN
CN118109614A;91219843;CN
CN118109598A;91210838;CN
CN221045563U;91222084;CN
CN118109538A;91212120;CN
CN118112115A;91211343;CN
TW202421173A;91280259;TW
CN118139629A;91247644;CN
CN118127134A;91230306;CN
CN118127003A;91235661;CN
CN118127002A;91238246;CN
CN117512087A;89748339;CN
CN117511944A;89748977;CN
CN117545509A;89794377;CN
CN117535406A;89794520;CN
CN117535287A;89781249;CN
CN117551653A;89812899;CN
CN117568436A;89890832;CN
CN117580820A;89890464;CN
CN117568462A;89885422;CN
CN118064561A;91107787;CN
CN118086286A;91159220;CN
CN118086467A;91144858;CN
CN221015964U;91137266;CN
CN118091110A;91150694;CN
CN221015962U;91182050;CN
CN117568344A;89863769;CN
CN117582419A;89917512;CN
CN117587011A;89911195;CN
CN117587012A;89909513;CN
CN117587006A;89908686;CN
CN117603119A;89945050;CN
CN117599078A;89956740;CN
CN117599184A;89951181;CN
CN117615790A;89948411;CN
CN117604038A;89956705;CN
CN117603972A;89952751;CN
CN117603971A;89945456;CN
JP2024066550A;91067509;JP
CN118048441A;91047651;CN
CN220969066U;91035853;CN
CN118050441A;91051244;CN
CN118047824A;91044920;CN
JP2024070748A;91128638;JP
CN118019847A;90950453;CN
CN118028425A;90996857;CN
CN118043078A;90984398;CN
CN118027198A;90995875;CN
CN118028431A;90983200;CN
CN118028411A;90985702;CN
CN118027158A;90988553;CN
CN118021839A;90994190;CN
JP2024066659A;91067602;JP
CN117625770A;90034500;CN
CN117625601A;90015332;CN
CN117625783A;90020557;CN
CN117625622A;90030301;CN
CN117625608A;90029622;CN
CN117625609A;90024516;CN
CN117646006A;90047749;CN
CN117645995A;90045683;CN
CN117660627A;90078593;CN
CN117658840A;90069338;CN
CN117660449A;90076157;CN
CN117653655A;90084328;CN
CN117980498A;90850121;CN
CN117964667A;90857699;CN
CN117965535A;90863446;CN
CN117987520A;90893179;CN
CN117982524A;90892396;CN
CN118001293A;90943635;CN
CN118006602A;90945441;CN
CN118006735A;90953719;CN
CN118006738A;90959016;CN
KR20240055235A;90883635;KR
KR20240055233A;90883846;KR
RO138121A2;90825791;RO
CN117947029A;90803125;CN
CN220860712U;90810241;CN
TW202417049A;92074393;TW
CN117969854A;90845329;CN
CN117653653A;90075976;CN
CN117660541A;90072771;CN
CN117679515A;90138266;CN
CN117683882A;90137226;CN
CN117679434A;90125799;CN
CN117679435A;90127124;CN
CN117695405A;90157626;CN
CN117695244A;90161579;CN
CN117701702A;90143830;CN
CN117701640A;90158448;CN
CN117701568A;90161801;CN
CN117721116A;90201301;CN
CN117907453A;90695319;CN
KR20240052677A;90881043;KR
CN117925783A;90768254;CN
CN117940580A;90767015;CN
CN117935904A;90768344;CN
CN117919168A;90751534;CN
CN117924577A;90767992;CN
CN117919207A;90754932;CN
CN117737244A;90252549;CN
CN117731616A;90250253;CN
CN117737073A;90251888;CN
CN117737058A;90258000;CN
CN117757847A;90317658;CN
CN117757789A;90320515;CN
CN117757790A;90315213;CN
CN117778384A;90389750;CN
CN117778393A;90392070;CN
CN117778462A;90388737;CN
CN117802164A;90429661;CN
CN117797275A;90423054;CN
CN117887709A;90642166;CN
CN117897484A;90649342;CN
CN117897161A;90651103;CN
JP2024055041A;90716675;JP
CN117904204A;90689453;CN
CN117813383A;90425258;CN
KR20240044392A;90637756;KR
CN117815256A;90523577;CN
CN117821457A;90503763;CN
CN117867117A;90591179;CN
CN117867116A;90584088;CN
CN117866948A;90580774;CN
CN117867662A;90583995;CN
CN117871648A;90593454;CN
CN117881796A;90588814;CN
CN117881427A;90588770;CN
CN220758078U;90611177;CN
CN117867123A;90594611;CN
CN117867170A;90588923;CN
CN117836413A;90519528;CN
CN117821616A;90517917;CN
CN117821422A;90508837;CN
CN117821223A;90512191;CN
CN117836426A;90521148;CN
CN117821589A;90503673;CN
CN117821452A;90516096;CN
CN117820397A;90510989;CN
CN117838859A;90536724;CN
JP2024049175A;90609738;JP
CN117843975A;90541183;CN
CN117838866A;90530227;CN
CN117838654A;90531285;CN
CN117838870A;90534318;CN
CN117839586A;90530079;CN
CN117844804A;90535314;CN
CN117844809A;90534227;CN
CN117881782A;90597202;CN
CN117866956A;90587118;CN
CN117866955A;90589103;CN
CN117890603A;90639170;CN
CN117887718A;90641439;CN
CN117887714A;90646279;CN
CN117904104A;90684486;CN
CN117904105A;90687721;CN
CN117805393A;90431359;CN
CN117802207A;90420950;CN
CN117801043A;90431046;CN
MY202096A;90885673;MY
CN117904110A;90690405;CN
CN117917398A;90730049;CN
CN117925608A;90758462;CN
CN117925617A;90758963;CN
CN117942317A;90802244;CN
CN117947024A;90797171;CN
CN117959326A;90852625;CN
CN117959438A;90857450;CN
CN117778528A;90387565;CN
RO138058A0;90458829;RO
CN117771346A;90399641;CN
MA63062A1;91034141;MA
CN117777481A;90385389;CN
CN117813092A;90428493;CN
CN117797249A;90420937;CN
CN117802241A;90426964;CN
CN117959267A;90863926;CN
CN117982656A;90897393;CN
CN117987542A;90898427;CN
CN117987412A;90887806;CN
CN118006601A;90947786;CN
CN118005805A;90953126;CN
CN118006610A;90950037;CN
CN118006599A;90956885;CN
CN118028297A;91002013;CN
CN118028296A;90985764;CN
CN117737222A;90261459;CN
CN117737233A;90261458;CN
KR20240038203A;90473729;KR
CN220657480U;90335717;CN
CN117757984A;90326105;CN
CN117756873A;90318117;CN
CN117757906A;90321096;CN
CN117756872A;90324012;CN
CN117753333A;90310715;CN
CN117756871A;90321961;CN
CN117701658A;90154551;CN
TW202411432A;91228022;TW
CN117717565A;90200303;CN
CN117717564A;90207458;CN
CN117720604A;90202395;CN
JP2024039229A;90326441;JP
CN117737238A;90252207;CN
CN117736256A;90258485;CN
CN117731635A;90253770;CN
CN118045041A;91050924;CN
CN118048456A;91047656;CN
CN118059061A;91096100;CN
KR20240072931A;91321253;KR
CN118068003A;91104825;CN
KR20240073225A;91321039;KR
CN118059044A;91097719;CN
KR20240072315A;91321204;KR
CN118086492A;91164558;CN
CN118079027A;91141380;CN
CN117660688A;90071311;CN
CN117660686A;90084432;CN
CN117683914A;90135959;CN
CN117683932A;90126404;CN
CN117683724A;90131397;CN
GR20230100349A;90276046;GR
CN117693367A;90128723;CN
CN117679436A;90132610;CN
CN117679433A;90132613;CN
CN117701699A;90149026;CN
CN117706081A;90158377;CN
CN117701360A;90158438;CN
TW202408490A;91228305;TW
CN117625353A;90028157;CN
TW202408581A;91228196;TW
KR20240028093A;90298529;KR
CN117677694A;90069942;CN
CN117665147A;90070239;CN
CN117660444A;90085388;CN
CN117665146A;90070237;CN
CN117660447A;90067152;CN
CN118086404A;91160620;CN
CN118086289A;91159063;CN
CN118079081A;91143432;CN
CN118078776A;91160712;CN
CN118079024A;91160752;CN
CN118078753A;91159262;CN
CN118086291A;91154346;CN
CN118086310A;91142263;CN
CN118086299A;91147143;CN
CN118086311A;91152020;CN
CN118098357A;91148561;CN
CN118086211A;91162284;CN
CN118105525A;91215273;CN
CN118105357A;91213339;CN
CN117604076A;89956469;CN
CN117625763A;87845851;CN
CN117625764A;87845824;CN
CN117630369A;90030373;CN
CN117625695A;90017603;CN
CN117642508A;90030816;CN
CN117619296A;90030049;CN
CN117580950A;89862988;CN
CN117563014A;89890712;CN
CN220496169U;89873963;CN
JP7433684B1;89904453;JP
CN117568339A;89888705;CN
KR20240023247A;90052766;KR
CN117597444A;89913803;CN
CN117582508A;89917404;CN
CN117616135A;89956599;CN
CN118108671A;91218595;CN
CN118109463A;91218104;CN
CN118121720A;91243746;CN
CN118121619A;91245229;CN
CN118127025A;91244345;CN
CN118127010A;91236633;CN
CN118127018A;91230110;CN
CN118141764A;91289594;CN
CN118146284A;91294954;CN
CN118141820A;91289473;CN
CN118141828A;91301609;CN
CN118155730A;91294812;CN
CN118165987A;91348627;CN
CN118161518A;91354304;CN
JP2024018236A;89807315;JP
CN117535264A;89792841;CN
CN117535265A;89781949;CN
CN117554516A;89810534;CN
TW202406576A;90822618;TW
CN117487887A;89683632;CN
CN117487884A;89669562;CN
CN117546249A;89673099;CN
CN117487806A;89680798;CN
CN117517657A;89742391;CN
CN117512142A;89761372;CN
CN117529488A;89757103;CN
MY201147A;90921545;MY
JP2024017648A;89807764;JP
CN118161616A;91356520;CN
CN118165990A;91360762;CN
CN118185938A;91394405;CN
CN118178322A;91409383;CN
CN118185934A;91402546;CN
CN118178674A;91407182;CN
CN118185028A;91402682;CN
CN118186011A;91400694;CN
CN118178344A;91407831;CN
CN118202055A;91404080;CN
CN118185945A;91400000;CN
CN118185932A;91409809;CN
CN118202054A;91400538;CN
CN118202053A;91414465;CN
CN118185943A;91407157;CN
CN117448434A;89595451;CN
CN117448472A;89580439;CN
CN117448467A;89581170;CN
CN117448316A;89578736;CN
CN117462701A;89632507;CN
CN117467724A;89573689;CN
CN117467664A;89632630;CN
CN118206762A;91446834;CN
CN118203649A;91448494;CN
CN118206597A;91445352;CN
CN118203655A;91455768;CN
MX2024006755A;92542224;MX
CN118222488A;91508902;CN
CN118239946A;91552812;CN
CN118240765A;91559435;CN
CN118236346A;91561493;CN
CN118240821A;91553929;CN
CN118256500A;91608578;CN
CN118275678A;91647542;CN
KR20240009008A;89716471;KR
CN117431222A;89554709;CN
CN117431223A;89557815;CN
CN118272374A;91644655;CN
CN118267356A;91633021;CN
CN118286157A;91681947;CN
CN118286396A;91682190;CN
CN118291474A;91687776;CN
CN118286455A;91680606;CN
CN118286248A;91680584;CN
CN118291460A;91684101;CN
CN118291467A;91683832;CN
CN118304413A;91725563;CN
CN118307423A;91729239;CN
CN118304423A;91731005;CN
CN117385477A;89435847;CN
CN117385083A;89440967;CN
CN117396606A;89439645;CN
CN117384899A;89435243;CN
CN117385063A;89467282;CN
KR20240006722A;89719391;KR
CN117402945A;89493621;CN
CN117402873A;89495008;CN
KR102625649B1;89713378;KR
CN117352056A;89366715;CN
CN117355534A;89365426;CN
CN117343119A;89367831;CN
JP2024000313A;89384675;JP
JP2024000311A;89384671;JP
CN117368464A;89395771;CN
CN117363649A;89389869;CN
CN117358168A;89391288;CN
CN117363767A;89408151;CN
CN118304317A;91725480;CN
CN118308358A;91723514;CN
CN118320088A;91771965;CN
CN118326027A;91781489;CN
CN118326036A;91768717;CN
CN118340739A;91812911;CN
CN118340745A;91823916;CN
CN118360285A;91877897;CN
CN118360406A;91887064;CN
CN118360340A;91887481;CN
CN118360282A;91882260;CN
CN118356412A;91886711;CN
CN118370765A;91910999;CN
CN118374495A;91904650;CN
CN118384291A;91996647;CN
CN118384177A;92006335;CN
CN118384288A;91993595;CN
DE202024102878U1;92422946;DE
CN118414428A;92032820;CN
CN118403164A;91988758;CN
CN118421746A;92325670;CN
CN118416089A;92306050;CN
CN118416070A;92320448;CN
CN118421622A;92035318;CN
TW202411424A;81941129;TW
TW202411425A;88919304;TW
JP2024000312A;89379488;JP
CN117327818A;89275416;CN
CN117327771A;89289309;CN
PL441574A1;89473596;PL
CN118440938A;92313593;CN
CN118460537A;92162899;CN
CN118460651A;92165269;CN
CN118460603A;92160630;CN
CN118460654A;92162305;CN
CN118460722A;92163763;CN
CN118460544A;92160855;CN
CN118460652A;92168780;CN
CN118460653A;92164139;CN
CN118460655A;92164309;CN
CN118453895A;92162552;CN
CN118477092A;92191417;CN
CN118490637A;92228105;CN
TW202400187A;81585836;TW
TW202400792A;86710745;TW
TW202409276A;82308571;TW
KR20240124200A;92586483;KR
CN118490826A;92237728;CN
CN118490840A;92245497;CN
CN118490708A;92236514;CN
CN118490838A;92243486;CN
CN118497200A;92230216;CN
CN118497202A;92244919;CN
CN118515856A;92274050;CN
CN118516413A;92283371;CN
CN118512592A;92275980;CN
CN118516350A;92281721;CN
CN118512399A;92283260;CN
CN118516357A;92282205;CN
CN118516408A;92279355;CN
CN118516356A;92277879;CN
TW202405172A;81306758;TW
CN117750962A;88361421;CN
CN117580846A;88517944;CN
TW202400790A;88517765;TW
TW202406557A;86771292;TW
CN118531034A;92392440;CN
CN118546927A;92445787;CN
CN118557735A;92471423;CN
CN118562801A;92465097;CN
CN118562805A;92472853;CN
CN118581048A;92533455;CN
CN118576616A;92527255;CN
CN118581089A;92525495;CN
IL315995A;88243447;IL
CN118593535A;92548141;CN
CN118600005A;92566788;CN
CN118599838A;92566018;CN
CN118593695A;92559529;CN
CN118599839A;92551521;CN
CN118615257A;92602947;CN
CN118615495A;92594730;CN
CN118620061A;92596874;CN
CN118620899A;92603978;CN
CN118638920A;92665861;CN
CN118871994A;85873964;CN
CN119137283A;87851174;CN
CN118638785A;92668677;CN
CN118638794A;92671607;CN
CN118652840A;92704713;CN
CN118667815A;92721241;CN
CN118662523A;92724318;CN
CN118662443A;92720175;CN
CN118662654A;92723738;CN
CN118662657A;92723813;CN
CN118685404A;92773794;CN
CN118681037A;92775847;CN
CN118684884A;92765702;CN
CN118613268A;85278330;CN
CN118056910A;84331037;CN
CN118703492A;92814947;CN
CN118717988A;92858066;CN
CN118731369A;92848919;CN
CN118726582A;92856355;CN
CN118717790A;92854071;CN
CN118726565A;92865842;CN
CN118726351A;92861437;CN
CN118726490A;92863575;CN
CN118726358A;92869234;CN
CN118718016A;92857918;CN
CN118718005A;92848080;CN
CN118745442A;92919295;CN
CN118434860A;78957536;CN
CN118489009A;78957291;CN
CN118541484A;78957359;CN
CN118382461A;86947523;CN
MX2024007908A;85199427;MX
CN118265799A;86903697;CN
CN118745223A;92919866;CN
KR20240146190A;93113548;KR
CN118755828A;92946384;CN
CN118750616A;92950757;CN
CN118750601A;92948097;CN
CN118755727A;92941875;CN
CN118773215A;92991905;CN
CN118777607A;92979863;CN
CN118773197A;92995025;CN
CN118766868A;92987315;CN
CN118791393A;93030812;CN
CN117581303A;84688336;CN
MX2024006612A;86613046;MX
CN118434858A;78824743;CN
CN117751410A;86775331;CN
CN118401539A;85157049;CN
CN118382697A;78957193;CN
CN118791542A;93029193;CN
CN118787638A;93029704;CN
CN118787659A;93030855;CN
CN118812615A;93070302;CN
CN118806908A;93082778;CN
CN118812614A;93081571;CN
CN118806894A;93064233;CN
CN118806917A;93080167;CN
CN118813612A;93063771;CN
CN118813613A;93079632;CN
CN118813716A;93081802;CN
CN118834256A;93148231;CN
CN118318042A;78516663;CN
JP2024000499A;86378114;JP
CN118215744A;86336792;CN
CN117813281A;78725368;CN
CN118834255A;93143151;CN
CN118834250A;93144608;CN
CN118834875A;93138687;CN
CN118834865A;93138001;CN
CN118858654A;93173404;CN
CN118852299A;93162744;CN
CN118853870A;93179140;CN
CN118853662A;93161799;CN
CN118853673A;93163933;CN
CN118853660A;93164144;CN
CN118853667A;93156717;CN
CN118853668A;93168893;CN
CN118879697A;93223261;CN
CN118879701A;93220656;CN
CN118895275A;93264901;CN
MX2024005332A;86158573;MX
CN118139988A;84389339;CN
IL311568A;83995343;IL
CN118076736A;85781381;CN
CN118056018A;85804701;CN
CN118103384A;78718400;CN
KR20240159793A;93462694;KR
CN118909033A;93301964;CN
CN118910052A;93304619;CN
CN118931971A;93361682;CN
CN118931903A;93350245;CN
CN118955595A;93393696;CN
CN118956976A;93401700;CN
CN118956863A;93388043;CN
CN118949060A;93403329;CN
CN118948762A;93391592;CN
CN118976124A;93451132;CN
CN118976041A;93449894;CN
CN117897613A;84044060;CN
CN117957330A;83689525;CN
CN117980494A;78333023;CN
CN118103385A;84043862;CN
CN118139987A;85721051;CN
CN118976117A;93447013;CN
CN118979036A;93450531;CN
CN118979038A;93449252;CN
CN118994229A;93478756;CN
CN118994230A;93469505;CN
CN118986927A;93485168;CN
CN118987065A;93491144;CN
CN118987257A;93471618;CN
CN118995714A;93482758;CN
CN118994011A;93471873;CN
CN118995721A;93494186;CN
CN118995705A;93475362;CN
CN119020355A;93529560;CN
CN119015427A;93528803;CN
CN119015428A;93529632;CN
CN119020363A;93537358;CN
CN117858961A;85322847;CN
CN118434751A;85411590;CN
CN117897498A;83438623;CN
CN118202066A;85410714;CN
CN118510907A;84360852;CN
CN117916389A;83447918;CN
CN119020360A;93528418;CN
CN119020361A;93527376;CN
CN119033802A;93569653;CN
CN119033971A;93581509;CN
CN119040330A;93584110;CN
CN119040329A;93579867;CN
CN119033805A;93570685;CN
CN119061072A;93641148;CN
CN119055594A;93645282;CN
CN119061016A;93646982;CN
CN119061009A;93643553;CN
CN118043459A;83149339;CN
CN118056017A;83193221;CN
CN119082108A;93661219;CN
CN119074943A;93665623;CN
CN119082106A;93701186;CN
CN119081100A;93663683;CN
CN119082103A;93699954;CN
CN119097727A;93720405;CN
CN119097724A;93721136;CN
JP2024172058A;93798305;JP
JP2024172827A;93798774;JP
CN117580952A;84919035;CN
CN117813391A;82932448;CN
CN117813118A;83050149;CN
CN118103507A;85088235;CN
CN118043476A;83149004;CN
CN117480254A;84691597;CN
MX2023015520A;83004986;MX
CN117940117A;84690596;CN
CN118401553A;84802094;CN
CN117979994A;84800934;CN
CN119113124A;93763476;CN
CN119113129A;93769605;CN
CN119113127A;93765437;CN
CN119119152A;93770027;CN
CN119112933A;93760860;CN
CN119119153A;93771129;CN
CN119120480A;93764120;CN
CN119120482A;93755524;CN
CN119113106A;93749144;CN
CN119120477A;93758766;CN
CN119112802A;93762677;CN
CN119113132A;93758411;CN
CN119119157A;93759748;CN
CN119113136A;93767642;CN
CN119119155A;93754761;CN
CN119120373A;93752793;CN
CN119112791A;93747256;CN
CN119120481A;93764148;CN
CN119120475A;93749671;CN
CN119139476A;93805993;CN
CN119144718A;93804786;CN
CN119144601A;93816275;CN
CN119144605A;93812540;CN
CN119144604A;93809112;CN
CN119162105A;93882934;CN
CN119162171A;93879334;CN
CN119158019A;93890642;CN
CN119162186A;93890301;CN
CN119162185A;93884196;CN
CN119162180A;93886694;CN
CN119162182A;93885424;CN
CN119174778A;93899889;CN
CN119185591A;94056125;CN
CN119185574A;94040943;CN
CN119185552A;94060782;CN
CN119185587A;94061253;CN
CN119193588A;94056104;CN
CN119193589A;94041500;CN
CN119185555A;94056924;CN
CN119185352A;94075139;CN
CN119215168A;94066415;CN
CN119215183A;94067440;CN
CN119215179A;94066346;CN
CN115804843A;85481757;CN
CN116004543A;86028610;CN
CN116059367A;86177607;CN
CN116327951A;86880488;CN
CN116790631A;88037112;CN
CN117025619A;88636563;CN
CN117244067A;89135930;CN
CN116622710A;87636223;CN
CN117100874A;88809827;CN
CN115957342A;87360717;CN
CN117180299A;88991533;CN
CN115927208A;86696512;CN
CN115768887A;70333782;CN
CN116157019A;78524985;CN
CN115807048A;85482374;CN
CN115927312A;86698155;CN
CN116003494A;86026526;CN
CN116019932A;86070476;CN
CN116064516A;86170570;CN
CN116200384A;86513646;CN
KR20230096851A;86903228;KR
CN116536314A;87446195;CN
CN116589551A;87597831;CN
JP2023117238A;87579840;JP
CN116656675A;87708510;CN
CN116837070A;88172467;CN
CN116837071A;88168849;CN
JP2023142546A;88206031;JP
CN116930488A;88384934;CN
CN117460841A;83228539;CN
CN117025591A;88639934;CN
MX2018007942A;46146824;MX
JP2023098926A;72238925;JP
MX2022015819A;78845931;MX
CN115717144A;85253968;CN
CN115725724A;85294579;CN
CN115721716A;85292649;CN
CN115725656A;85292150;CN
CN115747337A;85345517;CN
CN115820632A;85523096;CN
CN115887470A;86483814;CN
CN115887480A;86471433;CN
CN115896111A;86494047;CN
CN115927306A;86551218;CN
CN116036121A;86119158;CN
CN116042724A;86115704;CN
CN116064549A;86172829;CN
CN116173059A;86431710;CN
CN116240211A;86627377;CN
CN116262920A;86722394;CN
CN116298284A;86785651;CN
CN116270733A;86780324;CN
CN116270707A;86778824;CN
CN116355906A;86933352;CN
CN116396475A;87018567;CN
CN116479106A;87222123;CN
CN116555411A;87492110;CN
CN116589595A;87589186;CN
CN116585286A;87588740;CN
CN116650658A;87727149;CN
CN116726174A;87907021;CN
CN116763929A;88009978;CN
CN116808214A;88111714;CN
CN116814619A;88124899;CN
CN116870194A;88261080;CN
CN117045790A;88659582;CN
CN117050120A;88668004;CN
CN117065020A;88701107;CN
CN117085136A;88775568;CN
CN117106892A;88812144;CN
CN117205324A;89040489;CN
CN116036117A;55697082;CN
LT3607068T;61899310;LT
CN116144653A;63930142;CN
JP2023090959A;71889082;JP
JP2023152619A;81867406;JP
CN115746118A;85371496;CN
CN115786343A;85439543;CN
CN115807017A;85484801;CN
CN115851584A;85674916;CN
CN115851783A;85670800;CN
CN115869388A;85765617;CN
CN115960954A;87360576;CN
CN115976051A;85957066;CN
CN116042614A;86122429;CN
CN116041465A;86129169;CN
CN116200409A;86515440;CN
CN116218886A;86573758;CN
CN116286815A;86782363;CN
CN116267920A;86793215;CN
CN116286872A;86830696;CN
CN116355902A;86938504;CN
CN116411027A;87058754;CN
NL2030573B1;87378604;NL
CN116491520A;87321955;CN
CN116515831A;87403892;CN
CN116574714A;87540374;CN
CN116732245A;87913990;CN
CN116732042A;87909715;CN
CN116732041A;87908851;CN
JP2023128256A;87972140;JP
CN116769823A;87985680;CN
CN116819097A;88140753;CN
CN116814448A;88115984;CN
CN116837021A;88170555;CN
CN116875610A;88255778;CN
CN116949053A;88457011;CN
CN116949010A;88455440;CN
CN117025742A;88634388;CN
CN117187093A;88991763;CN
CN117264961A;89213112;CN
TW202317151A;61006326;TW
CN116434833A;87080643;CN
MY199389A;60051497;MY
KR20230002140A;74129882;KR
MY204210A;78468176;MY
JP2024160385A;75870629;JP
CN115558669A;84737862;CN
CN115572775A;84583922;CN
CN115590038A;84842198;CN
KR102496921B1;85220994;KR
CN115717147A;85255952;CN
CN115717146A;85255948;CN
CN115786348A;85427851;CN
CN115786199A;85441730;CN
CN115812699A;85533085;CN
CN115838731A;85574964;CN
CN115838723A;85576345;CN
JP2024059839A;77490338;JP
CN115851733A;85671508;CN
CN115851716A;85660671;CN
CN115896123A;86472700;CN
CN115895917A;86475094;CN
CN115896117A;86496121;CN
KR20230045883A;85884354;KR
KR20230045886A;85884279;KR
KR20230045889A;85884420;KR
KR20230045893A;85884482;KR
KR20230045892A;85884556;KR
KR20230045891A;85884466;KR
JP2024026825A;76234799;JP
CN115927384A;86553135;CN
CN115925856A;86549497;CN
CN115927357A;86651432;CN
CN115927339A;86557298;CN
CN115925859A;86651045;CN
CN115948393A;87295724;CN
CN115960891A;87362224;CN
CN115960908A;87362358;CN
CN115976103A;85975433;CN
CN116004614A;86027266;CN
CN116004538A;86026380;CN
CN116042616A;86117129;CN
CN116042620A;86128958;CN
CN119224296A;71100749;CN
JP2024161362A;69469244;JP
CN118079011A;71841304;CN
JP2024178415A;72941425;JP
JP2024012280A;73744745;JP
PT4220360T;56943436;PT
JP2024111074A;69525927;JP
JP2024119882A;67841155;JP
JP2024038106A;69525636;JP
JP2024091781A;69591162;JP
JP2024178439A;68104813;JP
ZA202101298B;69951906;ZA
JP2024003157A;68281954;JP
JP2024174889A;68468848;JP
JP2024164112A;68502056;JP
CN118904316A;71073193;CN
CN116064679A;86182673;CN
CN116064420A;86170766;CN
CN116098233A;86260479;CN
CN116103302A;86261657;CN
CN116144684A;86357365;CN
CN116144646A;86357007;CN
CN116162627A;86410022;CN
CN116179610A;86433828;CN
CN116171942A;86446279;CN
CN116179608A;86445510;CN
CN116200385A;86515436;CN
CN116210716A;86590752;CN
CN116218919A;86579426;CN
SA520420620B1;68617387;SA
JP2024161413A;67211813;JP
JP2024012460A;66668952;JP
JP2024123017A;68842359;JP
ZA202007682B;68987235;ZA
JP2024038076A;69182364;JP
JP2024160282A;63113391;JP
JP2024164003A;63363853;JP
CN116240210A;86625650;CN
CN116254239A;86687878;CN
CN116265581A;86743810;CN
CN116286813A;86787514;CN
CN116267811A;86825146;CN
CN116286818A;86829707;CN
CN116376916A;86974222;CN
CN116396966A;87015283;CN
CN116411089A;87057679;CN
CN116426541A;87080042;CN
CN116444676A;87124902;CN
JP2024156786A;61563209;JP
JP2024056718A;68467110;JP
JP2024026274A;62217792;JP
JP2024079842A;68540760;JP
CN118048419A;65995252;CN
JP2024023235A;66333370;JP
CN117323424A;65031763;CN
CN119193868A;65139285;CN
JP2024023388A;61283585;JP
CN116463345A;87178065;CN
CN116463341A;87181297;CN
CN116515881A;87402314;CN
CN116515828A;87396623;CN
CN116515845A;87399914;CN
CN116536307A;87452028;CN
CN116536306A;87453941;CN
CN116555236A;87494867;CN
CN116590266A;87594245;CN
CN116589552A;87589122;CN
CN117701566A;59771647;CN
JP2024020326A;65040594;JP
JP2024028231A;65271710;JP
CN118581197A;59996851;CN
JP2024023199A;63684417;JP
CN117778545A;59713905;CN
CN118345073A;63896482;CN
CN116606871A;87675976;CN
CN116606851A;87684493;CN
CN116622743A;87616482;CN
CN116650655A;87711978;CN
CN116716296A;87866757;CN
CN116716297A;87874128;CN
CN116716307A;87873470;CN
CN116716295A;87872216;CN
CN116716269A;87872248;CN
CN116744941A;87901646;CN
CN116751798A;87955483;CN
CN116751769A;87949143;CN
CN116769800A;87994145;CN
CN116769839A;87992138;CN
CN117624310A;62711123;CN
KR20240010750A;63039118;KR
PT3576753T;61163718;PT
JP2024056807A;59398721;JP
JP2024088716A;59563243;JP
JP2024099661A;59626355;JP
JP2024029178A;59295175;JP
JP2024102041A;56360269;JP
ZA201902079B;61619722;ZA
CN116769810A;88011794;CN
CN116769005A;88005859;CN
CN116790639A;88048299;CN
CN116790638A;88050101;CN
CN116790679A;88040752;CN
CN116814657A;88118318;CN
CN116814624A;88125504;CN
CN116814641A;88115006;CN
CN116837036A;88162692;CN
CN116875612A;88271691;CN
CN116891900A;88311346;CN
CN116903736A;88367848;CN
CN116926149A;88393171;CN
JP2024084827A;57757423;JP
CN117778536A;58270407;CN
JP2024114703A;58348016;JP
ZA201803854B;55132611;ZA
CN116949051A;88454278;CN
CN116970623A;88476483;CN
CN116970615A;88472018;CN
CN116987695A;88520296;CN
CN117004671A;88572971;CN
CN117025561A;88621486;CN
CN117025611A;88626518;CN
CN117025617A;88623444;CN
CN117089547A;88769632;CN
CN117106052A;88800201;CN
CN117120610A;88804260;CN
CN117143879A;88900331;CN
CN117178996A;89000163;CN
CN117178982A;88985820;CN
CN117187209A;88983863;CN
CN117187278A;88994378;CN
CN117210462A;89034656;CN
CN117230114A;89089898;CN
CN117230064A;89093646;CN
CN117230065A;89081804;CN
CN117247943A;89136783;CN
CN117264953A;89200013;CN
JP2024026210A;55653846;JP
JP2024160269A;55747561;JP
CN117296835A;89236563;CN
CN117305300A;89245209;CN
CN117305338A;89245935;CN
CN117304292A;89288488;CN
JP2023100832A;45723747;JP
ZA202103669B;65630620;ZA
JP2023171403A;66173915;JP
CN117925786A;51528695;CN
CN118240918A;52142661;CN
CN117568449A;52142836;CN
CN118755718A;50342241;CN
MX2023010202A;67908078;MX
PH12021550254A1;67587976;PH
JP2023123449A;71013269;JP
CN115702006A;78846848;CN
CN115678903A;85048975;CN
CN115725620A;85293151;CN
MX2021010631A;89843925;MX
CN115807007A;85483090;CN
CN115806996A;85483117;CN
CN115820637A;85523795;CN
CN118576623A;92535094;CN
JP2024177476A;38997492;JP
JP2024012416A;43356760;JP
JP2024102333A;48692693;JP
JP2024023334A;49915731;JP
CN118460684A;92160776;CN
CN118530988A;92379925;CN
CN118562637A;92463357;CN
CN118581098A;92536472;CN
CN118599855A;92558805;CN
CN118638822A;92669276;CN
CN118685436A;92772189;CN
CN118703494A;92806836;CN
CN118813617A;93083476;CN
CN118995756A;93472475;CN
CN119082185A;93699139;CN
CN117883410A;90647305;CN
CN118059260A;91110626;CN
CN117737025A;90250491;CN
CN117925817A;90751294;CN
CN117987462A;90890464;CN
CN118006626A;90945705;CN
CN118064437A;91106215;CN
CN118127029A;91242845;CN
CN118147299A;91297701;CN
CN118147140A;91301328;CN
CN118185990A;91415041;CN
CN118207218A;91452417;CN
CN118240820A;91553702;CN
CN118243927A;91560692;CN
CN118304415A;91731670;CN
CN118360372A;91883471;CN
CN118421679A;92314991;CN
CN118460476A;92162114;CN
CN115838414A;85574737;CN
CN115838756A;85574217;CN
CN115851795A;85660305;CN
CN115851727A;85663295;CN
CN115873898A;85754246;CN
CN115873845A;85766319;CN
CN115887665A;86483984;CN
CN115896116A;86478464;CN
CN115894648A;86479415;CN
CN115927305A;86551214;CN
CN115925857A;86551291;CN
CN115927353A;86551207;CN
JP2024133570A;67953864;JP
CN117338814A;89358222;CN
CN117343935A;89367913;CN
CN117535349A;89795137;CN
KR20240027561A;90297932;KR
CN117660377A;90063120;CN
CN119015411A;93526157;CN
CN119033937A;93568596;CN
CN119101658A;93717987;CN
CN119097734A;93710533;CN
CN119162209A;93892643;CN
CN119174830A;93899612;CN
CN119185348A;94072832;CN
CN119220661A;93944337;CN
MX2024012513A;66751772;MX
JP2024075707A;66949365;JP
CN118286249A;91679870;CN
CN118320096A;91763709;CN
CN118384278A;91992399;CN
CN118403068A;92000238;CN
CN118425525A;92323716;CN
CN118441053A;92318110;CN
CN118490891A;92247031;CN
CN118512606A;92283466;CN
CN118717979A;92861021;CN
CN118773145A;92985364;CN
CN118892467A;93265940;CN
CN118903424A;93294828;CN
CN118910056A;93310550;CN
CN118995715A;93490824;CN
CN115927349A;86652883;CN
CN115927334A;86553053;CN
CN115960886A;87357206;CN
CN115957324A;87353209;CN
CN115960907A;87356742;CN
CN115960799A;87351676;CN
CN115960892A;87358473;CN
CN115956584A;87357231;CN
CN115992182A;85993070;CN
CN116004638A;86030990;CN
CN116004615A;86018023;CN
CN116024220A;86071236;CN
CN117510475A;89765466;CN
CN117551647A;89813898;CN
CN117603969A;89958806;CN
CN117625611A;90028163;CN
CN117736912A;90282273;CN
CN117802215A;90424470;CN
CN117883454A;90638940;CN
CN117949669A;90800013;CN
CN118045183A;91043950;CN
CN118064568A;91106576;CN
CN118161615A;91356008;CN
CN118207317A;91450061;CN
CN118252936A;91610354;CN
CN117338942A;89365972;CN
CN117338805A;89361334;CN
CN117448378A;89588850;CN
CN116024219A;86090152;CN
CN116024209A;86074611;CN
CN116041460A;86118965;CN
CN116042702A;86114047;CN
CN116042712A;86119104;CN
CN116064680A;86175820;CN
CN116064530A;86172224;CN
CN116083477A;86202093;CN
CN116082482A;86212497;CN
CN116103294A;86257305;CN
CN116121248A;86296216;CN
CN116121253A;86304831;CN
CN116115754A;86308620;CN
CN118703488A;92819070;CN
CN118726413A;92847463;CN
CN118837171A;93150097;CN
CN118834874A;93138804;CN
CN118910060A;93301736;CN
CN118956909A;93395716;CN
CN119162173A;93890587;CN
CN119220548A;94070977;CN
CN117904346A;90681036;CN
CN118086295A;91148861;CN
CN118166051A;91353192;CN
CN118359184A;91885848;CN
CN118434862A;92322003;CN
CN118460648A;92162322;CN
CN118460656A;92151706;CN
CN118460647A;92164031;CN
CN118460649A;92168787;CN
CN118460650A;92164324;CN
CN118460538A;92169420;CN
CN118475697A;92169001;CN
CN118581060A;92525116;CN
CN116144681A;86338210;CN
CN116162604A;86415150;CN
CN116159070A;86414450;CN
CN116179665A;86451856;CN
CN116200383A;86513627;CN
CN116286974A;86793359;CN
CN116286908A;86834214;CN
CN116333078A;86891517;CN
CN116334044A;86874798;CN
CN116326549A;86891414;CN
CN116334008A;86875537;CN
CN116334075A;86890029;CN
CN118103508A;85793979;CN
CN117448321A;89587951;CN
CN117568350A;89864625;CN
CN117599200A;89943331;CN
CN117625615A;90026619;CN
CN117778390A;90397464;CN
CN117887801A;90645324;CN
CN117887811A;90642822;CN
CN116355964A;86926626;CN
CN116355925A;86920199;CN
CN116355955A;86922308;CN
CN116376913A;86962407;CN
CN116376907A;86971793;CN
CN116410285A;87059508;CN
CN116426646A;87089763;CN
CN116426534A;87087917;CN
CN116430048A;87080480;CN
CN116445485A;87126470;CN
CN116445480A;87130806;CN
CN116445550A;87125335;CN
CN116445475A;87129679;CN
CN117384902A;89440445;CN
CN117904108A;90690146;CN
CN118185930A;91402434;CN
CN118272372A;91636925;CN
CN118308353A;91726432;CN
CN118853663A;93172061;CN
CN118995702A;93492791;CN
CN121203144A;98114343;CN
CN121221628A;98158192;CN
CN121227869A;98160302;CN
CN121227878A;98141614;CN
CN121221631A;98153153;CN
CN121226499A;98159319;CN
CN121221520A;98148048;CN
CN118421605A;92323640;CN
CN117987459A;90901112;CN
CN118291524A;91679949;CN
CN118755673A;92949563;CN
CN117327698A;89292475;CN
CN121160694A;98044302;CN
CN121181600A;98084192;CN
CN121177329A;98217438;CN
CN121182900A;98090585;CN
CN121177250A;98089660;CN
CN121177330A;98094675;CN
CN121177496A;98092538;CN
CN121177508A;98215827;CN
CN121203038A;98118973;CN
CN121197402A;98101555;CN
CN121197414A;98104842;CN
CN121197443A;98104149;CN
CN121204049A;98121680;CN
CN121197043A;98115870;CN
CN121204058A;98110416;CN
CN121109382A;97944150;CN
CN121109397A;97948601;CN
CN121130087A;97986510;CN
CN121137140A;98004197;CN
CN223674630U;97978493;CN
CN121136976A;97983527;CN
CN121154820A;98035898;CN
CN121154584A;98039702;CN
CN121175422A;98036717;CN
CN121154809A;98040699;CN
CN121154830A;98037272;CN
CN116490214A;87225431;CN
CN116497055A;87326397;CN
CN116497142A;87319020;CN
CN116497030A;87324671;CN
CN116500266A;87327318;CN
CN116515867A;87406989;CN
CN116529372A;87405124;CN
CN116536278A;87457105;CN
CN116536348A;87446320;CN
CN116555277A;87488715;CN
JOP20230182A1;99056659;JO
CN116574686A;87544210;CN
CN116583602A;87541816;CN
CN116590426A;87598392;CN
CN121065177A;97842517;CN
CN121059633A;97849501;CN
CN121085994A;97886056;CN
CN121096431A;97900264;CN
CN121085983A;97886333;CN
CN121081642A;97894272;CN
CN121081638A;97886726;CN
CN121087041A;97897560;CN
CN121087034A;97887545;CN
CN121087035A;97890617;CN
CN121102442A;97941437;CN
CN121109384A;97933231;CN
CN121015597A;97774835;CN
CN121022825A;97764047;CN
CN121022829A;97761065;CN
CN121022834A;97768140;CN
TW202545538A;98938863;TW
CN121045300A;97800503;CN
CN121041241A;97811365;CN
CN121046464A;97816020;CN
CN121041308A;97802879;CN
CN121046387A;97811405;CN
CN121059632A;97851009;CN
CN121059799A;97837279;CN
CN121059634A;97853292;CN
CN121059835A;97848000;CN
CN121065191A;97851420;CN
CN120983635A;97691423;CN
CN120992955A;97695857;CN
CN120983383A;97695913;CN
CN120983464A;97683138;CN
CN120989087A;97698974;CN
CN120989080A;97699904;CN
CN121006364A;97727021;CN
CN121015710A;97779505;CN
CN121022830A;97764398;CN
CN121022824A;97771246;CN
CN116590244A;87599824;CN
CN116590321A;87605859;CN
CN116584497A;87603288;CN
CN116606359A;87676923;CN
CN116622714A;87619993;CN
CN116622748A;87620409;CN
KR20230122339A;87799743;KR
CN116622652A;87616078;CN
CN116656689A;87718113;CN
CN116670278A;87715792;CN
CN120939040A;97607983;CN
CN120944876A;97611694;CN
CN120939243A;97609616;CN
CN120939038A;97621859;CN
TW202544248A;98569849;TW
CN120965588A;97656400;CN
CN120966994A;97650258;CN
CN120960446A;97640661;CN
CN120960449A;97653973;CN
CN120960249A;97642236;CN
CN116675754A;87785621;CN
CN116694652A;87824263;CN
CN116732033A;87900311;CN
CN116751787A;87954028;CN
CN116769793A;87993029;CN
CN116768992A;87988465;CN
CN116790627A;88038048;CN
CN116801885A;88048393;CN
CN120905227A;97549207;CN
CN120919345A;97595802;CN
CN120919327A;97585284;CN
CN120924603A;97589829;CN
CN120919153A;97598008;CN
CN120944972A;97609519;CN
CN120938925A;97619693;CN
CN120943786A;97610341;CN
CN120944973A;97609825;CN
CN120948678A;97611440;CN
CN120938964A;97620847;CN
CN120888606A;97504350;CN
CN120884555A;97496383;CN
CN120887939A;97495202;CN
KR20250156893A;97722789;KR
CN120888503A;97500489;CN
CN120905220A;97545086;CN
CN120899737A;97545705;CN
CN120905211A;97548535;CN
CN120904263A;97549748;CN
CN120899939A;97552624;CN
CN120905229A;97542588;CN
CN120829898A;97397674;CN
CN120829897A;97400158;CN
CN120842187A;97407193;CN
CN120843407A;97418743;CN
CN120837678A;97407360;CN
CN120843515A;97417228;CN
CN120837667A;97411631;CN
CN120843519A;97408229;CN
CN120837662A;97411527;CN
CN120843507A;97424994;CN
CN120860222A;97456427;CN
CN120860224A;97459762;CN
CN120866317A;97462282;CN
CN120860237A;97472353;CN
CN120877845A;97461329;CN
CN120888551A;97494879;CN
CN120775849A;97293347;CN
CN120775843A;97294446;CN
CN120775845A;97282137;CN
CN120783856A;97286376;CN
CN120789022A;97319651;CN
CN120789271A;97327244;CN
CN120789238A;97316501;CN
CN120796268A;97327668;CN
CN120788995A;97327406;CN
CN120789257A;97330671;CN
CN120796261A;97321048;CN
CN120815062A;97374482;CN
CN120818516A;97366775;CN
CN120827626A;97401039;CN
CN116813738A;88127683;CN
CN116814629A;88139380;CN
KR20230141307A;88292679;KR
CN116855532A;88229767;CN
CN116904461A;88354139;CN
CN116904458A;88353722;CN
CN116926088A;88386378;CN
CN116926119A;88376461;CN
CN116925201A;88389782;CN
CN116947995A;88444544;CN
CN116964204A;88456870;CN
CN116947998A;88456168;CN
CN116947997A;88456164;CN
CN116970586A;88473809;CN
CN120718964A;97162889;CN
CN120733034A;97182640;CN
CN120733055A;97194019;CN
CN120732884A;97181784;CN
CN120732852A;97191389;CN
CN120754252A;97246241;CN
CN120758507A;97239977;CN
CN120775842A;97282069;CN
CN120771284A;97286723;CN
CN120775925A;97296827;CN
CN120678930A;97070793;CN
CN120678898A;97069990;CN
CN120683102A;97084069;CN
CN120683095A;97078107;CN
CN120683101A;97081147;CN
CN120683107A;97080420;CN
CN120695195A;97124834;CN
CN120699963A;97119407;CN
CN120699968A;97123271;CN
CN120713927A;97160208;CN
CN120721966A;97154432;CN
CN120714057A;97161986;CN
CN120718903A;97161833;CN
CN120718904A;97158034;CN
CN120617079A;96953048;CN
CN120617295A;96954257;CN
CN120623289A;96974119;CN
CN120617294A;96953425;CN
CN120617532A;96953298;CN
CN120624452A;96971641;CN
CN120624442A;96951210;CN
CN120624446A;96972633;CN
CN120648733A;97007311;CN
CN120661666A;97050709;CN
CN120665868A;97046929;CN
CN120673906A;97047787;CN
CN120682115A;97072095;CN
CN120571031A;96857040;CN
CN120585863A;96897308;CN
CN120591260A;96896313;CN
CN120591270A;96885399;CN
CN120591272A;96898834;CN
CN120586098A;96886128;CN
CN120605244A;96930333;CN
CN120605345A;96932136;CN
CN120605240A;96926800;CN
CN120608053A;96931604;CN
CN120608054A;96926947;CN
CN120608058A;96929801;CN
CN120608061A;96930124;CN
CN120608055A;96931748;CN
CN120608057A;96931813;CN
CN120505340A;96711469;CN
CN120505314A;96712144;CN
CN120514721A;96752119;CN
CN120514724A;96754841;CN
CN120519454A;96744304;CN
CN120535582A;96780806;CN
CN120536510A;96779894;CN
CN120536431A;96782986;CN
CN120536429A;96789845;CN
CN120554866A;96833174;CN
CN120550128A;96826666;CN
CN120550133A;96825737;CN
CN120549959A;96831174;CN
CN120564846A;96825574;CN
CN116987164A;88533627;CN
CN117025625A;88637931;CN
CN117025597A;88601337;CN
CN117025618A;88634529;CN
CN117025596A;88623484;CN
CN117085131A;88776004;CN
CN117106047A;88812085;CN
CN117106815A;88801604;CN
CN117143213A;88907612;CN
CN120478258A;96669567;CN
CN120485120A;96680006;CN
CN120485178A;96669544;CN
CN120478384A;96665356;CN
CN120484250A;96683287;CN
CN120485185A;96684285;CN
CN120485180A;96676178;CN
CN120485189A;96675679;CN
CN120478386A;96670432;CN
CN120501867A;96714717;CN
CN120501757A;96713473;CN
CN120501756A;96707423;CN
CN120501728A;96710445;CN
CN120501868A;96709299;CN
CN120505318A;96712269;CN
CN120424925A;96554663;CN
CN120424928A;96564405;CN
CN120437158A;96606589;CN
CN120437300A;96610962;CN
CN120437079A;96615893;CN
CN120437296A;96616726;CN
CN120442717A;96615686;CN
CN120459051A;96631059;CN
CN120459296A;96644141;CN
CN120381441A;96487033;CN
CN120381440A;96490669;CN
ZA202409771B;96809116;ZA
CN120400145A;96523704;CN
CN120400320A;96527596;CN
CN120400138A;96521665;CN
CN120392668A;96518814;CN
CN120391467A;96527464;CN
KR20250116214A;96737095;KR
CN120400141A;96516314;CN
CN120400158A;96527792;CN
CN120420447A;96560229;CN
CN120424924A;96560553;CN
CN117143856A;88906810;CN
CN117143870A;88897512;CN
CN117143872A;88883206;CN
CN117203338A;88983688;CN
CN117187297A;88991805;CN
KR102612714B1;89162878;KR
CN117210461A;89047305;CN
CN117210460A;89047302;CN
CN117230086A;89094759;CN
CN117247951A;89130674;CN
CN117264982A;89205220;CN
CN117286141A;89238180;CN
CN117286174A;89238547;CN
CN120310794A;96323024;CN
CN120324619A;96367561;CN
CN120330181A;96363127;CN
CN120330185A;96355993;CN
CN120346158A;96409326;CN
CN120350005A;96402556;CN
CN120346224A;96410507;CN
KR20250111798A;96581123;KR
CN120366280A;96446753;CN
CN120366389A;96439114;CN
CN120361036A;96449720;CN
CN120381438A;96489638;CN
CN120381524A;96492776;CN
CN120271801A;96237307;CN
CN120272477A;96231285;CN
CN120272484A;96242594;CN
CN120272473A;96239122;CN
CN120272475A;96239496;CN
CN120285000A;96267142;CN
CN120284915A;96279957;CN
CN120285198A;96279696;CN
CN120284998A;96271885;CN
CN120284918A;96270010;CN
CN120290553A;96280796;CN
CN120285227A;96281982;CN
CN120290720A;96282908;CN
CN120305420A;96334634;CN
CN120310908A;96337253;CN
CN120305415A;96328316;CN
CN116549655A;48468958;CN
JP2023113963A;57503988;JP
CN120230748A;96157691;CN
CN120230752A;96161225;CN
CN120249297A;96196218;CN
CN120249284A;96181804;CN
CN120242016A;96180685;CN
CN120249279A;96184649;CN
CN120241772A;96188764;CN
CN120242025A;96181166;CN
CN120241771A;96192679;CN
CN120241773A;96196095;CN
CN120242053A;96188368;CN
JP2023100680A;64016733;JP
JP2023153867A;63841019;JP
CN120204253A;96105059;CN
CN120210192A;96098111;CN
CN120209036A;96111318;CN
CN120204288A;96097841;CN
CN120210190A;96117658;CN
CN120204169A;96113174;CN
CN120204428A;96112851;CN
CN120210191A;96114138;CN
CN120210189A;96099775;CN
CN120230711A;96165869;CN
CN120227478A;96164800;CN
CN120230750A;96161599;CN
JP2023096009A;67687981;JP
JP2023085547A;67986955;JP
JP2023126901A;68768195;JP
CN120118899A;95916432;CN
CN120118900A;95922174;CN
CN120131992A;95958081;CN
CN120148613A;95960588;CN
CN120154725A;96007309;CN
CN120158507A;96000706;CN
CN120174095A;96043500;CN
CN120172820A;96031718;CN
CN120173942A;96039690;CN
CN120173941A;96043002;CN
CN120189429A;96063203;CN
CN120189511A;96070665;CN
CN120193070A;96065498;CN
CN120189392A;96066640;CN
CN120078913A;95844539;CN
CN120082550A;95856550;CN
CN120082551A;95847510;CN
CN120078799A;95855053;CN
CN120099065A;95885264;CN
CN120093945A;95873228;CN
CN120093912A;95889096;CN
CN120092756A;95878675;CN
CN120098993A;95881634;CN
CN120099008A;95877653;CN
CN120118858A;95920278;CN
CN120121837A;95924353;CN
CN120118859A;95922201;CN
CN120118909A;95928566;CN
CN120126561A;95917751;CN
CN115698288A;78022812;CN
CN115768439A;84950085;CN
MX2022016519A;79281793;MX
MX2022016523A;79281775;MX
MX2022016525A;79281780;MX
CN120041554A;95758990;CN
CN120041569A;95749408;CN
CN120041444A;95754052;CN
CN120037253A;95748740;CN
CN120037395A;95755441;CN
CN120037203A;95747627;CN
CN120060476A;95802163;CN
CN120060259A;95792935;CN
CN120060245A;95793987;CN
CN120060246A;95786654;CN
CN120078798A;95851603;CN
CN120000652A;95671636;CN
CN120009551A;95662495;CN
CN120005880A;95663000;CN
CN120005877A;95659451;CN
CN120005884A;95673048;CN
CN120005885A;95660277;CN
CN120005876A;95661124;CN
CN120005881A;95661556;CN
CN120020252A;95704018;CN
CN120020253A;95705055;CN
CN120022432A;95731085;CN
CN120022242A;95730684;CN
CN120022288A;95728672;CN
CN120037242A;95755243;CN
CN120041570A;95749745;CN
CN115558631A;84745023;CN
CN115572723A;84579129;CN
CN115572726A;84579922;CN
KR20230005609A;84893970;KR
CN115595298A;84849691;CN
CN115612724A;84854859;CN
CN119955935A;95585359;CN
CN119950733A;95585481;CN
CN119950429A;95596710;CN
CN119955928A;95585765;CN
CN119954974A;95599580;CN
CN119955786A;95587436;CN
CN119955785A;95599854;CN
CN119971044A;95627966;CN
CN119979703A;95641111;CN
CN119970778A;95627317;CN
CN115607687A;84856887;CN
JP2023013932A;85129829;JP
CN115651902A;84991137;CN
CN115677770A;85044055;CN
CN115671309A;85058158;CN
CN119909181A;95507755;CN
CN119909178A;95505269;CN
CN119913145A;95501193;CN
CN119913155A;95506162;CN
CN119936409A;95549846;CN
CN119930746A;95535057;CN
CN119932016A;95547853;CN
CN119925638A;95539200;CN
CN119925644A;95550987;CN
CN119932020A;95541083;CN
CN119932022A;95544510;CN
CN119932011A;95536098;CN
CN119932012A;95547833;CN
CN119857150A;95387116;CN
CN119857085A;95392039;CN
CN119868570A;95441737;CN
CN119868590A;95430810;CN
CN119868573A;95433015;CN
CN119868309A;95437950;CN
CN119868302A;95432909;CN
CN119876130A;95442242;CN
CN119874829A;95444457;CN
CN119876136A;95444431;CN
CN119896659A;95465069;CN
CN119899833A;95465429;CN
KR20250057178A;95604470;KR
CN119798363A;95265379;CN
CN119792548A;95265114;CN
CN119804700A;95257508;CN
CN119799709A;95261331;CN
CN119799703A;95274313;CN
CN119824043A;95297446;CN
CN119823992A;95297385;CN
CN119842703A;95359536;CN
CN119838028A;95361311;CN
CN119842714A;95368686;CN
CN119842713A;95357721;CN
CN119851749A;95359258;CN
CN119842710A;95367168;CN
CN119859688A;95392549;CN
CN119753130A;95193760;CN
CN119746037A;95188362;CN
CN119753126A;95193498;CN
CN119753015A;95195244;CN
CN119752888A;95184202;CN
CN119752912A;95179303;CN
CN119752909A;95184985;CN
CN119752883A;95173936;CN
CN119752910A;95190702;CN
CN119752900A;95188930;CN
CN119770453A;95231328;CN
CN119780288A;95242069;CN
CN119792527A;95265639;CN
CN119792517A;95269342;CN
CN119811489A;95259617;CN
KR20230021987A;85220668;KR
CN115708809A;85230853;CN
CN115716879A;85255151;CN
TW202309279A;86690713;TW
TW202308660A;78771267;TW
CN115721603A;85293897;CN
CN115725507A;85292575;CN
CN115725574A;85291217;CN
CN115725581A;85295475;CN
CN119700976A;95074407;CN
CN119700704A;95085584;CN
CN119709736A;95096075;CN
CN119709734A;95100118;CN
CN119709738A;95092197;CN
CN119736294A;95133092;CN
CN119735706A;95136704;CN
CN119736292A;95128065;CN
CN119732910A;95133580;CN
CN119745834A;95193342;CN
CN119745830A;95182412;CN
CN119656334A;94981998;CN
CN119662828A;94991357;CN
CN119662640A;94980838;CN
CN119662638A;95000217;CN
CN119656187A;94991339;CN
CN119662645A;94982720;CN
CN119656331A;94988561;CN
CN119662639A;94983017;CN
CN119685372A;95026295;CN
CN119688984A;95043579;CN
CN119679701A;95032615;CN
CN119607207A;94892349;CN
CN119614573A;94890733;CN
CN119619307A;94906964;CN
CN119614574A;94888538;CN
CN119614575A;94908545;CN
CN119614570A;94896181;CN
CN119606918A;94887350;CN
CN119607007A;94906068;CN
CN119614564A;94898001;CN
CN119614567A;94890675;CN
CN119643870A;94958962;CN
CN119633124A;94946569;CN
CN119639815A;94942286;CN
CN119639825A;94951553;CN
CN119523942A;94712423;CN
CN119524154A;94698197;CN
CN119524007A;94707433;CN
CN119552130A;94741661;CN
CN119552863A;94737427;CN
CN119570785A;94809681;CN
CN119570795A;94812874;CN
CN119587570A;94828719;CN
CN119592628A;94840848;CN
CN119592516A;94842747;CN
CN119592566A;94840361;CN
CN119587571A;94828726;CN
CN119592564A;94842348;CN
CN119586588A;94840664;CN
CN115721713A;85293195;CN
CN115725579A;85293541;CN
CN115747216A;85349521;CN
CN115737566A;85352102;CN
CN115747220A;85342966;CN
CN115772559A;85388435;CN
CN115779081A;85438134;CN
CN115779093A;85418229;CN
CN115786344A;85440142;CN
CN115786345A;85440800;CN
CN115806987A;85483202;CN
CN115820646A;85516892;CN
CN115813945A;85525272;CN
CN119490985A;94627119;CN
CN119490986A;94620789;CN
CN119490983A;94620168;CN
CN119506275A;94647202;CN
CN119517163A;94654474;CN
KR20250027480A;94824499;KR
CN119530136A;94701731;CN
CN119530388A;94709898;CN
CN119523935A;94703216;CN
CN119528986A;94710526;CN
CN119528797A;94711291;CN
CN119432851A;94530683;CN
CN119424371A;94512931;CN
CN119424469A;94515538;CN
CN119432844A;94527662;CN
CN119454962A;94595584;CN
CN119454593A;94567919;CN
CN119454978A;94585933;CN
CN119454639A;94582274;CN
CN119454987A;94585494;CN
CN119464498A;94594463;CN
CN119464279A;94565190;CN
CN119464286A;94569014;CN
CN119454599A;94585173;CN
CN119464278A;94595748;CN
CN119385916A;94421885;CN
CN119391706A;94426447;CN
CN119410356A;94465058;CN
CN119410644A;94460360;CN
CN119409771A;94467291;CN
CN119410632A;94466281;CN
CN119424468A;94525293;CN
CN119424601A;94507706;CN
CN119433011A;94510433;CN
CN119424751A;94529629;CN
CN119432849A;94515883;CN
CN119424654A;94515055;CN
CN119432852A;94518294;CN
CN119331890A;94268812;CN
CN119331868A;94260818;CN
CN119345370A;94312010;CN
CN119360970A;94317718;CN
CN119345154A;94304953;CN
CN119372321A;94340763;CN
CN119367548A;94340517;CN
CN119367317A;94337356;CN
KR20250014882A;94613527;KR
CN119391645A;94422346;CN
CN119385927A;94421456;CN
CN119390598A;94422427;CN
CN115813944A;85522739;CN
CN115814102A;85544795;CN
CN115820647A;85518635;CN
CN115820640A;85525287;CN
KR20230039840A;86005770;KR
CN115837080A;85576403;CN
CN115837031A;85574984;CN
CN115852005A;85652745;CN
CN115844853A;85660451;CN
CN115851724A;85662000;CN
CN115844919A;85661238;CN
CN115845058A;85661683;CN
CN115851713A;85660548;CN
CN119265186A;94123135;CN
CN119285559A;94160539;CN
CN119286825A;94148594;CN
CN119285688A;94149929;CN
CN119286863A;94152361;CN
CN119296635A;94155867;CN
CN119307604A;94178736;CN
CN119307535A;94185037;CN
CN119307526A;94188229;CN
CN119307506A;94181448;CN
CN119307524A;94179628;CN
CN119302984A;94191247;CN
CN119318662A;94227879;CN
CN119235896A;94030837;CN
CN119235897A;94031606;CN
CN119236074A;94028913;CN
CN119235819A;94029288;CN
CN119242629A;94030932;CN
CN119241620A;94032151;CN
CN119258087A;94123871;CN
CN119265192A;94114163;CN
CN119264203A;94115198;CN
KR20250001946A;94239079;KR
CN119265188A;94112394;CN
CN115845085A;85657434;CN
CN115851710A;85660440;CN
CN115851725A;85662012;CN
CN115873851A;85763501;CN
CN115869424A;85759996;CN
CN115869287A;85760460;CN
CN115887660A;86481662;CN
CN115887683A;86496357;CN
CN115926177A;86549881;CN
CN115927307A;86549317;CN
CN115927301A;86556395;CN
CN115927322A;86552845;CN
CN115919888A;86549471;CN
CN115927346A;86552815;CN
CN115920068A;86549483;CN
CN115927343A;86551081;CN
CN115927337A;86549875;CN
CN115920221A;86653244;CN
CN115948559A;87297530;CN
CN115944737A;87290027;CN
CN115948404A;87282559;CN
CN115948391A;87284601;CN
CN115966260A;87360716;CN
CN115957230A;87358465;CN
CN115960884A;87360595;CN
CN115960897A;87360593;CN
CN115969977A;85971019;CN
CN115976022A;85961790;CN
CN115976196A;85960445;CN
CN115976024A;85972672;CN
CN115970003A;85974613;CN
CN115991857A;85989419;CN
CN115990183A;85994202;CN
CN115998709A;86021742;CN
CN115998756A;86034957;CN
CN115998868A;86030504;CN
CN115998880A;86037170;CN
CN115998895A;86028627;CN
CN116003487A;86018029;CN
CN116004631A;86035578;CN
CN116019927A;86071115;CN
CN116024210A;86073521;CN
CN116019779A;86080129;CN
CN116019925A;86072034;CN
CN116036011A;86131156;CN
CN116036119A;86112597;CN
CN116036297A;86126649;CN
CN116042797A;86114044;CN
CN116036301A;86131550;CN
CN116042617A;86132104;CN
CN116042627A;86129768;CN
CN116059403A;86177102;CN
CN116059373A;86170635;CN
CN116059357A;86176108;CN
CN116063575A;86172313;CN
CN116059397A;86170507;CN
CN116059372A;86172231;CN
CN116064762A;86172187;CN
CN116059237A;86170685;CN
CN116064511A;86173724;CN
CN116059235A;86175521;CN
CN116064450A;86180916;CN
CN116064527A;86175773;CN
CN116059366A;86173755;CN
CN116077664A;86206069;CN
CN116083428A;86197971;CN
CN116083481A;86205162;CN
CN116083566A;86197998;CN
CN116077468A;86207951;CN
CN116077519A;86212893;CN
CN116098856A;86266967;CN
CN116103287A;86266247;CN
CN116115617A;86293924;CN
CN116121250A;86305428;CN
KR20230068047A;86324813;KR
CN116144661A;86353832;CN
CN116144655A;86360694;CN
CN116139289A;86339505;CN
CN116144664A;86352660;CN
CN116144663A;86361664;CN
CN116162659A;86419507;CN
CN116162622A;86415209;CN
CN116159147A;86412862;CN
CN116173230A;86433297;CN
CN116179552A;86450748;CN
CN116218758A;86571342;CN
CN116212050A;86584404;CN
CN116218842A;86587961;CN
CN116218857A;86589189;CN
CN116236584A;86629135;CN
CN116254256A;86685019;CN
JP2025118647A;73051654;JP
JP2025063041A;78023503;JP
CN116254280A;86678571;CN
KR20230085681A;86745069;KR
CN116270536A;86819567;CN
CN116286658A;86792936;CN
CN116271102A;86789496;CN
CN116270709A;86786018;CN
CN116271078A;86831056;CN
CN116287002A;86816819;CN
CN116270704A;86782674;CN
CN116270701A;86819040;CN
CN116286827A;86830769;CN
CN116286828A;86803422;CN
CN116286819A;86831620;CN
CN121160790A;98036620;CN
CN121182745A;98092373;CN
CN121204080A;98105012;CN
CN121227714A;98148568;CN
CN121227708A;98158596;CN
MX374851B;45004831;MX
JP2025100676A;57835203;JP
CN121065260A;97841227;CN
CN121065190A;97836993;CN
CN121065183A;97843185;CN
CN121081632A;97885847;CN
CN121109385A;97942208;CN
CN121102043A;97950638;CN
CN121141297A;97986975;CN
CN121137062A;97997862;CN
CN121137009A;97987234;CN
CN121137074A;97990477;CN
CN121160709A;98045295;CN
CN121160693A;98040860;CN
KR20230093859A;86903352;KR
CN116334226A;86889262;CN
CN116327796A;86890948;CN
CN116334085A;86887220;CN
CN116327938A;86880938;CN
CN116350787A;86906283;CN
CN116350602A;86941017;CN
CN116354993A;86940591;CN
KR20230097286A;87157164;KR
CN116370652A;86964463;CN
CN116376906A;86963827;CN
CN120966830A;97638566;CN
CN120966833A;97657086;CN
CN120966892A;97659284;CN
CN120989075A;97699165;CN
CN120983384A;97696063;CN
CN121022884A;97760855;CN
CN121022843A;97775611;CN
CN121046396A;97802682;CN
CN121046400A;97815283;CN
CN121046431A;97814152;CN
CN223515556U;97533581;CN
CN120905217A;97554123;CN
CN120905268A;97550527;CN
CN120924556A;97582929;CN
CN120924515A;97581587;CN
CN120924536A;97581305;CN
CN120944942A;97608767;CN
CN120944943A;97603636;CN
CN120943921A;97611251;CN
CN120944978A;97603271;CN
CN120939232A;97610799;CN
CN120944907A;97620186;CN
CN120818027A;97372921;CN
CN120829902A;97396357;CN
CN120829899A;97399467;CN
CN120843528A;97422335;CN
CN120866399A;97468197;CN
CN120866396A;97456306;CN
CN120866310A;97450531;CN
CN120866418A;97455839;CN
CN120866309A;97465881;CN
MX2024004316A;97522595;MX
CN120888564A;97507080;CN
CN116396984A;87014770;CN
CN116396465A;87016570;CN
CN116410978A;87051858;CN
CN116426521A;87086017;CN
CN116421615A;87078513;CN
CN116422394A;87089917;CN
CN116426524A;87091563;CN
CN116426527A;87093831;CN
CN116440152A;87120856;CN
CN116440286A;87121847;CN
KR20230108241A;87423444;KR
CN116463377A;87183349;CN
CN116459270A;87178064;CN
CN120699124A;97118309;CN
CN120699119A;97108547;CN
CN120700009A;97124637;CN
CN120718919A;97158054;CN
JP2025142373A;97264819;JP
JP2025142446A;97264623;JP
CN120738267A;97198040;CN
CN120775822A;97282923;CN
CN120771172A;97282138;CN
CN120771290A;97289599;CN
CN120796316A;97308766;CN
CN120818525A;97368402;CN
CN120608065A;96930132;CN
CN120608056A;96931913;CN
CN120624429A;96964856;CN
CN120624609A;96967627;CN
CN120636577A;96950999;CN
JP2025134630A;97065275;JP
CN120665879A;97057701;CN
CN120665870A;97060117;CN
CN120665871A;97047004;CN
CN120665869A;97052772;CN
CN120665872A;97055116;CN
CN120682333A;97080641;CN
CN120464650A;96630840;CN
CN120464682A;96629482;CN
CN120485332A;96676229;CN
CN120519456A;96744733;CN
CN120536434A;96787024;CN
CN120574222A;96861002;CN
CN120574865A;96855699;CN
CN120574864A;96851646;CN
CN120574838A;96854140;CN
CN120591302A;96886159;CN
CN120591290A;96897392;CN
CN120591246A;96884341;CN
CN120590496A;96890066;CN
CN116479141A;87217345;CN
CN116479051A;87213030;CN
CN116473937A;87214357;CN
CN116478997A;87218079;CN
CN116492463A;87329404;CN
CN116497027A;87319641;CN
CN116497024A;87319141;CN
CN116497028A;87322494;CN
CN116497031A;87318483;CN
CN116515835A;87407722;CN
CN116536429A;87449072;CN
CN116531488A;87445818;CN
CN116536311A;87444164;CN
CN116536364A;87445147;CN
CN120366361A;96440146;CN
CN120384076A;96492270;CN
CN120400142A;96517979;CN
CN120424955A;96560536;CN
CN120442639A;96613733;CN
CN120442697A;96607214;CN
CN120442664A;96617824;CN
CN120442660A;96607134;CN
CN120464644A;96636308;CN
CN120210201A;96109349;CN
CN120230761A;96156257;CN
CN120227465A;96164867;CN
TW202526015A;97224699;TW
CN120249476A;96189069;CN
CN120249355A;96178442;CN
JP2025102157A;96305232;JP
CN120290574A;96275194;CN
CN120285203A;96274601;CN
CN120310801A;96326276;CN
CN120310799A;96323276;CN
CN120310824A;96333712;CN
CN120349945A;96405570;CN
CN120098998A;95876807;CN
CN120092772A;95874081;CN
CN120099030A;95881220;CN
CN120118935A;95927146;CN
CN120142665A;95960088;CN
CN120137918A;95957868;CN
CN120173945A;96025021;CN
CN120192997A;96061518;CN
CN120210245A;96101557;CN
CN120210224A;96102324;CN
CN120210209A;96118858;CN
CN120210265A;96104212;CN
CN119932014A;95551730;CN
CN119979544A;95631979;CN
CN119979534A;95634066;CN
CN120026027A;95737701;CN
CN120041464A;95750742;CN
CN120060263A;95786068;CN
CN120053692A;95786344;CN
CN120060334A;95796329;CN
CN120078017A;95849381;CN
CN120082555A;95855982;CN
CN116536315A;87450224;CN
CN116555341A;87503001;CN
CN116555256A;87495377;CN
CN116549666A;87501546;CN
CN116555262A;87501114;CN
CN116549479A;87492191;CN
CN116555257A;87497296;CN
CN116570614A;87536545;CN
CN116570615A;87544764;CN
CN116589555A;87603376;CN
CN116615460A;87676907;CN
CN116602934A;87684721;CN
CN116617397A;87592331;CN
CN116622703A;87640514;CN
CN116622711A;87613461;CN
CN116622706A;87615977;CN
CN119799700A;95275813;CN
CN119799697A;95260329;CN
CN119799793A;95276635;CN
CN119824004A;95307888;CN
CN119824040A;95300247;CN
CN119823991A;95306145;CN
CN119876095A;95438462;CN
CN119876096A;95429446;CN
CN119896753A;95470253;CN
CN119899841A;95473806;CN
CN119920325A;95501503;CN
CN119639757A;94945647;CN
CN119639756A;94952547;CN
CN119655230A;94994020;CN
CN119662730A;94994098;CN
CN119662725A;94996379;CN
CN119709804A;95092819;CN
CN119716062A;95094212;CN
CN119736329A;95136588;CN
CN119752936A;95194259;CN
CN119752902A;95181333;CN
CN116617242A;87635953;CN
LU501549B1;87654553;LU
CN116637197A;87615103;CN
CN116640762A;87623451;CN
CN116637037A;87642797;CN
CN116656825A;87710397;CN
CN116650653A;87724712;CN
CN116656818A;87712758;CN
CN116656682A;87718202;CN
CN116656619A;87725907;CN
CN116656674A;87712298;CN
CN116656618A;87727708;CN
CN116656733A;87718764;CN
CN116665779A;87726787;CN
CN116656734A;87713544;CN
CN119432862A;94528389;CN
CN119464319A;94567026;CN
CN119506337A;94667221;CN
CN119504896A;94651788;CN
CN119506333A;94660092;CN
CN119570821A;94813797;CN
CN119570819A;94808856;CN
CN119614580A;94902241;CN
CN119265235A;94109676;CN
CN119296652A;94151184;CN
CN119331869A;94263814;CN
CN119391714A;94422250;CN
CN119391703A;94415130;CN
CN119405639A;94463968;CN
CN116656683A;87709307;CN
KR20230126073A;87802336;KR
CN116694636A;87830576;CN
CN116688133A;87843010;CN
CN116687935A;87844501;CN
CN116710108A;87837960;CN
CN116687952A;87835133;CN
CN116687951A;87828700;CN
CN116688145A;87843915;CN
CN116694631A;87838035;CN
CN116694637A;87840425;CN
CN116687949A;87822789;CN
CN116716354A;87864848;CN
CN116712406A;87866749;CN
CN116716302A;87866374;CN
CN116716343A;87868493;CN
CN116716282A;87866356;CN
CN116712566A;87865989;CN
CN116716301A;87872853;CN
CN116726039A;87916561;CN
CN116726197A;87915679;CN
CN116726175A;87902098;CN
JP2023127512A;87971527;JP
JP2023127483A;87971683;JP
CN116747309A;87947467;CN
CN116747308A;87951037;CN
CN116790595A;88037284;CN
CN116790605A;88044111;CN
CN116798513A;88046811;CN
ZA202302134B;88099323;ZA
CN116807989A;88117532;CN
CN116808242A;88114701;CN
CN116814642A;88141065;CN
CN116808235A;88117916;CN
CN116814676A;88117969;CN
CN116808236A;88142462;CN
CN116808240A;88115922;CN
CN116825199A;88120996;CN
CN116814618A;88122978;CN
CN116814632A;88122340;CN
LU501763B1;88244276;LU
CN116836978A;88158846;CN
CN116832053A;88158485;CN
CN116844644A;88166792;CN
CN116832218A;88160902;CN
CN119548520A;62978807;CN
JP2025143321A;64737306;JP
JP2025026842A;69232332;JP
JP2025067909A;69230803;JP
ZA202306590B;74046218;ZA
CN116850077A;88221884;CN
CN116854801A;88236115;CN
CN116855494A;88227506;CN
CN116855496A;88224588;CN
CN116855497A;88218729;CN
CN116870025A;88265996;CN
CN116870168A;88259265;CN
CN116870181A;88253996;CN
CN121160710A;98028919;CN
CN121182807A;98216647;CN
CN121182813A;98084832;CN
CN121182805A;98080795;CN
CN121204051A;98118509;CN
CN121204052A;98114240;CN
CN121227742A;98142458;CN
CN121227755A;98145963;CN
CN121227701A;98152113;CN
CN121065182A;97850191;CN
CN121065196A;97839273;CN
CN121065060A;97844221;CN
CN121065188A;97850990;CN
CN121065175A;97835400;CN
CN121065189A;97853225;CN
CN121087064A;97894227;CN
CN121087038A;97881866;CN
CN121109437A;97946206;CN
CN121136992A;97982411;CN
CN121160664A;98040494;CN
CN116870193A;88264974;CN
CN116870158A;88268944;CN
CN116870174A;88265720;CN
CN116870186A;88255725;CN
KR20230144472A;88506439;KR
CN116898975A;88360325;CN
CN116916938A;88361339;CN
CN116904456A;88357039;CN
CN116904462A;88357408;CN
CN116935968A;88374947;CN
CN116942824A;88455872;CN
CN116966197A;88481352;CN
CN120924567A;97584131;CN
CN120944895A;97605837;CN
CN120944890A;97605491;CN
CN120982543A;97699146;CN
CN121006309A;97728295;CN
CN121003688A;97727962;CN
CN121022853A;97778066;CN
CN121022706A;97767342;CN
CN121022845A;97760109;CN
CN121046398A;97813251;CN
CN121065106A;97844879;CN
CN121065198A;97844180;CN
CN120758511A;97245809;CN
CN120758534A;97236907;CN
CN120758500A;97247248;CN
CN120796260A;97321035;CN
CN120818504A;97373729;CN
CN120829885A;97394657;CN
CN120843529A;97425399;CN
CN120843510A;97416494;CN
CN120843509A;97426549;CN
CN120843516A;97418841;CN
CN120866312A;97470537;CN
CN120888548A;97504064;CN
CN120883975A;97502005;CN
CN120924607A;97597291;CN
CN120624467A;96965049;CN
CN120648684A;96995034;CN
CN120648685A;96996832;CN
CN120665878A;97046495;CN
CN120699967A;97115699;CN
CN120699965A;97118161;CN
CN120700003A;97122265;CN
CN120718962A;97161571;CN
CN120738211A;97196058;CN
CN120738193A;97192002;CN
CN120738194A;97191905;CN
CN120738195A;97191910;CN
CN120738186A;97186925;CN
CN120505344A;96707136;CN
CN120519460A;96742586;CN
CN120519459A;96750995;CN
CN120519465A;96745832;CN
CN120519455A;96750069;CN
CN120514731A;96744431;CN
CN120536472A;96786597;CN
LU600381B1;96850335;LU
CN120536445A;96779219;CN
CN120536438A;96791359;CN
CN120591275A;96883896;CN
CN120591267A;96890121;CN
CN120591271A;96884828;CN
CN120591280A;96885289;CN
CN120608076A;96925812;CN
CN116983322A;88524919;CN
CN117004725A;88575950;CN
CN117015384A;88573113;CN
CN116999565A;88566885;CN
CN117004605A;88566015;CN
CN116999454A;88572731;CN
CN117004609A;88561447;CN
CN117025762A;88601017;CN
CN117025682A;88601191;CN
CN120366321A;96453303;CN
CN120384077A;96484684;CN
CN120384078A;96490754;CN
CN120400091A;96520412;CN
CN120399023A;96510705;CN
TW202529779A;96589594;TW
CN120400162A;96523360;CN
CN120464630A;96641296;CN
CN120485223A;96680962;CN
CN120485199A;96677487;CN
CN120310798A;96327972;CN
CN120310785A;96325326;CN
TW202527968A;96386382;TW
CN120330200A;96369716;CN
CN120330202A;96357516;CN
CN120330203A;96359549;CN
CN120330206A;96359510;CN
CN120330201A;96361170;CN
CN120330204A;96352498;CN
CN120330195A;96353172;CN
CN120349989A;96408602;CN
CN120366320A;96437960;CN
CN120366312A;96441305;CN
CN120210208A;96107766;CN
CN120210200A;96116389;CN
CN120210181A;96106647;CN
CN120210193A;96103419;CN
CN120210202A;96100792;CN
CN120249291A;96198154;CN
CN120249295A;96196084;CN
CN120249326A;96197580;CN
CN120272481A;96242815;CN
CN120272482A;96246139;CN
CN120289607A;96283362;CN
CN120290548A;96274631;CN
CN120310795A;96324234;CN
CN117017943A;88601494;CN
CN117025603A;88629268;CN
CN117025608A;88629601;CN
CN117050996A;88665905;CN
CN117065024A;88708694;CN
CN117070517A;88703302;CN
PL441205A1;88838737;PL
PL441204A1;88838743;PL
CN117084999A;88780045;CN
CN117085137A;88783555;CN
CN120099014A;95886981;CN
CN120099015A;95889484;CN
CN120118907A;95923467;CN
CN120118912A;95925191;CN
CN120118903A;95924326;CN
CN120137976A;95957418;CN
CN120136992A;95950663;CN
CN120158450A;96006513;CN
CN120158465A;96004142;CN
CN120158453A;96008810;CN
CN120158463A;96010333;CN
CN120192969A;96064413;CN
CN120041451A;95751139;CN
CN120041446A;95748985;CN
CN120041449A;95757902;CN
KR20250074742A;95933072;KR
CN120060375A;95798845;CN
CN120060510A;95805049;CN
CN120060271A;95798225;CN
CN120060247A;95805188;CN
CN120060256A;95797927;CN
TW202521133A;95896299;TW
CN120082553A;95852076;CN
CN120099016A;95887169;CN
CN120099013A;95876418;CN
CN119876170A;95437863;CN
CN119876145A;95436871;CN
CN119876141A;95436011;CN
CN119899254A;95471826;CN
CN119932034A;95541724;CN
CN119930830A;95546027;CN
CN119955818A;95597482;CN
CN119950721A;95602002;CN
CN119979537A;95623838;CN
CN119979548A;95623774;CN
CN120005887A;95671908;CN
CN120005888A;95676236;CN
CN120005909A;95663411;CN
CN120026029A;95729669;CN
CN120041418A;95751018;CN
CN117106781A;88804197;CN
CN117106775A;88793814;CN
CN117100760A;88810324;CN
CN117126400A;88861173;CN
CN117126852A;88849713;CN
CN119709764A;95076133;CN
CN119709913A;95104599;CN
CN222707376U;95171858;CN
CN119752894A;95195685;CN
CN119819171A;95299594;CN
TW202515584A;95396549;TW
TW202516009A;95396478;TW
CN119842723A;95372529;CN
CN119874868A;95439277;CN
CN119867092A;95424937;CN
CN119867091A;95440420;CN
CN119876133A;95430954;CN
CN119876132A;95433592;CN
CN117143065A;88897361;CN
CN117144509A;88908802;CN
CN117143876A;88883907;CN
CN117137936A;88885225;CN
CN117159737A;88946594;CN
CN117198382A;88985862;CN
CN117187242A;88995286;CN
CN117180448A;88993125;CN
CN117187246A;88988173;CN
CN117210506A;89047479;CN
CN117210466A;89049157;CN
CN117210464A;89034683;CN
CN120544693A;96777542;CN
CN120817997A;97374489;CN
CN119685308A;95039088;CN
CN119709682A;95086859;CN
CN117230061A;89086742;CN
CN117248005A;89136646;CN
CN117247940A;89130997;CN
CN117257723A;89217549;CN
CN117279649A;89210995;CN
CN117257970A;89207017;CN
CN117257764A;89204162;CN
CN117264948A;89211043;CN
CN117264949A;89218406;CN
CN117264957A;89208081;CN
CN117286232A;89253320;CN
CN117281824A;89243355;CN
CN117298135A;89236088;CN
CN117310178A;89272880;CN
ZA202102104B;69058781;ZA
CN121208159A;98115014;CN
PH12013500374A1;44582859;PH
CN114009454A;55218233;CN
MY189214A;57544587;MY
CN114958834A;72183333;CN
CN114854754A;76875400;CN
CN121183048A;98087541;CN
CN121185994A;98087493;CN
CN121177515A;98083657;CN
CN121204302A;98105665;CN
CN121197436A;98122857;CN
CN121204047A;98118341;CN
CN121204147A;98108482;CN
CN121204210A;98109736;CN
CN121208326A;98111862;CN
CN121204050A;98116765;CN
CN121102504A;97951977;CN
CN121109559A;97957041;CN
CN121109393A;97945982;CN
CN121108206A;97951639;CN
CN121135791A;98004808;CN
CN121154841A;98042024;CN
CN121164393A;98030547;CN
CN121164274A;98049055;CN
PL448872A1;98211980;PL
CN113881679A;79016353;CN
CN215667987U;79953669;CN
CN114317549A;81024691;CN
CN114480507A;81512186;CN
CN114480300A;81491610;CN
CN114591412A;81807991;CN
CN115068598A;81870107;CN
CN114854753A;82641252;CN
CN114854752A;82640579;CN
CN121065140A;97842185;CN
CN121064281A;97851637;CN
CN121064271A;97851592;CN
JP2025183940A;91431554;JP
CN121065174A;97840964;CN
CN121081619A;97894030;CN
CN121109383A;97955042;CN
CN114917242A;82812065;CN
CN115261386A;83760469;CN
CN115350272A;84005547;CN
CN115386579A;84114735;CN
CN115227711A;58985583;CN
MX2022000736A;61073121;MX
CN113999846A;66456443;CN
CN121029711A;97761633;CN
CN121022842A;97768413;CN
CN121021598A;97777272;CN
CN121046363A;97809835;CN
CN121046558A;97802221;CN
CN121046524A;97811846;CN
CN121045298A;97810561;CN
CN121046388A;97805727;CN
CN121045299A;97806459;CN
CN121046375A;97814370;CN
CN114555089A;74504309;CN
CN114032236A;80134635;CN
CN114134211A;80384843;CN
CN114317570A;81016268;CN
CN114395629A;81232346;CN
CN114437357A;81364694;CN
CN114540502A;81667277;CN
CN114601934A;81863640;CN
CN114668860A;82077690;CN
CN120983639A;97696767;CN
CN120988051A;97690972;CN
CN120988043A;97690203;CN
CN120989084A;97698431;CN
FI20245658A1;95784157;FI
CN121006369A;97725639;CN
CN121006386A;97728757;CN
CN121015859A;97759284;CN
CN121023651A;97769228;CN
CN114712526A;82244950;CN
CN114807348A;82506620;CN
CN114854750A;82637656;CN
CN115011597A;83066523;CN
CN115141828A;83405370;CN
CN115227708A;83668014;CN
CN115317625A;83912147;CN
CN115317501A;83912500;CN
CN120983640A;97697365;CN
CN120983656A;97688331;CN
CN120989083A;97696292;CN
CN114402074A;74209878;CN
CN114269924A;74685522;CN
CN113897364A;79027980;CN
CN113913455A;79232447;CN
CN114032310A;80147035;CN
CN114129730A;80394667;CN
KR102374547B1;80823891;KR
CN120944969A;97621018;CN
CN120945027A;95558689;CN
CN120944885A;97603851;CN
KR20250161423A;97877308;KR
CN120967068A;97650440;CN
CN120966960A;97648087;CN
CN223561501U;97667914;CN
CN114277058A;80877706;CN
KR20220054117A;81593272;KR
CN114457075A;81406280;CN
CN114507277A;81555403;CN
CN114591956A;81808307;CN
CN114621951A;81898243;CN
CN114717215A;82231685;CN
CN114774445A;82427223;CN
CN114958921A;82977692;CN
CN114958863A;82955074;CN
CN114949218A;82974144;CN
CN115011688A;83067197;CN
CN115011683A;83067250;CN
CN115491374A;84464946;CN
CN120908450A;97550706;CN
CN120899738A;97553041;CN
CN120905383A;97552529;CN
CN120904265A;97550331;CN
CN120919296A;97596072;CN
TWI904869B;98603482;TW
CN120924541A;97590053;CN
JP2022001053A;43991096;JP
CN115216475A;45999941;CN
IL235402B;49581827;IL
ZA201900255B;49916571;ZA
IL237457B;49301675;IL
MY190698A;49999644;MY
IL290273A;51537837;IL
PT2966984T;51538403;PT
CN115518073A;51581450;CN
PL3542819T3;50897961;PL
CN120869755A;97463133;CN
CN120865307A;97473232;CN
CN120866307A;97459742;CN
CN120865572A;97454904;CN
CN120887935A;97506452;CN
TW202223098A;53058284;TW
CN114807335A;53370359;CN
HRP20220379T1;53496918;HR
CN115010780A;52589739;CN
CN120843501A;97419428;CN
CN120837666A;97426250;CN
CN120843506A;97413244;CN
JP2025163629A;97492387;JP
CN120866565A;97466621;CN
CN113930455A;54356656;CN
CN114606228A;56014486;CN
IL291927A;54771155;IL
IL253882B;52876291;IL
JP2022000020A;52998751;JP
SI3277815T1;55752786;SI
CN114224907A;57609287;CN
JP2022003067A;56943909;JP
JP2022000444A;58718980;JP
MX2022010682A;59743186;MX
PL3430141T3;58314191;PL
KR20220111737A;60203364;KR
IL291323A;60942499;IL
CN120796318A;97321832;CN
CN120796271A;97326924;CN
CN120796266A;97315184;CN
MX2021014769A;61245366;MX
IL264887B;61301649;IL
CN120757600A;97249888;CN
CN120758503A;97247618;CN
CN120758676A;97245520;CN
CN120758603A;97240777;CN
CN120758602A;97249435;CN
CN120758505A;97237267;CN
CN120758504A;97239190;CN
CN120771279A;97292170;CN
CN120775998A;97294351;CN
CN120775840A;97287824;CN
CN120771298A;97294467;CN
JP2025155417A;97347569;JP
CN120775961A;97282764;CN
KR20220049052A;62165585;KR
TW202202622A;67845726;TW
ZA202007542B;66867163;ZA
RU2768287C1;69142390;RU
PL3830102T3;63259379;PL
ZA202104625B;69423281;ZA
CN120731923A;97186092;CN
CN120737137A;97188039;CN
JP2025145398A;97271599;JP
CN120738185A;97185181;CN
CN120738184A;97196400;CN
UA130005C2;97231065;UA
CN113924493A;65433610;CN
CN114206389A;70285946;CN
MX2021011249A;72519361;MX
MX2021012126A;70482804;MX
CN114174532A;72666969;CN
CN113906139A;70465458;CN
CN114144524A;72751444;CN
MX2021012981A;72941792;MX
CN120727103A;97158183;CN
CN120718080A;97167538;CN
CN120738325A;97188218;CN
CN114364815A;70779917;CN
CN114072501A;73051342;CN
CN114051531A;66439884;CN
IL287798A;70919104;IL
CN120665860A;97052440;CN
CN120682202A;97071694;CN
CN120683140A;97074899;CN
CN120682292A;97082831;CN
CN120685814A;97078251;CN
CN120695203A;97119557;CN
CN120699997A;97122079;CN
CN120699962A;97110273;CN
JP2025139907A;97214250;JP
CN120718901A;97163092;CN
CN114286865A;66529868;CN
CN114008215A;67002053;CN
CN113924309A;73458301;CN
CN114375194A;73553086;CN
CN114174522A;73552443;CN
IL288259A;72179172;IL
CN114040975A;73651258;CN
CN113939592A;73653327;CN
CN120624439A;96959720;CN
CN120648841A;96997238;CN
CN120647772A;97000244;CN
CN120648680A;96998536;CN
CN120665130A;97059614;CN
CN120665992A;97048666;CN
CN120665129A;97053523;CN
CN113950529A;70918459;CN
CN114025805A;73652272;CN
MX2021015197A;66821029;MX
IL288490A;71515181;IL
CN114096842A;71950782;CN
IL289019A;66999686;IL
CN114341150A;74044347;CN
CN114391042A;74061372;CN
CN114080238A;74059728;CN
CN120591385A;96888104;CN
CN120591261A;96896365;CN
CN120607561A;96925687;CN
CN120608171A;96931882;CN
CN120607560A;96929772;CN
CN120608170A;96923535;CN
CN120624628A;96952860;CN
CN120624613A;96950980;CN
CN120629312A;96958232;CN
CN114040983A;74060730;CN
CN114531876A;74101373;CN
CN114450089A;74115275;CN
CN114127306A;74115001;CN
IL289440A;67226011;IL
CN113930545A;74122886;CN
CN114402071A;74211317;CN
CN120550107A;96826100;CN
CN120554591A;96814294;CN
CN120555653A;96825472;CN
CN120574934A;90123825;CN
CN120570908A;96851805;CN
CN120574276A;96855164;CN
JP2025127817A;96918228;JP
CN120591330A;96894093;CN
CN114502571A;74210881;CN
CN114127284A;74192973;CN
CN114174540A;71833326;CN
CN114144522A;74194298;CN
CN114829586A;72322526;CN
CN114641570A;72243267;CN
CN114286866A;69701185;CN
CN120519634A;96747828;CN
CN120519490A;96749841;CN
CN120519560A;96748168;CN
CN120519462A;96748196;CN
CN120514681A;96747764;CN
JP2025124057A;96845309;JP
CN120531865A;96781525;CN
CN120536428A;96789934;CN
CN120536435A;96787379;CN
CN114466658A;74852162;CN
CN114651070A;74883768;CN
CN114555096A;69375836;CN
CN114514318A;75164999;CN
KR20250122396A;96732624;KR
CN223221487U;96694797;CN
CN120484172A;96680498;CN
PL447752A1;96736208;PL
CN120505315A;96709646;CN
CN120504769A;96704270;CN
CN114616467A;73014649;CN
CN114585750A;75336471;CN
CN114466931A;75337341;CN
CN114729362A;68289777;CN
JP2022177332A;75620735;JP
CN114641581A;75714576;CN
CN114729405A;68583155;CN
CN114981280A;75912390;CN
CN114729393A;68583165;CN
CN114981281A;75913043;CN
CN120442623A;96614941;CN
CN120442624A;96619217;CN
CN120442768A;96607145;CN
CN120442760A;96616671;CN
CN120442620A;96606308;CN
CN120441636A;96613603;CN
CN120468421A;96631220;CN
CN120464681A;96641658;CN
CN120464619A;96627247;CN
IL293327A;76129612;IL
PL450070A1;96584836;PL
PL450063A1;96584830;PL
PL450062A1;96584829;PL
PL450071A1;96584838;PL
PL450069A1;96584833;PL
PL450068A1;96584797;PL
PL450064A1;96584793;PL
PL450067A1;96584840;PL
CN120425024A;96564909;CN
CN120425021A;89843618;CN
KR20250117584A;96737680;KR
CN120424929A;96559048;CN
CN120424938A;96562905;CN
CN114761116A;76222238;CN
CN115038709A;68762669;CN
CN114540534A;76332674;CN
CN115176030A;69322974;CN
CN115176006A;76478555;CN
CN115066501A;74191933;CN
CN114829603A;69104237;CN
CN120366432A;96450685;CN
CN120381520A;96488342;CN
CN120398985A;96510853;CN
CN120400137A;96515954;CN
CN120400305A;96512791;CN
CN120400150A;96525964;CN
CN120398876A;96526764;CN
CN120400136A;96519409;CN
CN114728080A;76686610;CN
MX2022008540A;76788858;MX
CN115279919A;74562039;CN
CN115298322A;74592773;CN
CN120329753A;96366510;CN
CN120330157A;96352547;CN
CN120324454A;96367011;CN
KR102836533B1;96583647;KR
CN120346320A;96405614;CN
CN120346319A;96410208;CN
JP2025108056A;96473337;JP
CN120366446A;96446852;CN
CN115427584A;74798030;CN
CN114929729A;77078383;CN
CN114929876A;77079145;CN
CN115398007A;74860416;CN
IL295757A;74870921;IL
CN115176010A;69742878;CN
CN115515694A;74867585;CN
CN120361034A;96270828;CN
CN120290551A;96283005;CN
CN120285209A;96268220;CN
CN120310891A;96320558;CN
CN120305397A;96325166;CN
CN120310912A;96323252;CN
CN120314486A;96321960;CN
CN115348873A;77891529;CN
CN115485381A;77891988;CN
CN114829628A;77929888;CN
CN115297869A;77928503;CN
TW202200788A;77928010;TW
CN120249243A;96184281;CN
CN120254009A;96192767;CN
CN120247996A;96199716;CN
CN120249442A;96178015;CN
CN120249270A;96219827;CN
CN120267825A;96236685;CN
CN120272471A;96236013;CN
CN120286098A;96282854;CN
CN120290449A;96268864;CN
MY193934A;78023288;MY
TW202203979A;78084821;TW
TW202223390A;78269139;TW
CN114854903A;77908212;CN
MX2022013475A;78374246;MX
MX2022014384A;78707566;MX
TW202216172A;76943130;TW
CN120210327A;96103406;CN
CN120208848A;96098770;CN
CN120205053A;96114591;CN
PL447279A1;94733053;PL
CN120227471A;96156237;CN
CN120230161A;96167533;CN
CN120230159A;96160883;CN
CN120227838A;96166282;CN
CN120230747A;96159502;CN
CN113876956A;79010290;CN
CN113876955A;79010285;CN
CN113876995A;79006700;CN
MY188813A;82800208;MY
CN113897358A;79187487;CN
RU2763746C1;80040057;RU
RU2763933C1;80040328;RU
RU2764020C1;80040285;RU
RU2764023C1;80040283;RU
RU2764022C1;80040270;RU
RU2764021C1;80040260;RU
CN120174074A;96031432;CN
CN120192442A;96067966;CN
CN120192313A;96072216;CN
CN120202299A;96070680;CN
CN120193105A;96064053;CN
MX2020006374A;79554896;MX
CN113943734A;79329515;CN
RU2764807C1;80445228;RU
CN113957141A;79472712;CN
CN113957166A;79459633;CN
CN113957126A;79464555;CN
RU2020125439A;80445035;RU
JP2022017961A;80186125;JP
CN120138228A;95960442;CN
CN120158488A;96007569;CN
CN120164527A;96006703;CN
CN120158449A;96002470;CN
CN120174038A;96033612;CN
CN120174065A;96031290;CN
CN113979935A;79733796;CN
CN113980967A;79750248;CN
RU2765497C1;80214646;RU
CN113999847A;79922546;CN
CN114008217A;79920826;CN
CN113995768A;79923572;CN
JP2022021924A;80220711;JP
JP2022021904A;80220691;JP
CN120082637A;95848024;CN
CN120078905A;95857388;CN
CN120119017A;95917902;CN
CN120118906A;95927374;CN
CN222961346U;95907888;CN
JP2022021905A;80220682;JP
RU2765829C1;80214803;RU
JP2022022690A;80225177;JP
CN114018890A;80063605;CN
CN114015809A;80067413;CN
CN114010786A;80066247;CN
CN215757106U;80107537;CN
JP2022023843A;80226432;JP
CN114032335A;80146187;CN
CN114032288A;80146570;CN
CN114032303A;80139586;CN
CN114047166A;80204664;CN
KR20250076457A;95935031;KR
KR20250076357A;95826917;KR
CN120060567A;95796562;CN
CN120053632A;95804151;CN
CN120060193A;95807451;CN
CN120060433A;95784737;CN
CN120060249A;95795983;CN
CN120060875A;95791578;CN
CN114058736A;80233418;CN
CN114075613A;80283201;CN
CN114075595A;80284272;CN
KR102366490B1;80495563;KR
CN114085289A;80309115;CN
KR102368221B1;80490374;KR
CN114093401A;80300155;CN
CN114106588A;80352533;CN
CN114107536A;80441350;CN
CN114107459A;80378217;CN
KR20250068131A;95913206;KR
CN222872148U;95693625;CN
CN120020146A;88874583;CN
CN120025398A;95733346;CN
CN120040521A;95747544;CN
KR102368835B1;80815068;KR
KR20220026367A;80814023;KR
CN114150001A;80459536;CN
KR20220027342A;80813422;KR
JP2022036733A;80493638;JP
KR20220027341A;80812364;KR
JP2022039056A;80498259;JP
JP2022038517A;80497939;JP
CN114182040A;80544598;CN
CN114182001A;80605348;CN
RU2766344C1;80736513;RU
CN114182048A;80545457;CN
KR20220033171A;80937923;KR
RU2767371C1;80737096;RU
CN119971017A;95647700;CN
CN119971022A;95630420;CN
CN120009374A;95672694;CN
CN114196740A;80651807;CN
CN114199846A;80654017;CN
CN114196675A;80656326;CN
CN114214318A;80699092;CN
CN119909775A;95506824;CN
CN119932157A;95532490;CN
CN119932211A;95540091;CN
CN119925624A;95549152;CN
CN119932155A;95537468;CN
CN119936386A;95543261;CN
CN119932164A;93284470;CN
CN119930725A;95539266;CN
JP2025071533A;95584663;JP
MY190099A;82799992;MY
CN114250224A;80795430;CN
CN114250270A;80795698;CN
CN114250273A;80789755;CN
CN114252602A;80796775;CN
RU2769226C1;81076068;RU
CN114262709A;80830669;CN
CN114277030A;80877169;CN
KR20220043329A;80951555;KR
CN114277113A;80870281;CN
CN114277101A;80871821;CN
CN119876335A;95420310;CN
CN119876147A;95444640;CN
CN119876137A;95435796;CN
MY208254A;96918070;MY
CN119899834A;95472714;CN
CN119896742A;95463677;CN
JP2022055361A;80998008;JP
CN114292891A;80967843;CN
CN114317689A;81030302;CN
CN114317521A;81047472;CN
CN114317816A;81044496;CN
CN114315935A;81018624;CN
CN114324873A;81011492;CN
CN114317683A;81051997;CN
CN114306369A;81013580;CN
CN114316132A;81031144;CN
CN114306370A;81022983;CN
CN114317529A;81051477;CN
CN119856681A;95388815;CN
CN119859630A;95392112;CN
RU2770204C1;81212589;RU
CN114360600A;81105873;CN
CN114350831A;81089655;CN
CN114349800A;81096656;CN
CN114344322A;81106947;CN
CN114369679A;81144160;CN
CN114369130A;81142143;CN
CN119752878A;95182016;CN
CN119752885A;95182015;CN
CN119751526A;95185942;CN
CN119752901A;95185126;CN
CN119775332A;95237643;CN
CN119770410A;95236218;CN
CN119799895A;95274300;CN
CN119800386A;95277905;CN
CN119823989A;95298876;CN
CN119823222A;95293098;CN
CN114381500A;81192664;CN
CN114381457A;81200257;CN
JP2022063510A;81213389;JP
CN114381452A;81194647;CN
RU2770892C1;81306254;RU
CN114395642A;81233728;CN
CN114410764A;81261787;CN
CN114414712A;81271821;CN
CN114410783A;81270624;CN
CN114410633A;81262494;CN
KR102393054B1;81593370;KR
CN114426565A;81311944;CN
CN114425443A;81312128;CN
CN114432447A;81362164;CN
CN114438185A;81370039;CN
CN114438175A;81365431;CN
CN114438085A;81373601;CN
CN114457190A;81417814;CN
MY190671A;82800209;MY
CN114457070A;81411723;CN
CN114457120A;81405952;CN
CN119700798A;95094060;CN
CN119700955A;95088246;CN
CN119708102A;95092792;CN
CN119709956A;95075375;CN
CN119709971A;95103417;CN
CN119708101A;95093998;CN
JP2025046038A;95207418;JP
JP2025046039A;95207534;JP
CN114480577A;81480938;CN
CN114478656A;81512415;CN
CN114480689A;81483252;CN
CN114480377A;81477502;CN
CN114480741A;81485027;CN
CN114480396A;81484458;CN
CN114480651A;81480335;CN
CN114480394A;81480784;CN
CN114507674A;81555584;CN
CN114507719A;81553142;CN
CN119656314A;94985459;CN
CN119662713A;94983656;CN
CN119662793A;94989306;CN
CN119662794A;94991156;CN
CN119657027A;94987729;CN
CN119661615A;94984780;CN
CN222641976U;95014169;CN
CN119662753A;94982220;CN
CN119662648A;94986643;CN
CN119684382A;95038528;CN
CN119685478A;95041446;CN
CN114507667A;81554619;CN
CN114507708A;81546344;CN
KR20220063434A;81800049;KR
JP2022073185A;81604788;JP
LV15635A;81608068;LV
PL436020A1;81710128;PL
CZ36031U1;81846673;CZ
CZ36028U1;81846678;CZ
JP2025033033A;94926271;JP
CN119619487A;94891722;CN
CN119608056A;94900719;CN
CN119639873A;94951491;CN
CN114533901A;81675708;CN
CN114533866A;81667827;CN
CN114539458A;81667962;CN
CN114540384A;80113193;CN
KR20220071072A;81779645;KR
KR20220071070A;81786061;KR
CN114574482A;81774999;CN
CN114574613A;81770442;CN
CN114573652A;81775779;CN
CN114574609A;81771893;CN
CN114592047A;81820490;CN
CN114602414A;81861163;CN
CN114606297A;81856596;CN
JP2025029510A;94825788;JP
MX2023009500A;96349615;MX
CN119569802A;94800109;CN
CN119565690A;94801648;CN
KR20250033918A;95020236;KR
CN119592567A;94838670;CN
CN119592565A;94838468;CN
CN119587707A;94837833;CN
CN114606237A;81870635;CN
CN114608353A;81860364;CN
CN114624442A;81907073;CN
CN114621307A;81906543;CN
CN114634927A;81946617;CN
CN114656512A;82027644;CN
CN114675032A;82070302;CN
CN114672543A;82079071;CN
CN216837895U;82082883;CN
CN114671921A;82080708;CN
CN119530218A;94701839;CN
CN119552871A;94740503;CN
CN119552122A;94745152;CN
CN119552869A;94740249;CN
KR20250030911A;94979853;KR
JP2025029509A;94825792;JP
CN114685586A;82138539;CN
KR20220092112A;82396849;KR
CN114685560A;82133986;CN
CN114686568A;82129253;CN
CN114705855A;82169915;CN
CN119492709A;94624046;CN
CN119490556A;94628518;CN
CN119504601A;94660212;CN
CN119506405A;94660296;CN
CN119506277A;94662565;CN
CN119506242A;94662587;CN
CN119530245A;94702874;CN
CN119529245A;94710490;CN
CN114717309A;82233683;CN
CN114717310A;82234993;CN
CN114717308A;82234976;CN
CN114717298A;82234897;CN
MY191768A;82800017;MY
TW202227640A;83437075;TW
CN114814194A;82536508;CN
CN114814219A;82536638;CN
CN114836415A;82567705;CN
CN114839236A;82564871;CN
CN114836838A;82561272;CN
KR102428504B1;82847430;KR
CN114854854A;82623086;CN
CN119464563A;94573985;CN
KR102768600B1;94825521;KR
CN119462803A;94566522;CN
CN119464295A;94583794;CN
CN119462805A;94569332;CN
CN119409750A;94463872;CN
CN119409751A;94469844;CN
UA158505U;94483517;UA
CN119432841A;94524752;CN
CN119432977A;94524517;CN
CN119425603A;94522541;CN
CN119432985A;94528764;CN
CN119464454A;94566554;CN
CN119476422A;94571173;CN
CN114853822A;82625306;CN
CN114852387A;82623733;CN
CN114853836A;82626846;CN
CN114874376A;82681510;CN
JP2022116588A;82749368;JP
CN114891856A;82724821;CN
BG4296U1;85241313;BG
CN114908083A;82771977;CN
CN114908094A;82771473;CN
CN114908096A;82770400;CN
CN114920791A;82806701;CN
CN114920790A;82807271;CN
CN114917346A;82812320;CN
CN114921550A;82812613;CN
JP2022122481A;82939248;JP
PL437111A1;83723955;PL
PL437110A1;83723959;PL
CN114958025A;82976498;CN
JP2025018380A;94432954;JP
KR20220119929A;83114343;KR
JP2022128449A;83061077;JP
CN114984895A;83018511;CN
CN114989229A;83023384;CN
CN114990160A;83032257;CN
CN114990117A;83034117;CN
CN119345383A;94309695;CN
CN119350418A;94310187;CN
CN119350299A;94303529;CN
CN119351403A;94301954;CN
CN119367528A;94324449;CN
CN119372206A;94332619;CN
CN119372287A;94330336;CN
CN119375172A;94339032;CN
CN119367550A;94334659;CN
CN119372204A;94339404;CN
RO138599A2;94381850;RO
CN114985023A;83018786;CN
CN114984896A;83023623;CN
CN115011726A;83076843;CN
CN115029789A;83122759;CN
CN115029474A;83126867;CN
CN115025729A;83123790;CN
KR20220124652A;83279485;KR
CN119320774A;94233625;CN
JP2025009303A;94279950;JP
CN119331896A;94272750;CN
CN119345178A;94318966;CN
CN119355171A;94314323;CN
JP2022134635A;83231567;JP
KR20220125889A;83281436;KR
CN115058491A;83203706;CN
CN115058531A;83198365;CN
CN115058326A;83203902;CN
CN115057903A;83201900;CN
CN115109842A;75108125;CN
CN119286982A;94157424;CN
CN119280262A;94156775;CN
CN119280416A;94152418;CN
CN119307614A;94187428;CN
CN119307492A;94177895;CN
CN119303344A;94189421;CN
CN119306779A;94186971;CN
JP2025004645A;94217195;JP
JP2025004644A;94217234;JP
CN115109846A;75108124;CN
CN115068601A;83246571;CN
CN115069185A;83254570;CN
CN115094162A;83287354;CN
CN115109841A;83328311;CN
CN115109813A;83325424;CN
CN115109110A;83327547;CN
CN115120713A;83374376;CN
KR20220132985A;83600412;KR
CN115152622A;83479545;CN
CN115161413A;83475554;CN
CN115161414A;83485299;CN
JP2022153338A;83556576;JP
KR20220137534A;83598160;KR
CN119241613A;94021263;CN
CN119241624A;94028547;CN
CN119265194A;94109234;CN
CN119265185A;94108901;CN
CN119269695A;94124268;CN
CN115181782A;83523216;CN
TW202239971A;85460467;TW
JP2022158252A;83639259;JP
CN115198021A;83573440;CN
CZ36448U1;83721597;CZ
KR20220140140A;83803889;KR
CN115211366A;83615474;CN
CN115215915A;83606750;CN
CN217628308U;83618568;CN
CN115216474A;83606244;CN
KR20220145784A;83803183;KR
TW202500763A;95152689;TW
TW202500760A;95152691;TW
TW202500758A;95152684;TW
CN115286671A;83821418;CN
CN115301174A;83861166;CN
KR20220150017A;84101782;KR
CN115323019A;83928542;CN
KR20220150634A;84042638;KR
CN115341016A;83977940;CN
CN115341017A;83956171;CN
NL2030870A;84046032;NL
KR20220152606A;84233160;KR
KR20220152605A;84233091;KR
CN120958322A;91956581;CN
CN115353539A;84032720;CN
CN217829968U;84014492;CN
JP2022173818A;84144135;JP
CN115385974A;84126068;CN
CN115382481A;84115313;CN
CN115385973A;84117059;CN
MY194299A;84424424;MY
KR20220159911A;84391925;KR
KR20220159616A;84391964;KR
KR20220159614A;84391963;KR
KR20220159615A;84392092;KR
KR20220159612A;84391916;KR
JP2022180851A;84327762;JP
CN115449549A;84310968;CN
CN218025890U;84377392;CN
JP2022185222A;84438839;JP
CN119487209A;91716239;CN
CN115479923A;84419328;CN
TW202248423A;84724183;TW
CN115478097A;84423543;CN
CN115491435A;84464462;CN
CN218077815U;84462177;CN
CN115494031A;84464199;CN
CN115494167A;84464900;CN
CN115491410A;84473653;CN
KR20220167474A;84536816;KR
KR20220168405A;84536344;KR
KR20220168754A;84547731;KR
CN115521977A;76601014;CN
CN115517959A;84695627;CN
KR20220169542A;84538169;KR
KR20220169541A;84538143;KR
CN115537416A;84730849;CN
KR20220154244A;51934144;KR
CN114057841A;56127461;CN
MX2021011654A;66286052;MX
CN119790164A;90098001;CN
TW202204617A;75660403;TW
CN115505589A;78250401;CN
TW202214852A;71111284;TW
CN113881683A;79002861;CN
CN113912698A;79241614;CN
CN113943720A;79337530;CN
KR102353473B1;80052773;KR
CN114031733A;80136449;CN
CN114058562A;80278587;CN
CN119654411A;89849397;CN
RU2768752C1;80819482;RU
CN114317457A;81016043;CN
CN114317568A;81020039;CN
CN114375912A;81204564;CN
CN114395572A;81231639;CN
CN114457142A;81415434;CN
CN114480712A;81482669;CN
CN114467968A;81489049;CN
CN114507669A;81548249;CN
CN114540350A;81674016;CN
CN114561300A;81720809;CN
CN114561411A;81719815;CN
CN119522466A;87001864;CN
CN119325628A;81984864;CN
CN120476206A;89193078;CN
CN119365600A;82115614;CN
CN119365596A;89379498;CN
CN114591959A;81813519;CN
DE202022102671U1;82320988;DE
CN114712363A;82232259;CN
CN114736907A;82280766;CN
CN114736899A;82278645;CN
CN114752610A;82336029;CN
CN114807158A;82513786;CN
CN114807130A;82533426;CN
CN114853862A;82629701;CN
CN114853861A;82629243;CN
CN114854761A;82637872;CN
CN114875030A;82680429;CN
CN114891782A;82723818;CN
CN119301253A;88835312;CN
CN119301250A;88877868;CN
CN114921457A;82808435;CN
CN114921467A;82806705;CN
CN114921477A;82814854;CN
CN114958841A;82975527;CN
CN114990228A;83035662;CN
CN115011577A;83077539;CN
CN115011584A;83076177;CN
CN115029357A;83127003;CN
CN115057951A;83197388;CN
CN217459408U;83277861;CN
CN217472157U;83302574;CN
CN115125243A;83376813;CN
CN115161306A;83490083;CN
CN115160423A;83483630;CN
CN115404236A;84169041;CN
JP2022003089A;44227799;JP
JP2022001576A;57397333;JP
CN119325515A;88243539;CN
CN119403936A;88420429;CN
CN114717255A;62513615;CN
RU2765877C1;62837899;RU
KR20220003495A;69568467;KR
PH12021551866A1;69771180;PH
MX2021010412A;72238736;MX
CN114072142A;70483181;CN
IL288398A;71833431;IL
MX2021015003A;73652297;MX
MX2022001460A;74503223;MX
TW202214856A;76859777;TW
CN113913516A;79232665;CN
CN113957092A;79463694;CN
CN114015688A;80057100;CN
CN114107360A;80361829;CN
CN114149994A;80459992;CN
CN114196687A;80656136;CN
CN114196676A;80649510;CN
CN114195872A;80646617;CN
CN114213513A;80696835;CN
CN114231539A;80745331;CN
CN114292869A;80971435;CN
CN114292317A;80970871;CN
CN114317484A;81017829;CN
CN114316007A;81016041;CN
CN114317553A;81013761;CN
CN114350764A;81099558;CN
CN114369623A;81144076;CN
CN114380898A;81203105;CN
CN114380899A;81202184;CN
ZA202110624B;81307787;ZA
CN114409554A;81279375;CN
CN114410683A;81273487;CN
CN114437192A;81367038;CN
KR20220059913A;81592132;KR
CN114457045A;81416349;CN
CN114478735A;81486929;CN
CN114480382A;81490068;CN
CN114507670A;81547672;CN
CN114557322A;81717208;CN
CN114621972A;81896791;CN
CN114645047A;81991545;CN
CN114672504A;82072660;CN
CN114716489A;82234435;CN
CN114731986A;82282194;CN
CN114736920A;82274834;CN
CN114752599A;82336912;CN
CN114752630A;82330338;CN
CN114807222A;82522051;CN
CN114807156A;82536827;CN
CN114805526A;82509296;CN
CN114836428A;82574986;CN
CN114836420A;82567289;CN
CN114832105A;82560943;CN
CN114854774A;82622848;CN
CN114891083A;82720538;CN
CN114891789A;82715308;CN
CN114917344A;82808541;CN
CN114921494A;82804339;CN
CN114990156A;83036382;CN
CN115011627A;83069247;CN
CN115011591A;83079750;CN
CN115058449A;83202133;CN
CN115074360A;83241541;CN
ES2925398A1;83598259;ES
CN115197307A;83575982;CN
CN115261385A;83760393;CN
CN115287243A;83821174;CN
MY194050A;84441551;MY
CN115477687A;84394980;CN
CN115505593A;84499257;CN
CN115537424A;84722935;CN
PH12013500361A1;45938402;PH
HUE056609T2;49304652;HU
CN114641279A;68994786;CN
CN114144423A;71129448;CN
CN113966236A;70480820;CN
CN114126628A;70919182;CN
CN114174512A;73458342;CN
CN113891939A;73553862;CN
CN114832108A;73951595;CN
CN114096258A;74114181;CN
CN114585633A;72148134;CN
CN114173783A;74686112;CN
CN114341355A;74685041;CN
CN114728999A;67874384;CN
CN114134151A;75017147;CN
JP2025069248A;84246136;JP
CN114585383A;75538813;CN
CN114599375A;75620734;CN
CN114788868A;75591653;CN
CN114958844A;75594193;CN
JP2022177340A;75715171;JP
CN115058521A;75930281;CN
MX2022006846A;76222671;MX
CN114828830A;76329876;CN
MX2022007669A;74505291;MX
TW202231285A;77490200;TW
CN114767657A;77532129;CN
DE102021133531A1;78824268;DE
CN114752670A;78986694;CN
CN113881670A;79007424;CN
CN113881666A;79011053;CN
CN113897386A;79187730;CN
CN113897385A;79187724;CN
CN113897337A;79187475;CN
CN113917143A;79231470;CN
CN113913423A;79231923;CN
CN113913515A;79232495;CN
CN113917145A;79231382;CN
CN113913513A;79231840;CN
CN113917144A;79231544;CN
CN113913523A;79248042;CN
CN113917146A;79232492;CN
CN113913428A;79240318;CN
CN113933508A;79273573;CN
CN113930422A;79273582;CN
CN113930502A;79273606;CN
CN113925877A;79284543;CN
CN113943798A;79326858;CN
CN113940920A;79329024;CN
CN113952462A;79471001;CN
KR20220011371A;80051248;KR
CN113980912A;79742008;CN
CN113980966A;79737687;CN
CN113995840A;79922638;CN
CN113995851A;79923408;CN
CN113995852A;79927941;CN
CN114042161A;80209608;CN
CN114042053A;80206018;CN
JP2025111579A;83155398;JP
CN114053248A;80232826;CN
CN114075563A;80283534;CN
CN114081960A;80302208;CN
CN114085815A;80296968;CN
CN114081950A;80295350;CN
CN114085832A;80297449;CN
CN114099536A;80372666;CN
CN114099695A;80369811;CN
CN114099689A;80361385;CN
CN114107214A;80396985;CN
CN114107184A;80370369;CN
CN114134230A;80389578;CN
CN114146178A;80458299;CN
JP2025000698A;73460647;JP
CN114149991A;80459036;CN
CN114159571A;80489516;CN
CN114159566A;80489515;CN
CN114181940A;80543395;CN
CN114191539A;80648847;CN
CN114196671A;80646070;CN
CN114196672A;80646321;CN
CN114209848A;80706068;CN
CN114225051A;80757268;CN
CN114224869A;80760224;CN
CN114249781A;80798945;CN
CN114250229A;80791136;CN
JP2025032152A;76325516;JP
JP2025090796A;76502738;JP
CN114259502A;80829605;CN
CN114277121A;80877491;CN
CN114292850A;80975736;CN
CN114292844A;80965282;CN
CN114288423A;80976973;CN
CN114324126A;81024425;CN
CN114306621A;81052915;CN
CN114306625A;81025150;CN
CN114306639A;81024583;CN
CN114306278A;81017155;CN
JP2025102850A;73744600;JP
JP2025014002A;74065411;JP
JP2025066777A;75716293;JP
JP2025114590A;76221697;JP
JP2025041765A;69322957;JP
CN114344261A;81098206;CN
CN114349811A;81107158;CN
CN114344323A;81093110;CN
CN114369598A;81138230;CN
KR20220048954A;81395422;KR
RU2020134974A;81306050;RU
CN114404608A;81262255;CN
JP2025041682A;69143579;JP
JP2025003992A;71736317;JP
JP2025003951A;71736903;JP
JP2025000693A;71840111;JP
JP2025176067A;72144173;JP
JP2025060638A;69941516;JP
JP2025000805A;72520445;JP
JP2025093956A;72612098;JP
JP2025096396A;70286009;JP
JP2025014018A;70465467;JP
JP2025014034A;72751438;JP
JP2025106369A;73290056;JP
JP2025037897A;73650247;JP
CN114432452A;81373554;CN
CN114452266A;81413048;CN
CN114457081A;81415693;CN
CN114470237A;81489097;CN
CN114469983A;81480910;CN
CN114480400A;81486509;CN
CN114470212A;81488664;CN
CN114480390A;81474822;CN
CN114480399A;81486871;CN
CN114480398A;81485956;CN
JP2025041782A;62748778;JP
ES3036906T3;68987473;ES
JP2025026849A;63364368;JP
CN120519574A;63371597;CN
JP2025121926A;69644689;JP
JP2025121914A;68242880;JP
JP2025000717A;71101859;JP
IL320427A;65729436;IL
PL3762510T3;61691899;PL
CN120098033A;61691626;CN
JP2025084742A;68101489;JP
CN119709744A;68163046;CN
JP2025001662A;67003659;JP
CN114522235A;81625439;CN
CN114540294A;81663576;CN
CN114540422A;81663257;CN
CN114558138A;81711139;CN
CN114561469A;81719752;CN
CN114574494A;81778386;CN
CN114569598A;81778890;CN
CN114574583A;81782885;CN
CN114569721A;81773279;CN
CN114569737A;81768978;CN
CN114574491A;81777294;CN
JP2025159729A;66174262;JP
JP2025011076A;66247993;JP
JP2025084969A;67481506;JP
JP2025038215A;66819714;JP
MY208589A;67301565;MY
JP2025122187A;65516684;JP
CN114574486A;81768716;CN
CN114591426A;81804685;CN
CN114606196A;81856533;CN
CN114606233A;81864595;CN
CN114617980A;81901003;CN
CN114617977A;81898152;CN
CN114621953A;81900065;CN
CN114632155A;81950133;CN
ES3008759T3;59569297;ES
CN119824552A;62200563;CN
MX386201B;59676794;MX
ES2998109T3;65271566;ES
CN114652698A;82027724;CN
CN114660160A;82024341;CN
CN114668742A;82075059;CN
CN114672551A;82080938;CN
CN114668743A;82074148;CN
CN114668858A;82080434;CN
CN114672485A;82070915;CN
CN114689856A;82136819;CN
CN114686481A;82136215;CN
CN114685585A;82137276;CN
CN114685587A;82141162;CN
CN114686482A;82136670;CN
CN114699536A;82168235;CN
CN114703271A;82167049;CN
JP2025027114A;58267152;JP
JP2025026976A;57758674;JP
ES2999138T3;59276874;ES
CN114717263A;82245923;CN
CN114716490A;82236997;CN
CN114712381A;82240952;CN
CN114732909A;82277253;CN
CN114751835A;82329141;CN
CN114748640A;82333603;CN
CN114763324A;82364560;CN
CN114767704A;82423361;CN
CN114774422A;82421073;CN
CN114790233A;82461035;CN
JP2025072507A;48083608;JP
MX384803B;48539454;MX
JP2025111544A;53433312;JP
JP2025015673A;56544138;JP
KR20220107624A;82549891;KR
CN114807049A;82518077;CN
CN114807376A;82520467;CN
CN114807136A;82509090;CN
CN114807127A;82527277;CN
CN114807372A;82515411;CN
CN114807141A;82515294;CN
CN114807354A;82515581;CN
CN114807131A;82532920;CN
CN114832117A;82569127;CN
CN114836424A;82571884;CN
CN114854738A;82623265;CN
CN114875029A;82678812;CN
CN121087221A;97900113;CN
CN121087060A;97890253;CN
CN121136991A;97981833;CN
CN121136982A;97991388;CN
CN121130078A;97984911;CN
CN119345375A;94313456;CN
CN119432845A;94506491;CN
CN119746041A;95187204;CN
CN120629572A;96967232;CN
CN120754264A;97247761;CN
CN120771288A;97283396;CN
CN120818518A;97374612;CN
CN120818556A;97373816;CN
CN120843512A;97421926;CN
CN120866407A;97470022;CN
CN120888567A;97498101;CN
CN120944930A;97621151;CN
CN121006361A;97726088;CN
CN121006360A;97724526;CN
CN121022863A;97757165;CN
CN121022940A;97778438;CN
CN121065266A;97851192;CN
CN121065275A;97842912;CN
CN120267834A;96233908;CN
CN120361223A;96454272;CN
CN120424189A;96561467;CN
CN120464636A;96627457;CN
CN120505312A;96704399;CN
CN120519479A;96742099;CN
CN120536437A;96792592;CN
CN120536451A;96784783;CN
CN120608064A;96930430;CN
CN120608073A;96925158;CN
CN120624542A;96959155;CN
CN120624441A;96952923;CN
CN120648679A;97003331;CN
CN119709647A;95092195;CN
CN119710010A;95101801;CN
CN119799778A;95276628;CN
CN119824029A;95295532;CN
CN119913154A;95506393;CN
CN119979695A;95640410;CN
CN119978087A;95626892;CN
CN119978088A;95632231;CN
CN120004991A;95672318;CN
CN120060296A;95796685;CN
CN120082568A;95850483;CN
CN120099003A;95890996;CN
CN120173960A;96030816;CN
CN120174108A;96026076;CN
CN120193023A;96073746;CN
CN114869858A;82670250;CN
CN114887065A;82716921;CN
CN114887083A;82724247;CN
CN114908171A;82766030;CN
CN114908100A;82767341;CN
CN114904010A;82766274;CN
CN114921545A;82808048;CN
CN114917360A;82809329;CN
CN114931584A;82862148;CN
CN114940994A;82906874;CN
CN114958854A;82966165;CN
CN114958891A;82956642;CN
CN119265196A;94118270;CN
CN119331840A;94272908;CN
CN119372219A;94328358;CN
TW202504645A;95555214;TW
CN119391851A;94425620;CN
CN119464304A;94592475;CN
CN119464287A;94589253;CN
CN119506294A;94668477;CN
CN119499271A;94661187;CN
CN119552235A;94746002;CN
CN119560014A;94742277;CN
CN119614569A;94909446;CN
CN119639758A;94951194;CN
CN119685328A;95038761;CN
CN121046385A;97801701;CN
CN121046378A;97810536;CN
CN121041455A;97809958;CN
CN121109398A;97940296;CN
CN121197439A;98104545;CN
CN121221630A;98151075;CN
CN119242784A;94022078;CN
CN120041572A;95749765;CN
CN120099160A;95890698;CN
CN120253794A;96182035;CN
CN120400331A;96520692;CN
CN120400201A;96506862;CN
CN120459310A;96632490;CN
CN120478643A;96670556;CN
CN120604777A;96923055;CN
CN120661658A;97049601;CN
CN120789091A;97324766;CN
CN120843504A;97424290;CN
CN120899739A;97556814;CN
CN120944887A;97614371;CN
CN120977401A;97650046;CN
CN120983470A;97692041;CN
CN119318711A;94228584;CN
CN119318712A;94230251;CN
CN119386184A;94421027;CN
CN119662653A;94996670;CN
CN119679951A;95027570;CN
CN119746070A;95191740;CN
CN119776529A;95240489;CN
CN119776528A;95238085;CN
CN119776527A;95238902;CN
CN119876122A;95438098;CN
CN119868553A;95426741;CN
CN119896747A;95465731;CN
CN119936410A;95535364;CN
CN120000576A;95663278;CN
CN120041564A;95760688;CN
CN114949222A;82978562;CN
CN114958855A;82965738;CN
CN114958839A;82973496;CN
CN114990038A;83030324;CN
CN114990221A;83037292;CN
CN114990116A;83028661;CN
CN115006552A;83068275;CN
CN115006526A;83069481;CN
CN115011599A;83070395;CN
CN115006370A;83074914;CN
CN115011635A;83075574;CN
CN115029310A;83119074;CN
CN115029320A;83125821;CN
CN121058651A;97845733;CN
LU602034B1;97965106;LU
CN121204002A;98111531;CN
JP2025170347A;73198470;JP
CN119280273A;94158620;CN
CN119280425A;94156618;CN
CN115025216A;83119584;CN
CN115025045A;83123990;CN
CN115044584A;83162056;CN
JP2022135668A;83231194;JP
CN115058420A;83199439;CN
CN115058425A;83204569;CN
CN115078738A;83256242;CN
CN115074438A;83248328;CN
CN115074362A;83254422;CN
CZ38820U1;97171381;CZ
CZ38818U1;97171407;CZ
CZ38819U1;97171403;CZ
CN120775844A;97282135;CN
CN120796274A;97327080;CN
KR102879675B1;97722007;KR
CN120939037A;97617644;CN
CN120966933A;97650059;CN
CN115120572A;83380262;CN
CN115120725A;83377210;CN
CN115120726A;83377325;CN
TW202237839A;85460243;TW
KR20220133812A;83596679;KR
CN115154608A;83477252;CN
CN115160514A;83482674;CN
CN115154478A;83488628;CN
CN115181745A;83512403;CN
CN115192601A;83583572;CN
CN120121689A;95923185;CN
CN120230762A;96158379;CN
CN120249490A;96177049;CN
UA160198U;96658587;UA
CN120608062A;96931868;CN
CN120608079A;96923035;CN
CN120608074A;96926911;CN
CN119464280A;94572284;CN
CN119639744A;94954869;CN
CN119932013A;95547600;CN
CN120118959A;95926728;CN
CN120624433A;96952742;CN
CN120700060A;97109416;CN
CN120699964A;97113477;CN
TW202523842A;97224048;TW
CN121221557A;98157532;CN
KR20250074723A;95932499;KR
KR20250074724A;95932810;KR
CN120114600A;95928353;CN
CN115232819A;83667776;CN
CN115245518A;83697690;CN
CN115245572A;83699761;CN
CN115261387A;83760503;CN
CN115300642A;83861519;CN
CN115317604A;83924409;CN
CN115317612A;83918647;CN
CN115327168A;83917684;CN
CN115337322A;83978014;CN
CN115337268A;83947036;CN
CN115337284A;83954141;CN
CN119842750A;95364073;CN
CN120365399A;96441268;CN
CN120556152A;96819734;CN
CN120944877A;97610304;CN
CN119265195A;94108317;CN
CN119286858A;94154134;CN
CN119307556A;94189522;CN
CN119320770A;94227949;CN
CN119464320A;94589903;CN
CN115337397A;83977714;CN
CN115386360A;84116308;CN
CN115436635A;84248681;CN
CN115429896A;84271894;CN
CN115433731A;84243341;CN
