duplex_id,sense_sequence,antisense_sequence,sense_sequence_unmodified,antisense_sequence_unmodified,sense_oligo_id,antisense_oligo_id,cell_line,dose_nM,inhibition_percent,value_sd,replicate,transfection_method,target_gene_name,patent_id,source_file
AD-58093,AfaUfaAfcUfcAfCfUfaUfaAfuUfaCfuUfL96,aAfgUfaAfuUfaUfaguGfaGfuUfaUfusUfsu,AAUAACUCACUAUAAUUACUU,AAGUAAUUAUAGUGAGUUAUUUU,,,,10.0,84.38,7.48,,free uptake,,EP4365291,EP4365291NWA2_table_06_T7_in_vitro_tables.csv; EP4365291NWA2_table_07_T8_in_vitro_tables.csv
AD-58099,UfgAfcAfaAfaUfAfAfcUfcAfcUfaUfaAfL96,uUfaUfaGfuGfaGfuuaUfuUfuGfuCfasAfsu,UGACAAAAUAACUCACUAUAA,UUAUAGUGAGUUAUUUUGUCAAU,,,,10.0,90.93,1.18,,free uptake,,EP4365291,EP4365291NWA2_table_06_T7_in_vitro_tables.csv; EP4365291NWA2_table_07_T8_in_vitro_tables.csv
AD-58105,CfuUfcCfuCfuGfGfAfaAfuUfgGfcCfuUfL96,aAfgGfcCfaAfuUfuccAfgAfgGfaAfgsCfsa,CUUCCUCUGGAAAUUGGCCUU,AAGGCCAAUUUCCAGAGGAAGCA,,,,10.0,63.29,5.07,,free uptake,,EP4365291,EP4365291NWA2_table_06_T7_in_vitro_tables.csv; EP4365291NWA2_table_07_T8_in_vitro_tables.csv
AD-58111,GfaCfaAfaAfuAfAfCfuCfaCfuAfuAfaUfL96,aUfuAfuAfgUfgAfguuAfuUfuUfgUfcsAfsa,,,,,,10.0,88.17,3.51,,free uptake,,EP4365291,EP4365291NWA2_table_06_T7_in_vitro_tables.csv; EP4365291NWA2_table_07_T8_in_vitro_tables.csv
AD-58117,UfcCfuCfuGfgAfAfAfuUfgGfcCfuUfcAfL96,uGfaAfgGfcCfaAfuuuCfcAfgAfgGfasAfcg,UCCUCUGGAAAUUGGCCUUCA,UGAAGGCCAAUUUCCAGAGGAAG,,,,10.0,87.57,2.0,,free uptake,,EP4365291,EP4365291NWA2_table_06_T7_in_vitro_tables.csv; EP4365291NWA2_table_07_T8_in_vitro_tables.csv
AD-58123,AfaGfcAfaGfaUfAfUfuUfuUfaUfaAfuAfL96,uAfuUfaUfaAfaAfauaUfcUfuGfcUfusUfsu,AAGCAAGAUAUUUUUAUAAUA,UAUUAUAAAAAUAUCUUGCUUUU,,,,10.0,91.95,2.89,,free uptake,,EP4365291,EP4365291NWA2_table_06_T7_in_vitro_tables.csv; EP4365291NWA2_table_07_T8_in_vitro_tables.csv
AD-58129,AfaAfaUfgUfuUfUfUfgUfcAfaGfuAfcAfL96,uGfuAfcUfuGfaCfaaaAfaCfaUfuUfusCfsu,AAAAUGUUUUUGUCAAGUACA,UGUACUUGACAAAAACAUUUUCU,,,,10.0,89.23,1.3,,free uptake,,EP4365291,EP4365291NWA2_table_06_T7_in_vitro_tables.csv; EP4365291NWA2_table_07_T8_in_vitro_tables.csv
AD-58088,AfuUfuAfaAfcAfAfCfaAfgUfaCfcUfuUfL96,aAfaGfgUfaCfuUfguuGfuUfuAfaAfusCfsu,,,,,,10.0,93.45,1.24,,free uptake,,EP4365291,EP4365291NWA2_table_06_T7_in_vitro_tables.csv; EP4365291NWA2_table_07_T8_in_vitro_tables.csv
AD-58094,AfuUfcAfgAfaAfGfUfcUfgUfgAfaGfgAfL96,uCfcUfuCfaCfaGfacuUfuCfuGfaAfusUfsu,AUUCAGAAAGUCUGUGAAGGA,UCCUUCACAGACUUUCUGAAUUU,,,,10.0,80.41,7.64,,free uptake,,EP4365291,EP4365291NWA2_table_06_T7_in_vitro_tables.csv; EP4365291NWA2_table_07_T8_in_vitro_tables.csv
AD-58100,AfcAfcUfgAfaGfCfAfuUfuGfaUfgCfaAfL96,uUfgCfaUfcAfaAfugcUfuCfaGfuGfusAfsu,ACACUGAAGCAUUUGAUGCAA,UUGCAUCAAAUGCUUCAGUGUAU,,,,10.0,89.08,0.74,,free uptake,,EP4365291,EP4365291NWA2_table_06_T7_in_vitro_tables.csv; EP4365291NWA2_table_07_T8_in_vitro_tables.csv
AD-58106,GfUlfgUfuCfuGfUfGfuUfaAfaAfuGfuCfL96,gAfcAfuUfuUfaAfcacAfgAfaCfuGfcsAfsu,GCAGUUCUGUGUUAAAAUGUC,GACAUUUUAACACAGAACUGCAU,,,,10.0,89.03,2.49,,free uptake,,EP4365291,EP4365291NWA2_table_06_T7_in_vitro_tables.csv; EP4365291NWA2_table_07_T8_in_vitro_tables.csv
AD-58112,AfgGfaUfuUfuGfAfGfuGfuAfaAfaGfgAfL96,uCfcUfuUfuAfcAfcucAfaAfaUfcCfusUfsu,,,,,,10.0,86.76,2.9,,free uptake,,EP4365291,EP4365291NWA2_table_06_T7_in_vitro_tables.csv
AD-58118,AfaUfgAfuGfaAfCfCfuUfgUfaAfaGfaAfL96,uUfcUfuUfaCfaAfgguUfcAfuCfaUfusUfsu,AAUGAUGAACCUUGUAAAGAA,UUCUUUACAAGGUUCAUCAUUUU,,,,10.0,93.37,0.54,,free uptake,,EP4365291,EP4365291NWA2_table_06_T7_in_vitro_tables.csv
AD-58124,AfuCfaUfuGfgAfAfCfaUfuUfuUfcAfuUfL96,aAfuGfaAfaAfaUfguuCfcAfaUfgAfusUfsu,AUCAUUGGAACAUUUUUCAUU,AAUGAAAAAUGUUCCAAUGAUUU,,,,10.0,92.83,1.44,,free uptake,,EP4365291,EP4365291NWA2_table_06_T7_in_vitro_tables.csv
AD-58130,AfgCfcAfgAfaAfUfUfcGfgAfgUfuAfuUfL96,aAfuAfaCfuCfcGfaauUfuCfuGfgCfusUfsg,AGCCAGAAAUUCGGAGUUAUU,AAUAACUCCGAAUUUCUGGCUUG,,,,10.0,89.62,2.36,,free uptake,,EP4365291,EP4365291NWA2_table_06_T7_in_vitro_tables.csv
AD-58089,UfcCfcUfgGfgAfGfAfuAfaAfaCfuCfaCfL96,gUfgAfgUfuUfuAfucuCfcCfaGfgGfasAfsa,UCCCUGGGAGAUAAAACUCAC,GUGAGUUUUAUCUCCCAGGGAAA,,,,10.0,91.19,2.91,,free uptake,,EP4365291,EP4365291NWA2_table_06_T7_in_vitro_tables.csv
AD-58095,GfaAfaAfuGfaUfGfAfaCfcUfuGfuAfaAfL96,ullfuAfcAfaGfgUfucaUfcAfuUfuUfcsUfsu,GAAAAUGAUGAACCUUGUAAA,UUUACAAGGUUCAUCAUUUUCUU,,,,10.0,91.28,1.04,,free uptake,,EP4365291,EP4365291NWA2_table_06_T7_in_vitro_tables.csv
AD-58101,AfuUfgCfuCfaAfGfUfcAfcAfuUfuGfaUfL96,aUfcAfaAfuGfuGfacuUfgAfgCfaAfusUfsc,AUUGCUCAAGUCACAUUUGAU,AUCAAAUGUGACUUGAGCAAUUC,,,,10.0,91.83,1.3,,free uptake,,EP4365291,EP4365291NWA2_table_06_T7_in_vitro_tables.csv
AD-58107,GfaGfaUfuGfcAfUfAfuGfcUfuAfuAfaAfL96,uUfuAfuAfaGfcAfuauGfcAfaUfcUfcsUfsg,GAGAUUGCAUAUGCUUAUAAA,UUUAUAAGCAUAUGCAAUCUCUG,,,,10.0,95.16,1.66,,free uptake,,EP4365291,EP4365291NWA2_table_06_T7_in_vitro_tables.csv
AD-58113,GfuUfaUfcCfuGfAfUfaAfaAfaAfuUfuAfL96,uAfaAfuUfuUfuUfaucAfgGfaUfaAfcsUfsu,GUUAUCCUGAUAAAAAAUUUA,UAAAUUUUUUAUCAGGAUAACUU,,,,10.0,91.22,1.77,,free uptake,,EP4365291,EP4365291NWA2_table_06_T7_in_vitro_tables.csv
AD-58119,AfgGfaAfgUfuUfGfCfaGfcUfuUfuAfuUfL96,aAfuAfaAfaGfcUfgcaAfaCfuUfcCfusCfsa,AGGAAGUUUGCAGCUUUUAUU,AAUAAAAGCUGCAAACUUCCUCA,,,,10.0,91.1,0.91,,free uptake,,EP4365291,EP4365291NWA2_table_06_T7_in_vitro_tables.csv
AD-58125,GfaAfgAfaAfuUfGfAfuCfaUfaUfuGfgAfL96,uCfcAfaUfaUfgAfucaAfuUfuCfuUfcsUfsa,GAAGAAAUUGAUCAUAUUGGA,UCCAAUAUGAUCAAUUUCUUCUA,,,,10.0,88.87,2.61,,free uptake,,EP4365291,EP4365291NWA2_table_06_T7_in_vitro_tables.csv
AD-58131,AfuCfcUfgAfuAfAfAfaAfaUfuUfaGfuUfL96,aAfcUfaAfaUfuUfuuuAfuCfaGfgAfusAfsa,AUCCUGAUAAAAAAUUUAGUU,AACUAAAUUUUUUAUCAGGAUAA,,,,10.0,86.5,1.08,,free uptake,,EP4365291,EP4365291NWA2_table_06_T7_in_vitro_tables.csv
AD-58090,UfgGfaAfaAfgAfAfAfuCfuUfaGfuAfaAfL96,uUfuAfcUfaAfgAfuuuCfuUfuUfcCfasAfsa,,,,,,10.0,92.1,2.95,,free uptake,,EP4365291,EP4365291NWA2_table_06_T7_in_vitro_tables.csv
AD-58096,UfcUfuAfuCfaAfAfGfuAfuAfaAfcAfuUfL96,aAfuGfuUfuAfuAfcuuUfgAfuAfaGfasUfsg,UCUUAUCAAAGUAUAAACAUU,AAUGUUUAUACUUUGAUAAGAUG,,,,10.0,91.98,1.54,,free uptake,,EP4365291,EP4365291NWA2_table_06_T7_in_vitro_tables.csv
AD-58102,UfcCfcUfaCfaAfAfCfuGfaAfuUfuGfgUfL96,aCfcAfaAfuUfcAfguuUfgUfaGfgGfasGfsa,UCCCUACAAACUGAAUUUGGU,ACCAAAUUCAGUUUGUAGGGAGA,,,,10.0,87.6,1.83,,free uptake,,EP4365291,EP4365291NWA2_table_06_T7_in_vitro_tables.csv
AD-58108,CfaGfgAfgCfaAfAfCfaUfaUfgUfcAfuUfL96,aAfuGfaCfaUfaUfguuUfgCfuCfcUfgsUfsc,CAGGAGCAAACAUAUGUCAUU,AAUGACAUAUGUUUGCUCCUGUC,,,,10.0,87.98,2.88,,free uptake,,EP4365291,EP4365291NWA2_table_06_T7_in_vitro_tables.csv
AD-58114,AfcAfuGfuAfaCfAfAfcUfgUfaGfuUfcAfL96,uGfaAfcUfaCfaGfuugUfuAfcAfuGfusAfsc,ACAUGUAACAACUGUAGUUCA,UGAACUACAGUUGUUACAUGUAC,,,,10.0,88.14,1.48,,free uptake,,EP4365291,EP4365291NWA2_table_06_T7_in_vitro_tables.csv
AD-58120,CfaGfgAfaAfuCfAfUfuGfgAfaCfaUfuUfL96,aAfaUfgUfuCfcAfaugAfuUfuCfcUfgsUfsu,CAGGAAAUCAUUGGAACAUUU,AAAUGUUCCAAUGAUUUCCUGUU,,,,10.0,92.35,0.58,,free uptake,,EP4365291,EP4365291NWA2_table_06_T7_in_vitro_tables.csv
AD-58126,UfuUfaAfgAfaUfUfUfuGfaAfaUfuAfcUfL96,aGfuAfaUfuUfcAfaaaUfuCfuUfaAfasGfsu,UUUAAGAAUUUUGAAAUUACU,AGUAAUUUCAAAAUUCUUAAAGU,,,,10.0,91.55,2.08,,free uptake,,EP4365291,EP4365291NWA2_table_06_T7_in_vitro_tables.csv
AD-58132,UfaUfuCfuGfcAfAfCfuGfaAfuUfcGfaUfL96,aUfcGfaAfuUfcAfguuGfcAfgAfaUfasAfsc,UAUUCUGCAACUGAAUUCGAU,AUCGAAUUCAGUUGCAGAAUAAC,,,,10.0,91.5,2.52,,free uptake,,EP4365291,EP4365291NWA2_table_06_T7_in_vitro_tables.csv
AD-58091,GCCCUUGGAAAGAGUAUUUCA,UGAAAUACUCUUUCCAAGGGCUU,GCCCUUGGAAAGAGUAUUUCA,UGAAAUACUCUUUCCAAGGGCUU,,,,10.0,91.32,2.95,,free uptake,,EP4365291,EP4365291NWA2_table_06_T7_in_vitro_tables.csv
AD-58097,,,,,,,,10.0,90.69,0.67,,free uptake,,EP4365291,EP4365291NWA2_table_06_T7_in_vitro_tables.csv
AD-58103,CfcCfuUfgGfaAfAfGfaGfuAfuUfuCfaAfL96,uUfgAfaAfuAfcUfcuuUfcCfaAfgGfgsCfsu,CCCUUGGAAAGAGUAUUUCAA,UUGAAAUACUCUUUCCAAGGGCU,,,,10.0,91.47,2.9,,free uptake,,EP4365291,EP4365291NWA2_table_06_T7_in_vitro_tables.csv
AD-1955,,,,,,,,10.0,42.59,10.76,,free uptake,,EP4365291,EP4365291NWA2_table_06_T7_in_vitro_tables.csv; EP4365291NWA2_table_07_T8_in_vitro_tables.csv
Mock,,,,,,,,10.0,21.39,5.7,,free uptake,,EP4365291,EP4365291NWA2_table_06_T7_in_vitro_tables.csv; EP4365291NWA2_table_07_T8_in_vitro_tables.csv
Untreated,,,,,,,,10.0,0.0,6.13,,free uptake,,EP4365291,EP4365291NWA2_table_06_T7_in_vitro_tables.csv; EP4365291NWA2_table_07_T8_in_vitro_tables.csv
AD-58093,AfaUfaAfcUfcAfCfUfaUfaAfuUfaCfuUfL96,aAfgUfaAfuUfaUfaguGfaGfuUfaUfusUfsu,AAUAACUCACUAUAAUUACUU,AAGUAAUUAUAGUGAGUUAUUUU,,,,0.1,78.4,6.52,,free uptake,,EP4365291,EP4365291NWA2_table_06_T7_in_vitro_tables.csv; EP4365291NWA2_table_07_T8_in_vitro_tables.csv
AD-58099,UfgAfcAfaAfaUfAfAfcUfcAfcUfaUfaAfL96,uUfaUfaGfuGfaGfuuaUfuUfuGfuCfasAfsu,UGACAAAAUAACUCACUAUAA,UUAUAGUGAGUUAUUUUGUCAAU,,,,0.1,85.3,4.65,,free uptake,,EP4365291,EP4365291NWA2_table_06_T7_in_vitro_tables.csv; EP4365291NWA2_table_07_T8_in_vitro_tables.csv
AD-58105,CfuUfcCfuCfuGfGfAfaAfuUfgGfcCfuUfL96,aAfgGfcCfaAfuUfuccAfgAfgGfaAfgsCfsa,CUUCCUCUGGAAAUUGGCCUU,AAGGCCAAUUUCCAGAGGAAGCA,,,,0.1,39.77,19.83,,free uptake,,EP4365291,EP4365291NWA2_table_06_T7_in_vitro_tables.csv; EP4365291NWA2_table_07_T8_in_vitro_tables.csv
AD-58111,GfaCfaAfaAfuAfAfCfuCfaCfuAfuAfaUfL96,aUfuAfuAfgUfgAfguuAfuUfuUfgUfcsAfsa,,,,,,0.1,77.22,12.75,,free uptake,,EP4365291,EP4365291NWA2_table_06_T7_in_vitro_tables.csv; EP4365291NWA2_table_07_T8_in_vitro_tables.csv
AD-58117,UfcCfuCfuGfgAfAfAfuUfgGfcCfuUfcAfL96,uGfaAfgGfcCfaAfuuuCfcAfgAfgGfasAfcg,UCCUCUGGAAAUUGGCCUUCA,UGAAGGCCAAUUUCCAGAGGAAG,,,,0.1,66.54,23.56,,free uptake,,EP4365291,EP4365291NWA2_table_06_T7_in_vitro_tables.csv; EP4365291NWA2_table_07_T8_in_vitro_tables.csv
AD-58123,AfaGfcAfaGfaUfAfUfuUfuUfaUfaAfuAfL96,uAfuUfaUfaAfaAfauaUfcUfuGfcUfusUfsu,AAGCAAGAUAUUUUUAUAAUA,UAUUAUAAAAAUAUCUUGCUUUU,,,,0.1,84.82,7.94,,free uptake,,EP4365291,EP4365291NWA2_table_06_T7_in_vitro_tables.csv; EP4365291NWA2_table_07_T8_in_vitro_tables.csv
AD-58129,AfaAfaUfgUfuUfUfUfgUfcAfaGfuAfcAfL96,uGfuAfcUfuGfaCfaaaAfaCfaUfuUfusCfsu,AAAAUGUUUUUGUCAAGUACA,UGUACUUGACAAAAACAUUUUCU,,,,0.1,59.94,19.66,,free uptake,,EP4365291,EP4365291NWA2_table_06_T7_in_vitro_tables.csv; EP4365291NWA2_table_07_T8_in_vitro_tables.csv
AD-58088,AfuUfuAfaAfcAfAfCfaAfgUfaCfcUfuUfL96,aAfaGfgUfaCfuUfguuGfuUfuAfaAfusCfsu,,,,,,0.1,83.6,4.58,,free uptake,,EP4365291,EP4365291NWA2_table_06_T7_in_vitro_tables.csv; EP4365291NWA2_table_07_T8_in_vitro_tables.csv
AD-58094,AfuUfcAfgAfaAfGfUfcUfgUfgAfaGfgAfL96,uCfcUfuCfaCfaGfacuUfuCfuGfaAfusUfsu,AUUCAGAAAGUCUGUGAAGGA,UCCUUCACAGACUUUCUGAAUUU,,,,0.1,59.32,12.3,,free uptake,,EP4365291,EP4365291NWA2_table_06_T7_in_vitro_tables.csv; EP4365291NWA2_table_07_T8_in_vitro_tables.csv
AD-58100,AfcAfcUfgAfaGfCfAfuUfuGfaUfgCfaAfL96,uUfgCfaUfcAfaAfugcUfuCfaGfuGfusAfsu,ACACUGAAGCAUUUGAUGCAA,UUGCAUCAAAUGCUUCAGUGUAU,,,,0.1,79.88,8.38,,free uptake,,EP4365291,EP4365291NWA2_table_06_T7_in_vitro_tables.csv; EP4365291NWA2_table_07_T8_in_vitro_tables.csv
AD-58106,GfUlfgUfuCfuGfUfGfuUfaAfaAfuGfuCfL96,gAfcAfuUfuUfaAfcacAfgAfaCfuGfcsAfsu,GCAGUUCUGUGUUAAAAUGUC,GACAUUUUAACACAGAACUGCAU,,,,0.1,62.77,19.95,,free uptake,,EP4365291,EP4365291NWA2_table_06_T7_in_vitro_tables.csv; EP4365291NWA2_table_07_T8_in_vitro_tables.csv
AD-58112,AfgGfaUfuUfuGfAfGfuGfuAfaAfaGfgAfL96,uCfcUfuUfuAfcAfcucAfaAfaUfcCfusUfsu,,,,,,0.1,70.68,14.08,,free uptake,,EP4365291,EP4365291NWA2_table_06_T7_in_vitro_tables.csv
AD-58118,AfaUfgAfuGfaAfCfCfuUfgUfaAfaGfaAfL96,uUfcUfuUfaCfaAfgguUfcAfuCfaUfusUfsu,AAUGAUGAACCUUGUAAAGAA,UUCUUUACAAGGUUCAUCAUUUU,,,,0.1,84.77,5.72,,free uptake,,EP4365291,EP4365291NWA2_table_06_T7_in_vitro_tables.csv
AD-58124,AfuCfaUfuGfgAfAfCfaUfuUfuUfcAfuUfL96,aAfuGfaAfaAfaUfguuCfcAfaUfgAfusUfsu,AUCAUUGGAACAUUUUUCAUU,AAUGAAAAAUGUUCCAAUGAUUU,,,,0.1,87.0,6.48,,free uptake,,EP4365291,EP4365291NWA2_table_06_T7_in_vitro_tables.csv
AD-58130,AfgCfcAfgAfaAfUfUfcGfgAfgUfuAfuUfL96,aAfuAfaCfuCfcGfaauUfuCfuGfgCfusUfsg,AGCCAGAAAUUCGGAGUUAUU,AAUAACUCCGAAUUUCUGGCUUG,,,,0.1,82.08,6.92,,free uptake,,EP4365291,EP4365291NWA2_table_06_T7_in_vitro_tables.csv
AD-58089,UfcCfcUfgGfgAfGfAfuAfaAfaCfuCfaCfL96,gUfgAfgUfuUfuAfucuCfcCfaGfgGfasAfsa,UCCCUGGGAGAUAAAACUCAC,GUGAGUUUUAUCUCCCAGGGAAA,,,,0.1,69.33,10.53,,free uptake,,EP4365291,EP4365291NWA2_table_06_T7_in_vitro_tables.csv
AD-58095,GfaAfaAfuGfaUfGfAfaCfcUfuGfuAfaAfL96,ullfuAfcAfaGfgUfucaUfcAfuUfuUfcsUfsu,GAAAAUGAUGAACCUUGUAAA,UUUACAAGGUUCAUCAUUUUCUU,,,,0.1,85.34,3.37,,free uptake,,EP4365291,EP4365291NWA2_table_06_T7_in_vitro_tables.csv
AD-58101,AfuUfgCfuCfaAfGfUfcAfcAfuUfuGfaUfL96,aUfcAfaAfuGfuGfacuUfgAfgCfaAfusUfsc,AUUGCUCAAGUCACAUUUGAU,AUCAAAUGUGACUUGAGCAAUUC,,,,0.1,80.64,5.69,,free uptake,,EP4365291,EP4365291NWA2_table_06_T7_in_vitro_tables.csv
AD-58107,GfaGfaUfuGfcAfUfAfuGfcUfuAfuAfaAfL96,uUfuAfuAfaGfcAfuauGfcAfaUfcUfcsUfsg,GAGAUUGCAUAUGCUUAUAAA,UUUAUAAGCAUAUGCAAUCUCUG,,,,0.1,81.9,7.21,,free uptake,,EP4365291,EP4365291NWA2_table_06_T7_in_vitro_tables.csv
AD-58113,GfuUfaUfcCfuGfAfUfaAfaAfaAfuUfuAfL96,uAfaAfuUfuUfuUfaucAfgGfaUfaAfcsUfsu,GUUAUCCUGAUAAAAAAUUUA,UAAAUUUUUUAUCAGGAUAACUU,,,,0.1,85.38,7.89,,free uptake,,EP4365291,EP4365291NWA2_table_06_T7_in_vitro_tables.csv
AD-58119,AfgGfaAfgUfuUfGfCfaGfcUfuUfuAfuUfL96,aAfuAfaAfaGfcUfgcaAfaCfuUfcCfusCfsa,AGGAAGUUUGCAGCUUUUAUU,AAUAAAAGCUGCAAACUUCCUCA,,,,0.1,84.99,7.35,,free uptake,,EP4365291,EP4365291NWA2_table_06_T7_in_vitro_tables.csv
AD-58125,GfaAfgAfaAfuUfGfAfuCfaUfaUfuGfgAfL96,uCfcAfaUfaUfgAfucaAfuUfuCfuUfcsUfsa,GAAGAAAUUGAUCAUAUUGGA,UCCAAUAUGAUCAAUUUCUUCUA,,,,0.1,82.96,9.03,,free uptake,,EP4365291,EP4365291NWA2_table_06_T7_in_vitro_tables.csv
AD-58131,AfuCfcUfgAfuAfAfAfaAfaUfuUfaGfuUfL96,aAfcUfaAfaUfuUfuuuAfuCfaGfgAfusAfsa,AUCCUGAUAAAAAAUUUAGUU,AACUAAAUUUUUUAUCAGGAUAA,,,,0.1,59.86,12.07,,free uptake,,EP4365291,EP4365291NWA2_table_06_T7_in_vitro_tables.csv
AD-58090,UfgGfaAfaAfgAfAfAfuCfuUfaGfuAfaAfL96,uUfuAfcUfaAfgAfuuuCfuUfuUfcCfasAfsa,,,,,,0.1,78.43,6.61,,free uptake,,EP4365291,EP4365291NWA2_table_06_T7_in_vitro_tables.csv
AD-58096,UfcUfuAfuCfaAfAfGfuAfuAfaAfcAfuUfL96,aAfuGfuUfuAfuAfcuuUfgAfuAfaGfasUfsg,UCUUAUCAAAGUAUAAACAUU,AAUGUUUAUACUUUGAUAAGAUG,,,,0.1,83.44,6.68,,free uptake,,EP4365291,EP4365291NWA2_table_06_T7_in_vitro_tables.csv
AD-58102,UfcCfcUfaCfaAfAfCfuGfaAfuUfuGfgUfL96,aCfcAfaAfuUfcAfguuUfgUfaGfgGfasGfsa,UCCCUACAAACUGAAUUUGGU,ACCAAAUUCAGUUUGUAGGGAGA,,,,0.1,72.07,11.78,,free uptake,,EP4365291,EP4365291NWA2_table_06_T7_in_vitro_tables.csv
AD-58108,CfaGfgAfgCfaAfAfCfaUfaUfgUfcAfuUfL96,aAfuGfaCfaUfaUfguuUfgCfuCfcUfgsUfsc,CAGGAGCAAACAUAUGUCAUU,AAUGACAUAUGUUUGCUCCUGUC,,,,0.1,84.93,5.74,,free uptake,,EP4365291,EP4365291NWA2_table_06_T7_in_vitro_tables.csv
AD-58114,AfcAfuGfuAfaCfAfAfcUfgUfaGfuUfcAfL96,uGfaAfcUfaCfaGfuugUfuAfcAfuGfusAfsc,ACAUGUAACAACUGUAGUUCA,UGAACUACAGUUGUUACAUGUAC,,,,0.1,74.95,9.46,,free uptake,,EP4365291,EP4365291NWA2_table_06_T7_in_vitro_tables.csv
AD-58120,CfaGfgAfaAfuCfAfUfuGfgAfaCfaUfuUfL96,aAfaUfgUfuCfcAfaugAfuUfuCfcUfgsUfsu,CAGGAAAUCAUUGGAACAUUU,AAAUGUUCCAAUGAUUUCCUGUU,,,,0.1,89.43,3.56,,free uptake,,EP4365291,EP4365291NWA2_table_06_T7_in_vitro_tables.csv
AD-58126,UfuUfaAfgAfaUfUfUfuGfaAfaUfuAfcUfL96,aGfuAfaUfuUfcAfaaaUfuCfuUfaAfasGfsu,UUUAAGAAUUUUGAAAUUACU,AGUAAUUUCAAAAUUCUUAAAGU,,,,0.1,84.61,7.42,,free uptake,,EP4365291,EP4365291NWA2_table_06_T7_in_vitro_tables.csv
AD-58132,UfaUfuCfuGfcAfAfCfuGfaAfuUfcGfaUfL96,aUfcGfaAfuUfcAfguuGfcAfgAfaUfasAfsc,UAUUCUGCAACUGAAUUCGAU,AUCGAAUUCAGUUGCAGAAUAAC,,,,0.1,80.74,9.38,,free uptake,,EP4365291,EP4365291NWA2_table_06_T7_in_vitro_tables.csv
AD-58091,GCCCUUGGAAAGAGUAUUUCA,UGAAAUACUCUUUCCAAGGGCUU,GCCCUUGGAAAGAGUAUUUCA,UGAAAUACUCUUUCCAAGGGCUU,,,,0.1,81.95,6.62,,free uptake,,EP4365291,EP4365291NWA2_table_06_T7_in_vitro_tables.csv
AD-58097,,,,,,,,0.1,76.98,10.1,,free uptake,,EP4365291,EP4365291NWA2_table_06_T7_in_vitro_tables.csv
AD-58103,CfcCfuUfgGfaAfAfGfaGfuAfuUfuCfaAfL96,uUfgAfaAfuAfcUfcuuUfcCfaAfgGfgsCfsu,CCCUUGGAAAGAGUAUUUCAA,UUGAAAUACUCUUUCCAAGGGCU,,,,0.1,82.77,7.27,,free uptake,,EP4365291,EP4365291NWA2_table_06_T7_in_vitro_tables.csv
AD-1955,,,,,,,,0.1,18.84,5.29,,free uptake,,EP4365291,EP4365291NWA2_table_06_T7_in_vitro_tables.csv; EP4365291NWA2_table_07_T8_in_vitro_tables.csv; EP4365291NWA2_table_13_T14_in_vitro_tables.csv
Mock,,,,,,,,0.1,24.03,2.76,,free uptake,,EP4365291,EP4365291NWA2_table_06_T7_in_vitro_tables.csv; EP4365291NWA2_table_07_T8_in_vitro_tables.csv; EP4365291NWA2_table_13_T14_in_vitro_tables.csv
Untreated,,,,,,,,0.1,0.0,5.98,,free uptake,,EP4365291,EP4365291NWA2_table_06_T7_in_vitro_tables.csv; EP4365291NWA2_table_07_T8_in_vitro_tables.csv; EP4365291NWA2_table_13_T14_in_vitro_tables.csv
AD-58121,UfgCfaGfaUfcAfAfAfcAfcAfaUfuUftAfL96,uGfaAfaUfuGfuGfuuuGfaUfcUfgCfasGfsa,UGCAGAUCAAACACAAUUUCA,UGAAAUUGUGUUUGAUCUGCAGA,,,,10.0,98.06,0.04,,free uptake,,EP4365291,EP4365291NWA2_table_07_T8_in_vitro_tables.csv
AD-58133,CfaGfaUfcAfaAfCfAfcAfaUfuUfcAfgUfL96,aCfuGfaAfaUfuGfuguUfuGfaUfcUfgsCfsa,CAGAUCAAACACAAUUUCAGU,ACUGAAAUUGUGUUUGAUCUGCA,,,,10.0,98.26,0.19,,free uptake,,EP4365291,EP4365291NWA2_table_07_T8_in_vitro_tables.csv
AD-58116,GfuUfcCfgGfaUfAfUfuUfgAfaCfuUfuUfL96,aAfaAfgUfuCfaAfauaUfcCfgGfaAfcsCfsg,GUUCCGGAUAUUUGAACUUUU,AAAAGUUCAAAUAUCCGGAACCG,,,,10.0,98.24,1.27,,free uptake,,EP4365291,EP4365291NWA2_table_07_T8_in_vitro_tables.csv
AD-58121,UfgCfaGfaUfcAfAfAfcAfcAfaUfuUftAfL96,uGfaAfaUfuGfuGfuuuGfaUfcUfgCfasGfsa,UGCAGAUCAAACACAAUUUCA,UGAAAUUGUGUUUGAUCUGCAGA,,,,0.1,97.85,0.91,,free uptake,,EP4365291,EP4365291NWA2_table_07_T8_in_vitro_tables.csv
AD-58133,CfaGfaUfcAfaAfCfAfcAfaUfuUfcAfgUfL96,aCfuGfaAfaUfuGfuguUfuGfaUfcUfgsCfsa,CAGAUCAAACACAAUUUCAGU,ACUGAAAUUGUGUUUGAUCUGCA,,,,0.1,96.75,1.64,,free uptake,,EP4365291,EP4365291NWA2_table_07_T8_in_vitro_tables.csv
AD-58116,GfuUfcCfgGfaUfAfUfuUfgAfaCfuUfuUfL96,aAfaAfgUfuCfaAfauaUfcCfgGfaAfcsCfsg,GUUCCGGAUAUUUGAACUUUU,AAAAGUUCAAAUAUCCGGAACCG,,,,0.1,97.79,0.78,,free uptake,,EP4365291,EP4365291NWA2_table_07_T8_in_vitro_tables.csv
AD-58093,AfaUfaAfcUfcAfCfUfaUfaAfuUfaCfuUfL96,aAfgUfaAfuUfaUfaguGfaGfuUfaUfusUfsu,AAUAACUCACUAUAAUUACUU,AAGUAAUUAUAGUGAGUUAUUUU,,,,500.0,36.06,2.14,,free uptake,,EP4365291,EP4365291NWA2_table_08_T9_in_vitro_tables.csv; EP4365291NWA2_table_09_T10_in_vitro_tables.csv
AD-58099,UfgAfcAfaAfaUfAfAfcUfcAfcUfaUfaAfL96,uUfaUfaGfuGfaGfuuaUfuUfuGfuCfasAfsu,UGACAAAAUAACUCACUAUAA,UUAUAGUGAGUUAUUUUGUCAAU,,,,500.0,38.66,12.32,,free uptake,,EP4365291,EP4365291NWA2_table_08_T9_in_vitro_tables.csv; EP4365291NWA2_table_09_T10_in_vitro_tables.csv
AD-58105,CfuUfcCfuCfuGfGfAfaAfuUfgGfcCfuUfL96,aAfgGfcCfaAfuUfuccAfgAfgGfaAfgsCfsa,CUUCCUCUGGAAAUUGGCCUU,AAGGCCAAUUUCCAGAGGAAGCA,,,,500.0,8.02,6.09,,free uptake,,EP4365291,EP4365291NWA2_table_08_T9_in_vitro_tables.csv; EP4365291NWA2_table_09_T10_in_vitro_tables.csv
AD-58111,GfaCfaAfaAfuAfAfCfuCfaCfuAfuAfaUfL96,aUfuAfuAfgUfgAfguuAfuUfuUfgUfcsAfsa,,,,,,500.0,28.73,1.93,,free uptake,,EP4365291,EP4365291NWA2_table_08_T9_in_vitro_tables.csv; EP4365291NWA2_table_09_T10_in_vitro_tables.csv
AD-58117,UfcCfuCfuGfgAfAfAfuUfgGfcCfuUfcAfL96,uGfaAfgGfcCfaAfuuuCfcAfgAfgGfasAfcg,UCCUCUGGAAAUUGGCCUUCA,UGAAGGCCAAUUUCCAGAGGAAG,,,,500.0,26.58,3.24,,free uptake,,EP4365291,EP4365291NWA2_table_08_T9_in_vitro_tables.csv; EP4365291NWA2_table_09_T10_in_vitro_tables.csv
AD-58123,AfaGfcAfaGfaUfAfUfuUfuUfaUfaAfuAfL96,uAfuUfaUfaAfaAfauaUfcUfuGfcUfusUfsu,AAGCAAGAUAUUUUUAUAAUA,UAUUAUAAAAAUAUCUUGCUUUU,,,,500.0,24.86,7.72,,free uptake,,EP4365291,EP4365291NWA2_table_08_T9_in_vitro_tables.csv; EP4365291NWA2_table_09_T10_in_vitro_tables.csv
AD-58129,AfaAfaUfgUfuUfUfUfgUfcAfaGfuAfcAfL96,uGfuAfcUfuGfaCfaaaAfaCfaUfuUfusCfsu,AAAAUGUUUUUGUCAAGUACA,UGUACUUGACAAAAACAUUUUCU,,,,500.0,18.34,2.13,,free uptake,,EP4365291,EP4365291NWA2_table_08_T9_in_vitro_tables.csv; EP4365291NWA2_table_09_T10_in_vitro_tables.csv
AD-58088,AfuUfuAfaAfcAfAfCfaAfgUfaCfcUfuUfL96,aAfaGfgUfaCfuUfguuGfuUfuAfaAfusCfsu,,,,,,500.0,46.37,5.93,,free uptake,,EP4365291,EP4365291NWA2_table_08_T9_in_vitro_tables.csv; EP4365291NWA2_table_09_T10_in_vitro_tables.csv
AD-58094,AfuUfcAfgAfaAfGfUfcUfgUfgAfaGfgAfL96,uCfcUfuCfaCfaGfacuUfuCfuGfaAfusUfsu,AUUCAGAAAGUCUGUGAAGGA,UCCUUCACAGACUUUCUGAAUUU,,,,500.0,10.38,0.87,,free uptake,,EP4365291,EP4365291NWA2_table_08_T9_in_vitro_tables.csv; EP4365291NWA2_table_09_T10_in_vitro_tables.csv
AD-58100,AfcAfcUfgAfaGfCfAfuUfuGfaUfgCfaAfL96,uUfgCfaUfcAfaAfugcUfuCfaGfuGfusAfsu,ACACUGAAGCAUUUGAUGCAA,UUGCAUCAAAUGCUUCAGUGUAU,,,,500.0,20.44,4.31,,free uptake,,EP4365291,EP4365291NWA2_table_08_T9_in_vitro_tables.csv; EP4365291NWA2_table_09_T10_in_vitro_tables.csv
AD-58106,GfUlfgUfuCfuGfUfGfuUfaAfaAfuGfuCfL96,gAfcAfuUfuUfaAfcacAfgAfaCfuGfcsAfsu,GCAGUUCUGUGUUAAAAUGUC,GACAUUUUAACACAGAACUGCAU,,,,500.0,-16.24,14.28,,free uptake,,EP4365291,EP4365291NWA2_table_08_T9_in_vitro_tables.csv; EP4365291NWA2_table_09_T10_in_vitro_tables.csv
AD-58112,AfgGfaUfuUfuGfAfGfuGfuAfaAfaGfgAfL96,uCfcUfuUfuAfcAfcucAfaAfaUfcCfusUfsu,,,,,,500.0,2.81,,,free uptake,,EP4365291,EP4365291NWA2_table_08_T9_in_vitro_tables.csv
AD-58118,AfaUfgAfuGfaAfCfCfuUfgUfaAfaGfaAfL96,uUfcUfuUfaCfaAfgguUfcAfuCfaUfusUfsu,AAUGAUGAACCUUGUAAAGAA,UUCUUUACAAGGUUCAUCAUUUU,,,,500.0,32.6,5.28,,free uptake,,EP4365291,EP4365291NWA2_table_08_T9_in_vitro_tables.csv
AD-58130,AfgCfcAfgAfaAfUfUfcGfgAfgUfuAfuUfL96,aAfuAfaCfuCfcGfaauUfuCfuGfgCfusUfsg,AGCCAGAAAUUCGGAGUUAUU,AAUAACUCCGAAUUUCUGGCUUG,,,,500.0,15.81,10.5,,free uptake,,EP4365291,EP4365291NWA2_table_08_T9_in_vitro_tables.csv
AD-58089,UfcCfcUfgGfgAfGfAfuAfaAfaCfuCfaCfL96,gUfgAfgUfuUfuAfucuCfcCfaGfgGfasAfsa,UCCCUGGGAGAUAAAACUCAC,GUGAGUUUUAUCUCCCAGGGAAA,,,,500.0,16.17,1.91,,free uptake,,EP4365291,EP4365291NWA2_table_08_T9_in_vitro_tables.csv
AD-58095,GfaAfaAfuGfaUfGfAfaCfcUfuGfuAfaAfL96,ullfuAfcAfaGfgUfucaUfcAfuUfuUfcsUfsu,GAAAAUGAUGAACCUUGUAAA,UUUACAAGGUUCAUCAUUUUCUU,,,,500.0,41.47,15.07,,free uptake,,EP4365291,EP4365291NWA2_table_08_T9_in_vitro_tables.csv
AD-58101,AfuUfgCfuCfaAfGfUfcAfcAfuUfuGfaUfL96,aUfcAfaAfuGfuGfacuUfgAfgCfaAfusUfsc,AUUGCUCAAGUCACAUUUGAU,AUCAAAUGUGACUUGAGCAAUUC,,,,500.0,23.32,3.95,,free uptake,,EP4365291,EP4365291NWA2_table_08_T9_in_vitro_tables.csv
AD-58107,GfaGfaUfuGfcAfUfAfuGfcUfuAfuAfaAfL96,uUfuAfuAfaGfcAfuauGfcAfaUfcUfcsUfsg,GAGAUUGCAUAUGCUUAUAAA,UUUAUAAGCAUAUGCAAUCUCUG,,,,500.0,42.63,14.71,,free uptake,,EP4365291,EP4365291NWA2_table_08_T9_in_vitro_tables.csv
AD-58113,GfuUfaUfcCfuGfAfUfaAfaAfaAfuUfuAfL96,uAfaAfuUfuUfuUfaucAfgGfaUfaAfcsUfsu,GUUAUCCUGAUAAAAAAUUUA,UAAAUUUUUUAUCAGGAUAACUU,,,,500.0,62.21,8.27,,free uptake,,EP4365291,EP4365291NWA2_table_08_T9_in_vitro_tables.csv
AD-58119,AfgGfaAfgUfuUfGfCfaGfcUfuUfuAfuUfL96,aAfuAfaAfaGfcUfgcaAfaCfuUfcCfusCfsa,AGGAAGUUUGCAGCUUUUAUU,AAUAAAAGCUGCAAACUUCCUCA,,,,500.0,63.23,3.42,,free uptake,,EP4365291,EP4365291NWA2_table_08_T9_in_vitro_tables.csv
AD-58125,GfaAfgAfaAfuUfGfAfuCfaUfaUfuGfgAfL96,uCfcAfaUfaUfgAfucaAfuUfuCfuUfcsUfsa,GAAGAAAUUGAUCAUAUUGGA,UCCAAUAUGAUCAAUUUCUUCUA,,,,500.0,27.6,4.46,,free uptake,,EP4365291,EP4365291NWA2_table_08_T9_in_vitro_tables.csv
AD-58131,AfuCfcUfgAfuAfAfAfaAfaUfuUfaGfuUfL96,aAfcUfaAfaUfuUfuuuAfuCfaGfgAfusAfsa,AUCCUGAUAAAAAAUUUAGUU,AACUAAAUUUUUUAUCAGGAUAA,,,,500.0,4.42,10.17,,free uptake,,EP4365291,EP4365291NWA2_table_08_T9_in_vitro_tables.csv
AD-58090,UfgGfaAfaAfgAfAfAfuCfuUfaGfuAfaAfL96,uUfuAfcUfaAfgAfuuuCfuUfuUfcCfasAfsa,,,,,,500.0,43.63,3.21,,free uptake,,EP4365291,EP4365291NWA2_table_08_T9_in_vitro_tables.csv
AD-58096,UfcUfuAfuCfaAfAfGfuAfuAfaAfcAfuUfL96,aAfuGfuUfuAfuAfcuuUfgAfuAfaGfasUfsg,UCUUAUCAAAGUAUAAACAUU,AAUGUUUAUACUUUGAUAAGAUG,,,,500.0,55.67,11.46,,free uptake,,EP4365291,EP4365291NWA2_table_08_T9_in_vitro_tables.csv
AD-58102,UfcCfcUfaCfaAfAfCfuGfaAfuUfuGfgUfL96,aCfcAfaAfuUfcAfguuUfgUfaGfgGfasGfsa,UCCCUACAAACUGAAUUUGGU,ACCAAAUUCAGUUUGUAGGGAGA,,,,500.0,4.54,0.83,,free uptake,,EP4365291,EP4365291NWA2_table_08_T9_in_vitro_tables.csv
AD-58108,CfaGfgAfgCfaAfAfCfaUfaUfgUfcAfuUfL96,aAfuGfaCfaUfaUfguuUfgCfuCfcUfgsUfsc,CAGGAGCAAACAUAUGUCAUU,AAUGACAUAUGUUUGCUCCUGUC,,,,500.0,58.46,8.41,,free uptake,,EP4365291,EP4365291NWA2_table_08_T9_in_vitro_tables.csv
AD-58114,AfcAfuGfuAfaCfAfAfcUfgUfaGfuUfcAfL96,uGfaAfcUfaCfaGfuugUfuAfcAfuGfusAfsc,ACAUGUAACAACUGUAGUUCA,UGAACUACAGUUGUUACAUGUAC,,,,500.0,11.68,20.02,,free uptake,,EP4365291,EP4365291NWA2_table_08_T9_in_vitro_tables.csv
AD-58120,CfaGfgAfaAfuCfAfUfuGfgAfaCfaUfuUfL96,aAfaUfgUfuCfcAfaugAfuUfuCfcUfgsUfsu,CAGGAAAUCAUUGGAACAUUU,AAAUGUUCCAAUGAUUUCCUGUU,,,,500.0,62.66,0.73,,free uptake,,EP4365291,EP4365291NWA2_table_08_T9_in_vitro_tables.csv
AD-58126,UfuUfaAfgAfaUfUfUfuGfaAfaUfuAfcUfL96,aGfuAfaUfuUfcAfaaaUfuCfuUfaAfasGfsu,UUUAAGAAUUUUGAAAUUACU,AGUAAUUUCAAAAUUCUUAAAGU,,,,500.0,15.03,2.39,,free uptake,,EP4365291,EP4365291NWA2_table_08_T9_in_vitro_tables.csv
AD-58132,UfaUfuCfuGfcAfAfCfuGfaAfuUfcGfaUfL96,aUfcGfaAfuUfcAfguuGfcAfgAfaUfasAfsc,UAUUCUGCAACUGAAUUCGAU,AUCGAAUUCAGUUGCAGAAUAAC,,,,500.0,18.45,12.93,,free uptake,,EP4365291,EP4365291NWA2_table_08_T9_in_vitro_tables.csv
AD-58091,GCCCUUGGAAAGAGUAUUUCA,UGAAAUACUCUUUCCAAGGGCUU,GCCCUUGGAAAGAGUAUUUCA,UGAAAUACUCUUUCCAAGGGCUU,,,,500.0,21.12,44.66,,free uptake,,EP4365291,EP4365291NWA2_table_08_T9_in_vitro_tables.csv
AD-58097,,,,,,,,500.0,-6.06,13.74,,free uptake,,EP4365291,EP4365291NWA2_table_08_T9_in_vitro_tables.csv
AD-58103,CfcCfuUfgGfaAfAfGfaGfuAfuUfuCfaAfL96,uUfgAfaAfuAfcUfcuuUfcCfaAfgGfgsCfsu,CCCUUGGAAAGAGUAUUUCAA,UUGAAAUACUCUUUCCAAGGGCU,,,,500.0,42.79,6.4,,free uptake,,EP4365291,EP4365291NWA2_table_08_T9_in_vitro_tables.csv
Untreated,,,,,,,,500.0,0.0,8.77,,free uptake,,EP4365291,EP4365291NWA2_table_08_T9_in_vitro_tables.csv; EP4365291NWA2_table_09_T10_in_vitro_tables.csv
AD-58093,AfaUfaAfcUfcAfCfUfaUfaAfuUfaCfuUfL96,aAfgUfaAfuUfaUfaguGfaGfuUfaUfusUfsu,AAUAACUCACUAUAAUUACUU,AAGUAAUUAUAGUGAGUUAUUUU,,,,5.0,16.91,12.65,,free uptake,,EP4365291,EP4365291NWA2_table_08_T9_in_vitro_tables.csv; EP4365291NWA2_table_09_T10_in_vitro_tables.csv
AD-58099,UfgAfcAfaAfaUfAfAfcUfcAfcUfaUfaAfL96,uUfaUfaGfuGfaGfuuaUfuUfuGfuCfasAfsu,UGACAAAAUAACUCACUAUAA,UUAUAGUGAGUUAUUUUGUCAAU,,,,5.0,14.15,21.95,,free uptake,,EP4365291,EP4365291NWA2_table_08_T9_in_vitro_tables.csv; EP4365291NWA2_table_09_T10_in_vitro_tables.csv
AD-58105,CfuUfcCfuCfuGfGfAfaAfuUfgGfcCfuUfL96,aAfgGfcCfaAfuUfuccAfgAfgGfaAfgsCfsa,CUUCCUCUGGAAAUUGGCCUU,AAGGCCAAUUUCCAGAGGAAGCA,,,,5.0,2.43,11.48,,free uptake,,EP4365291,EP4365291NWA2_table_08_T9_in_vitro_tables.csv; EP4365291NWA2_table_09_T10_in_vitro_tables.csv
AD-58111,GfaCfaAfaAfuAfAfCfuCfaCfuAfuAfaUfL96,aUfuAfuAfgUfgAfguuAfuUfuUfgUfcsAfsa,,,,,,5.0,7.72,12.72,,free uptake,,EP4365291,EP4365291NWA2_table_08_T9_in_vitro_tables.csv; EP4365291NWA2_table_09_T10_in_vitro_tables.csv
AD-58117,UfcCfuCfuGfgAfAfAfuUfgGfcCfuUfcAfL96,uGfaAfgGfcCfaAfuuuCfcAfgAfgGfasAfcg,UCCUCUGGAAAUUGGCCUUCA,UGAAGGCCAAUUUCCAGAGGAAG,,,,5.0,11.18,11.08,,free uptake,,EP4365291,EP4365291NWA2_table_08_T9_in_vitro_tables.csv; EP4365291NWA2_table_09_T10_in_vitro_tables.csv
AD-58123,AfaGfcAfaGfaUfAfUfuUfuUfaUfaAfuAfL96,uAfuUfaUfaAfaAfauaUfcUfuGfcUfusUfsu,AAGCAAGAUAUUUUUAUAAUA,UAUUAUAAAAAUAUCUUGCUUUU,,,,5.0,26.94,9.71,,free uptake,,EP4365291,EP4365291NWA2_table_08_T9_in_vitro_tables.csv; EP4365291NWA2_table_09_T10_in_vitro_tables.csv
AD-58129,AfaAfaUfgUfuUfUfUfgUfcAfaGfuAfcAfL96,uGfuAfcUfuGfaCfaaaAfaCfaUfuUfusCfsu,AAAAUGUUUUUGUCAAGUACA,UGUACUUGACAAAAACAUUUUCU,,,,5.0,9.38,4.77,,free uptake,,EP4365291,EP4365291NWA2_table_08_T9_in_vitro_tables.csv; EP4365291NWA2_table_09_T10_in_vitro_tables.csv
AD-58088,AfuUfuAfaAfcAfAfCfaAfgUfaCfcUfuUfL96,aAfaGfgUfaCfuUfguuGfuUfuAfaAfusCfsu,,,,,,5.0,12.97,19.86,,free uptake,,EP4365291,EP4365291NWA2_table_08_T9_in_vitro_tables.csv; EP4365291NWA2_table_09_T10_in_vitro_tables.csv
AD-58094,AfuUfcAfgAfaAfGfUfcUfgUfgAfaGfgAfL96,uCfcUfuCfaCfaGfacuUfuCfuGfaAfusUfsu,AUUCAGAAAGUCUGUGAAGGA,UCCUUCACAGACUUUCUGAAUUU,,,,5.0,6.35,14.76,,free uptake,,EP4365291,EP4365291NWA2_table_08_T9_in_vitro_tables.csv; EP4365291NWA2_table_09_T10_in_vitro_tables.csv
AD-58100,AfcAfcUfgAfaGfCfAfuUfuGfaUfgCfaAfL96,uUfgCfaUfcAfaAfugcUfuCfaGfuGfusAfsu,ACACUGAAGCAUUUGAUGCAA,UUGCAUCAAAUGCUUCAGUGUAU,,,,5.0,3.3,1.1,,free uptake,,EP4365291,EP4365291NWA2_table_08_T9_in_vitro_tables.csv; EP4365291NWA2_table_09_T10_in_vitro_tables.csv
AD-58106,GfUlfgUfuCfuGfUfGfuUfaAfaAfuGfuCfL96,gAfcAfuUfuUfaAfcacAfgAfaCfuGfcsAfsu,GCAGUUCUGUGUUAAAAUGUC,GACAUUUUAACACAGAACUGCAU,,,,5.0,-25.99,40.65,,free uptake,,EP4365291,EP4365291NWA2_table_08_T9_in_vitro_tables.csv; EP4365291NWA2_table_09_T10_in_vitro_tables.csv
AD-58112,AfgGfaUfuUfuGfAfGfuGfuAfaAfaGfgAfL96,uCfcUfuUfuAfcAfcucAfaAfaUfcCfusUfsu,,,,,,5.0,-7.81,3.13,,free uptake,,EP4365291,EP4365291NWA2_table_08_T9_in_vitro_tables.csv
AD-58118,AfaUfgAfuGfaAfCfCfuUfgUfaAfaGfaAfL96,uUfcUfuUfaCfaAfgguUfcAfuCfaUfusUfsu,AAUGAUGAACCUUGUAAAGAA,UUCUUUACAAGGUUCAUCAUUUU,,,,5.0,2.62,22.64,,free uptake,,EP4365291,EP4365291NWA2_table_08_T9_in_vitro_tables.csv
AD-58124,AfuCfaUfuGfgAfAfCfaUfuUfuUfcAfuUfL96,aAfuGfaAfaAfaUfguuCfcAfaUfgAfusUfsu,AUCAUUGGAACAUUUUUCAUU,AAUGAAAAAUGUUCCAAUGAUUU,,,,5.0,3.86,10.64,,free uptake,,EP4365291,EP4365291NWA2_table_08_T9_in_vitro_tables.csv
AD-58130,AfgCfcAfgAfaAfUfUfcGfgAfgUfuAfuUfL96,aAfuAfaCfuCfcGfaauUfuCfuGfgCfusUfsg,AGCCAGAAAUUCGGAGUUAUU,AAUAACUCCGAAUUUCUGGCUUG,,,,5.0,11.35,4.34,,free uptake,,EP4365291,EP4365291NWA2_table_08_T9_in_vitro_tables.csv
AD-58089,UfcCfcUfgGfgAfGfAfuAfaAfaCfuCfaCfL96,gUfgAfgUfuUfuAfucuCfcCfaGfgGfasAfsa,UCCCUGGGAGAUAAAACUCAC,GUGAGUUUUAUCUCCCAGGGAAA,,,,5.0,16.56,12.26,,free uptake,,EP4365291,EP4365291NWA2_table_08_T9_in_vitro_tables.csv
AD-58095,GfaAfaAfuGfaUfGfAfaCfcUfuGfuAfaAfL96,ullfuAfcAfaGfgUfucaUfcAfuUfuUfcsUfsu,GAAAAUGAUGAACCUUGUAAA,UUUACAAGGUUCAUCAUUUUCUU,,,,5.0,21.98,12.45,,free uptake,,EP4365291,EP4365291NWA2_table_08_T9_in_vitro_tables.csv
AD-58101,AfuUfgCfuCfaAfGfUfcAfcAfuUfuGfaUfL96,aUfcAfaAfuGfuGfacuUfgAfgCfaAfusUfsc,AUUGCUCAAGUCACAUUUGAU,AUCAAAUGUGACUUGAGCAAUUC,,,,5.0,23.27,6.35,,free uptake,,EP4365291,EP4365291NWA2_table_08_T9_in_vitro_tables.csv
AD-58107,GfaGfaUfuGfcAfUfAfuGfcUfuAfuAfaAfL96,uUfuAfuAfaGfcAfuauGfcAfaUfcUfcsUfsg,GAGAUUGCAUAUGCUUAUAAA,UUUAUAAGCAUAUGCAAUCUCUG,,,,5.0,13.22,2.99,,free uptake,,EP4365291,EP4365291NWA2_table_08_T9_in_vitro_tables.csv
AD-58113,GfuUfaUfcCfuGfAfUfaAfaAfaAfuUfuAfL96,uAfaAfuUfuUfuUfaucAfgGfaUfaAfcsUfsu,GUUAUCCUGAUAAAAAAUUUA,UAAAUUUUUUAUCAGGAUAACUU,,,,5.0,28.9,7.76,,free uptake,,EP4365291,EP4365291NWA2_table_08_T9_in_vitro_tables.csv
AD-58119,AfgGfaAfgUfuUfGfCfaGfcUfuUfuAfuUfL96,aAfuAfaAfaGfcUfgcaAfaCfuUfcCfusCfsa,AGGAAGUUUGCAGCUUUUAUU,AAUAAAAGCUGCAAACUUCCUCA,,,,5.0,16.84,9.66,,free uptake,,EP4365291,EP4365291NWA2_table_08_T9_in_vitro_tables.csv
AD-58125,GfaAfgAfaAfuUfGfAfuCfaUfaUfuGfgAfL96,uCfcAfaUfaUfgAfucaAfuUfuCfuUfcsUfsa,GAAGAAAUUGAUCAUAUUGGA,UCCAAUAUGAUCAAUUUCUUCUA,,,,5.0,3.47,4.96,,free uptake,,EP4365291,EP4365291NWA2_table_08_T9_in_vitro_tables.csv
AD-58131,AfuCfcUfgAfuAfAfAfaAfaUfuUfaGfuUfL96,aAfcUfaAfaUfuUfuuuAfuCfaGfgAfusAfsa,AUCCUGAUAAAAAAUUUAGUU,AACUAAAUUUUUUAUCAGGAUAA,,,,5.0,-1.69,2.21,,free uptake,,EP4365291,EP4365291NWA2_table_08_T9_in_vitro_tables.csv
AD-58090,UfgGfaAfaAfgAfAfAfuCfuUfaGfuAfaAfL96,uUfuAfcUfaAfgAfuuuCfuUfuUfcCfasAfsa,,,,,,5.0,25.0,4.97,,free uptake,,EP4365291,EP4365291NWA2_table_08_T9_in_vitro_tables.csv
AD-58096,UfcUfuAfuCfaAfAfGfuAfuAfaAfcAfuUfL96,aAfuGfuUfuAfuAfcuuUfgAfuAfaGfasUfsg,UCUUAUCAAAGUAUAAACAUU,AAUGUUUAUACUUUGAUAAGAUG,,,,5.0,42.01,25.17,,free uptake,,EP4365291,EP4365291NWA2_table_08_T9_in_vitro_tables.csv
AD-58102,UfcCfcUfaCfaAfAfCfuGfaAfuUfuGfgUfL96,aCfcAfaAfuUfcAfguuUfgUfaGfgGfasGfsa,UCCCUACAAACUGAAUUUGGU,ACCAAAUUCAGUUUGUAGGGAGA,,,,5.0,10.65,1.76,,free uptake,,EP4365291,EP4365291NWA2_table_08_T9_in_vitro_tables.csv
AD-58108,CfaGfgAfgCfaAfAfCfaUfaUfgUfcAfuUfL96,aAfuGfaCfaUfaUfguuUfgCfuCfcUfgsUfsc,CAGGAGCAAACAUAUGUCAUU,AAUGACAUAUGUUUGCUCCUGUC,,,,5.0,43.59,0.14,,free uptake,,EP4365291,EP4365291NWA2_table_08_T9_in_vitro_tables.csv
AD-58114,AfcAfuGfuAfaCfAfAfcUfgUfaGfuUfcAfL96,uGfaAfcUfaCfaGfuugUfuAfcAfuGfusAfsc,ACAUGUAACAACUGUAGUUCA,UGAACUACAGUUGUUACAUGUAC,,,,5.0,-1.88,30.29,,free uptake,,EP4365291,EP4365291NWA2_table_08_T9_in_vitro_tables.csv
AD-58120,CfaGfgAfaAfuCfAfUfuGfgAfaCfaUfuUfL96,aAfaUfgUfuCfcAfaugAfuUfuCfcUfgsUfsu,CAGGAAAUCAUUGGAACAUUU,AAAUGUUCCAAUGAUUUCCUGUU,,,,5.0,43.59,2.14,,free uptake,,EP4365291,EP4365291NWA2_table_08_T9_in_vitro_tables.csv
AD-58126,UfuUfaAfgAfaUfUfUfuGfaAfaUfuAfcUfL96,aGfuAfaUfuUfcAfaaaUfuCfuUfaAfasGfsu,UUUAAGAAUUUUGAAAUUACU,AGUAAUUUCAAAAUUCUUAAAGU,,,,5.0,-5.9,7.96,,free uptake,,EP4365291,EP4365291NWA2_table_08_T9_in_vitro_tables.csv
AD-58132,UfaUfuCfuGfcAfAfCfuGfaAfuUfcGfaUfL96,aUfcGfaAfuUfcAfguuGfcAfgAfaUfasAfsc,UAUUCUGCAACUGAAUUCGAU,AUCGAAUUCAGUUGCAGAAUAAC,,,,5.0,14.88,8.94,,free uptake,,EP4365291,EP4365291NWA2_table_08_T9_in_vitro_tables.csv
AD-58091,GCCCUUGGAAAGAGUAUUUCA,UGAAAUACUCUUUCCAAGGGCUU,GCCCUUGGAAAGAGUAUUUCA,UGAAAUACUCUUUCCAAGGGCUU,,,,5.0,15.4,17.4,,free uptake,,EP4365291,EP4365291NWA2_table_08_T9_in_vitro_tables.csv
AD-58097,,,,,,,,5.0,1.84,3.14,,free uptake,,EP4365291,EP4365291NWA2_table_08_T9_in_vitro_tables.csv
AD-58103,CfcCfuUfgGfaAfAfGfaGfuAfuUfuCfaAfL96,uUfgAfaAfuAfcUfcuuUfcCfaAfgGfgsCfsu,CCCUUGGAAAGAGUAUUUCAA,UUGAAAUACUCUUUCCAAGGGCU,,,,5.0,10.54,5.93,,free uptake,,EP4365291,EP4365291NWA2_table_08_T9_in_vitro_tables.csv
Untreated,,,,,,,,5.0,0.0,10.33,,free uptake,,EP4365291,EP4365291NWA2_table_08_T9_in_vitro_tables.csv; EP4365291NWA2_table_09_T10_in_vitro_tables.csv
AD-58121,UfgCfaGfaUfcAfAfAfcAfcAfaUfuUftAfL96,uGfaAfaUfuGfuGfuuuGfaUfcUfgCfasGfsa,UGCAGAUCAAACACAAUUUCA,UGAAAUUGUGUUUGAUCUGCAGA,,,,500.0,87.12,1.41,,free uptake,,EP4365291,EP4365291NWA2_table_09_T10_in_vitro_tables.csv
AD-58133,CfaGfaUfcAfaAfCfAfcAfaUfuUfcAfgUfL96,aCfuGfaAfaUfuGfuguUfuGfaUfcUfgsCfsa,CAGAUCAAACACAAUUUCAGU,ACUGAAAUUGUGUUUGAUCUGCA,,,,500.0,79.03,0.24,,free uptake,,EP4365291,EP4365291NWA2_table_09_T10_in_vitro_tables.csv
AD-58116,GfuUfcCfgGfaUfAfUfuUfgAfaCfuUfuUfL96,aAfaAfgUfuCfaAfauaUfcCfgGfaAfcsCfsg,GUUCCGGAUAUUUGAACUUUU,AAAAGUUCAAAUAUCCGGAACCG,,,,500.0,91.65,1.35,,free uptake,,EP4365291,EP4365291NWA2_table_09_T10_in_vitro_tables.csv
AD-58121,UfgCfaGfaUfcAfAfAfcAfcAfaUfuUftAfL96,uGfaAfaUfuGfuGfuuuGfaUfcUfgCfasGfsa,UGCAGAUCAAACACAAUUUCA,UGAAAUUGUGUUUGAUCUGCAGA,,,,5.0,56.24,1.28,,free uptake,,EP4365291,EP4365291NWA2_table_09_T10_in_vitro_tables.csv
AD-58133,CfaGfaUfcAfaAfCfAfcAfaUfuUfcAfgUfL96,aCfuGfaAfaUfuGfuguUfuGfaUfcUfgsCfsa,CAGAUCAAACACAAUUUCAGU,ACUGAAAUUGUGUUUGAUCUGCA,,,,5.0,57.24,0.11,,free uptake,,EP4365291,EP4365291NWA2_table_09_T10_in_vitro_tables.csv
AD-58116,GfuUfcCfgGfaUfAfUfuUfgAfaCfuUfuUfL96,aAfaAfgUfuCfaAfauaUfcCfgGfaAfcsCfsg,GUUCCGGAUAUUUGAACUUUU,AAAAGUUCAAAUAUCCGGAACCG,,,,5.0,61.96,1.4,,free uptake,,EP4365291,EP4365291NWA2_table_09_T10_in_vitro_tables.csv
AD-58143,cAcuAuAAuuAcuuGAuuudTsdT,AAAUcAAGuAAUuAuAGUGdTsdT,CACUAUAAUUACUUGAUUU,AAAUCAAGUAAUUAUAGUG,,,,1.0,87.87,3.47,,free uptake,,EP4365291,EP4365291NWA2_table_12_T13_in_vitro_tables.csv; EP4365291NWA2_table_13_T14_in_vitro_tables.csv
AD-58149,uAAcucAcuAuAAuuAcuudTsdT,AAGuAAUuAuAGUGAGUuAdTsdT,UAACUCACUAUAAUUACUU,AAGUAAUUAUAGUGAGUUA,,,,1.0,89.54,0.98,,free uptake,,EP4365291,EP4365291NWA2_table_12_T13_in_vitro_tables.csv; EP4365291NWA2_table_13_T14_in_vitro_tables.csv
AD-58155,AcAAAAuAAcucAcuAuAAdTsdT,UuAuAGUGAGUuAUUUUGUdTsdT,ACAAAAUAACUCACUAUAA,UUAUAGUGAGUUAUUUUGU,,,,1.0,55.12,1.56,,free uptake,,EP4365291,EP4365291NWA2_table_12_T13_in_vitro_tables.csv; EP4365291NWA2_table_13_T14_in_vitro_tables.csv
AD-58161,uccucuGGAAAuuGGccuudTsdT,AAGGCcAAUUUCcAGAGGAdTsdT,UCCUCUGGAAAUUGGCCUU,AAGGCCAAUUUCCAGAGGA,,,,1.0,91.49,1.06,,free uptake,,EP4365291,EP4365291NWA2_table_12_T13_in_vitro_tables.csv; EP4365291NWA2_table_13_T14_in_vitro_tables.csv
AD-58167,cAAAAuAAcucAcuAuAAudTsdT,AUuAuAGUGAGUuAUUUUGdTsdT,CAAAAUAACUCACUAUAAU,AUUAUAGUGAGUUAUUUUG,,,,1.0,93.46,1.15,,free uptake,,EP4365291,EP4365291NWA2_table_12_T13_in_vitro_tables.csv; EP4365291NWA2_table_13_T14_in_vitro_tables.csv
AD-58173,cucuGGAAAuuGGccuucAdTsdT,UGAAGGCcAAUUUCcAGAGdTsdT,CUCUGGAAAUUGGCCUUCA,UGAAGGCCAAUUUCCAGAG,,,,1.0,93.15,0.85,,free uptake,,EP4365291,EP4365291NWA2_table_12_T13_in_vitro_tables.csv; EP4365291NWA2_table_13_T14_in_vitro_tables.csv
AD-58179,GcAAGAuAuuuuuAuAAuAffTstfT,uAUuAuAAAAAuAUCUUGCdTsdT,GCAAGAUAUUUUUAUAAUA,UAUUAUAAAAAUAUCUUGC,,,,1.0,89.81,0.59,,free uptake,,EP4365291,EP4365291NWA2_table_12_T13_in_vitro_tables.csv; EP4365291NWA2_table_13_T14_in_vitro_tables.csv
AD-58185,AAuGuuuuuGucAAGuAcAdTsdT,UGuACUUGAcAAAAAcAUUdTsdT,AAUGUUUUUGUCAAGUACA,UGUACUUGACAAAAACAUU,,,,1.0,70.54,3.64,,free uptake,,EP4365291,EP4365291NWA2_table_12_T13_in_vitro_tables.csv; EP4365291NWA2_table_13_T14_in_vitro_tables.csv
AD-58144,uuAAAcAAcAAGuAccuuudTsdT,AAAGGuACUUGUUGUUuAAdTsdT,UUAAACAACAAGUACCUUU,AAAGGUACUUGUUGUUUAA,,,,1.0,83.18,1.09,,free uptake,,EP4365291,EP4365291NWA2_table_12_T13_in_vitro_tables.csv; EP4365291NWA2_table_13_T14_in_vitro_tables.csv
AD-58150,ucAGAAAGucuGuGAAGGAdTsdT,UCCUUcAcAGACUUUCUGAdTsdT,UCAGAAAGUCUGUGAAGGA,UCCUUCACAGACUUUCUGA,,,,1.0,88.95,2.55,,free uptake,,EP4365291,EP4365291NWA2_table_12_T13_in_vitro_tables.csv; EP4365291NWA2_table_13_T14_in_vitro_tables.csv
AD-58156,AcuGAAGcAuuuGAuGcAAdTsdT,UUGcAUcAAAUGCUUcAGUdTsdT,ACUGAAGCAUUUGAUGCAA,UUGCAUCAAAUGCUUCAGU,,,,1.0,74.08,2.72,,free uptake,,EP4365291,EP4365291NWA2_table_12_T13_in_vitro_tables.csv; EP4365291NWA2_table_13_T14_in_vitro_tables.csv
AD-58162,AGuucuGuGuuAAAAuGucdTsdT,GAcAUUUuAAcAcAGAACUdTsffT,AGUUCUGUGUUAAAAUGUC,GACAUUUUAACACAGAACU,,,,1.0,86.75,0.43,,free uptake,,EP4365291,EP4365291NWA2_table_12_T13_in_vitro_tables.csv; EP4365291NWA2_table_13_T14_in_vitro_tables.csv
AD-58168,GAuuuuGAGuGuAAAAGGAdTsdT,UCCUUUuAcACUcAAAAUCdTsdT,GAUUUUGAGUGUAAAAGGA,UCCUUUUACACUCAAAAUC,,,,1.0,90.26,0.52,,free uptake,,EP4365291,EP4365291NWA2_table_12_T13_in_vitro_tables.csv
AD-58174,uGAuGAAccuuGuAAAGAAdTsdT,UUCUUuAcAAGGUUcAUcAdTsdT,UGAUGAACCUUGUAAAGAA,UUCUUUACAAGGUUCAUCA,,,,1.0,95.16,0.25,,free uptake,,EP4365291,EP4365291NWA2_table_12_T13_in_vitro_tables.csv
AD-58180,cAuuGGAAcAuuuuucAuudTsdT,AAUGAAAAAUGUUCcAAUGdTsdT,CAUUGGAACAUUUUUCAUU,AAUGAAAAAUGUUCCAAUG,,,,1.0,90.59,1.91,,free uptake,,EP4365291,EP4365291NWA2_table_12_T13_in_vitro_tables.csv
AD-58186,ccAGAAAuucGGAGuuAuudTsdT,AAuAACUCCGAAUUUCUGGdTsdT,CCAGAAAUUCGGAGUUAUU,AAUAACUCCGAAUUUCUGG,,,,1.0,90.03,1.03,,free uptake,,EP4365291,EP4365291NWA2_table_12_T13_in_vitro_tables.csv
AD-58145,ccuGGGAGAuAAAAcucAcdTsdT,GUGAGUUUuAUCUCCcAGGdTsdT,CCUGGGAGAUAAAACUCAC,GUGAGUUUUAUCUCCCAGG,,,,1.0,85.71,1.94,,free uptake,,EP4365291,EP4365291NWA2_table_12_T13_in_vitro_tables.csv
AD-58151,AAAuGAuGAAccuuGuAAAdTsdT,UUuAcAAGGUUcAUcAUUUdTsdT,AAAUGAUGAACCUUGUAAA,UUUACAAGGUUCAUCAUUU,,,,1.0,89.84,1.71,,free uptake,,EP4365291,EP4365291NWA2_table_12_T13_in_vitro_tables.csv
AD-58157,uGcucAAGucAcAuuuGAudTsdT,AUcAAAUGUGACUUGAGcAdTsdT,UGCUCAAGUCACAUUUGAU,AUCAAAUGUGACUUGAGCA,,,,1.0,95.28,1.05,,free uptake,,EP4365291,EP4365291NWA2_table_12_T13_in_vitro_tables.csv
AD-58163,GAuuGcAuAuGcuuAuAAAdTsdT,UUuAuAAGcAuAUGcAAUCdTsdT,GAUUGCAUAUGCUUAUAAA,UUUAUAAGCAUAUGCAAUC,,,,1.0,95.05,1.65,,free uptake,,EP4365291,EP4365291NWA2_table_12_T13_in_vitro_tables.csv
AD-58169,uAuccuGAuAAAAAAuuuAdTsdT,uAAAUUUUUuAUcAGGAuAdTsdT,UAUCCUGAUAAAAAAUUUA,UAAAUUUUUUAUCAGGAUA,,,,1.0,82.98,1.88,,free uptake,,EP4365291,EP4365291NWA2_table_12_T13_in_vitro_tables.csv
AD-58175,GAAGuuuGcAGcuuuuAuudTsdT,AAuAAAAGCUGcAAACUUCdTsdT,GAAGUUUGCAGCUUUUAUU,AAUAAAAGCUGCAAACUUC,,,,1.0,91.7,0.28,,free uptake,,EP4365291,EP4365291NWA2_table_12_T13_in_vitro_tables.csv
AD-58181,AGAAAuuGAucAuAuuGGAdTsdT,UCcAAuAUGAUcAAUUUCUdTsdT,AGAAAUUGAUCAUAUUGGA,UCCAAUAUGAUCAAUUUCU,,,,1.0,78.11,4.22,,free uptake,,EP4365291,EP4365291NWA2_table_12_T13_in_vitro_tables.csv
AD-58187,ccuGAuAAAAAAuuuAGuudTsdT,AACuAAAUUUUUuAUcAGGdTsdT,CCUGAUAAAAAAUUUAGUU,AACUAAAUUUUUUAUCAGG,,,,1.0,38.04,2.61,,free uptake,,EP4365291,EP4365291NWA2_table_12_T13_in_vitro_tables.csv
AD-58146,GAAAAGAAAucuuAGuAAAdTsffT,UUuACuAAGAUUUCUUUUCdTsdT,GAAAAGAAAUCUUAGUAAA,UUUACUAAGAUUUCUUUUC,,,,1.0,85.75,2.64,,free uptake,,EP4365291,EP4365291NWA2_table_12_T13_in_vitro_tables.csv
AD-58152,uuAucAAAGuAuAAAcAuudTsdT,AAUGUUuAuACUUUGAuAAdTsdT,UUAUCAAAGUAUAAACAUU,AAUGUUUAUACUUUGAUAA,,,,1.0,88.78,0.8,,free uptake,,EP4365291,EP4365291NWA2_table_12_T13_in_vitro_tables.csv
AD-58158,CCUAG4AACUGAAUUUGGU,ACcAAAUUcAGUUUGuAGGdTsdT,,ACCAAAUUCAGUUUGUAGG,,,,1.0,92.04,0.76,,free uptake,,EP4365291,EP4365291NWA2_table_12_T13_in_vitro_tables.csv
AD-58164,GGAGcAAAcAuAuGucAuudTsdT,AAUGAcAuAUGUUUGCUCCdTsdT,GGAGCAAACAUAUGUCAUU,AAUGACAUAUGUUUGCUCC,,,,1.0,88.4,2.06,,free uptake,,EP4365291,EP4365291NWA2_table_12_T13_in_vitro_tables.csv
AD-58170,AuGuAAcAAcuGuAGuucAdTsdT,UGAACuAcAGUUGUuAcAUdTsdT,AUGUAACAACUGUAGUUCA,UGAACUACAGUUGUUACAU,,,,1.0,87.72,0.96,,free uptake,,EP4365291,EP4365291NWA2_table_12_T13_in_vitro_tables.csv
AD-58176,GGAAAucAuuGGAAcAuuudTsdT,AAAUGUUCcAAUGAUUUCCdTsdT,GGAAAUCAUUGGAACAUUU,AAAUGUUCCAAUGAUUUCC,,,,1.0,93.11,1.04,,free uptake,,EP4365291,EP4365291NWA2_table_12_T13_in_vitro_tables.csv
AD-58182,uAAGAAuuuuGAAAuuAcudTsdT,AGuAAUUUcAAAAUUCUuAffTsdT,UAAGAAUUUUGAAAUUACU,AGUAAUUUCAAAAUUCUUA,,,,1.0,81.35,0.96,,free uptake,,EP4365291,EP4365291NWA2_table_12_T13_in_vitro_tables.csv
AD-58188,uucuGcAAcuGAAuucGAudTsdT,AUCGAAUUcAGUUGcAGAAdTsdT,UUCUGCAACUGAAUUCGAU,AUCGAAUUCAGUUGCAGAA,,,,1.0,94.6,1.07,,free uptake,,EP4365291,EP4365291NWA2_table_12_T13_in_vitro_tables.csv
AD-58147,ccuuGGAAAGAGuAuuucAdTsdT,UGAAAuACUCUUUCcAAGGdTsdT,CCUUGGAAAGAGUAUUUCA,UGAAAUACUCUUUCCAAGG,,,,1.0,91.78,0.77,,free uptake,,EP4365291,EP4365291NWA2_table_12_T13_in_vitro_tables.csv
AD-58153,uGAuAAAAAAuuuAGuuAcdTsdT,GuAACuAAAUUUUUuAUcAdTsdT,UGAUAAAAAAUUUAGUUAC,GUAACUAAAUUUUUUAUCA,,,,1.0,31.9,4.44,,free uptake,,EP4365291,EP4365291NWA2_table_12_T13_in_vitro_tables.csv
AD-58159,cuuGGAAAGAGuAuuucAAdTsdT,UUGAAAuACUCUUUCcAAGdTsdT,CUUGGAAAGAGUAUUUCAA,UUGAAAUACUCUUUCCAAG,,,,1.0,91.24,1.54,,free uptake,,EP4365291,EP4365291NWA2_table_12_T13_in_vitro_tables.csv
AD-58190,CACUAUAAUUACUUGAUUUdTdT,AAAUCAAGUAAUUAUAGUGdTdT,CACUAUAAUUACUUGAUUU,AAAUCAAGUAAUUAUAGUG,,,,1.0,78.06,2.23,,free uptake,,EP4365291,EP4365291NWA2_table_12_T13_in_vitro_tables.csv; EP4365291NWA2_table_13_T14_in_vitro_tables.csv
AD-58196,UAACUCACUAUAAUUACUUdTdT,AAGUAAUUAUAGUGAGUUAdTdT,UAACUCACUAUAAUUACUU,AAGUAAUUAUAGUGAGUUA,,,,1.0,84.03,1.07,,free uptake,,EP4365291,EP4365291NWA2_table_12_T13_in_vitro_tables.csv; EP4365291NWA2_table_13_T14_in_vitro_tables.csv
AD-58202,ACAAAAUAACUCACUAUAAdTdT,UUAUAGUGAGUUAUUUUGUdTdT,ACAAAAUAACUCACUAUAA,UUAUAGUGAGUUAUUUUGU,,,,1.0,88.01,5.34,,free uptake,,EP4365291,EP4365291NWA2_table_12_T13_in_vitro_tables.csv; EP4365291NWA2_table_13_T14_in_vitro_tables.csv
AD-58208,UCCUCUGGAAAUUGGCCUUdTdT,AAGGCCAAUUUCCAGAGGAdTdT,UCCUCUGGAAAUUGGCCUU,AAGGCCAAUUUCCAGAGGA,,,,1.0,81.37,12.88,,free uptake,,EP4365291,EP4365291NWA2_table_12_T13_in_vitro_tables.csv; EP4365291NWA2_table_13_T14_in_vitro_tables.csv
AD-58214,CAAAAUAACUCACUAUAAUdTdT,AUUAUAGUGAGUUAUUUUGdTdT,,,,,,1.0,93.15,0.51,,free uptake,,EP4365291,EP4365291NWA2_table_12_T13_in_vitro_tables.csv; EP4365291NWA2_table_13_T14_in_vitro_tables.csv
AD-58220,CUCUGGAAAUUGGCCUUCAdTdT,UGAAGGCCAAUUUCCAGAGdTdT,CUCUGGAAAUUGGCCUUCA,UGAAGGCCAAUUUCCAGAG,,,,1.0,88.5,3.85,,free uptake,,EP4365291,EP4365291NWA2_table_12_T13_in_vitro_tables.csv; EP4365291NWA2_table_13_T14_in_vitro_tables.csv
AD-58226,GCAAGAUAUUUUUAUAAUAdTdT,UAUUAUAAAAAUAUCUUGCdTdT,GCAAGAUAUUUUUAUAAUA,UAUUAUAAAAAUAUCUUGC,,,,1.0,94.23,1.71,,free uptake,,EP4365291,EP4365291NWA2_table_12_T13_in_vitro_tables.csv; EP4365291NWA2_table_13_T14_in_vitro_tables.csv
AD-58231,AAUGUUUUUGUCAAGUACAdTdT,UGUACUUGAG4AAAAG4UUdTdT,AAUGUUUUUGUCAAGUACA,UGUACUUGACAAAAACAUU,,,,1.0,92.77,1.07,,free uptake,,EP4365291,EP4365291NWA2_table_12_T13_in_vitro_tables.csv; EP4365291NWA2_table_13_T14_in_vitro_tables.csv
AD-58191,UUAAACAACAAGUACCUUUdTdT,AAAGGUACUUGUUGUUUAAdTdT,UUAAACAACAAGUACCUUU,AAAGGUACUUGUUGUUUAA,,,,1.0,64.6,5.5,,free uptake,,EP4365291,EP4365291NWA2_table_12_T13_in_vitro_tables.csv; EP4365291NWA2_table_13_T14_in_vitro_tables.csv
AD-58197,UCAGAAAGUCUGUGAAGGAdTdT,UCCUUCACAGACUUUCUGAdTdT,UCAGAAAGUCUGUGAAGGA,UCCUUCACAGACUUUCUGA,,,,1.0,87.95,1.7,,free uptake,,EP4365291,EP4365291NWA2_table_12_T13_in_vitro_tables.csv; EP4365291NWA2_table_13_T14_in_vitro_tables.csv
AD-58203,ACUGAAGCAUUUGAUGCAAdTdT,UUGCAUG4AAUGCUUCAGUdTdT,ACUGAAGCAUUUGAUGCAA,UUGCAUCAAAUGCUUCAGU,,,,1.0,84.84,1.46,,free uptake,,EP4365291,EP4365291NWA2_table_12_T13_in_vitro_tables.csv; EP4365291NWA2_table_13_T14_in_vitro_tables.csv
AD-58209,,,,,,,,1.0,92.42,3.58,,free uptake,,EP4365291,EP4365291NWA2_table_12_T13_in_vitro_tables.csv; EP4365291NWA2_table_13_T14_in_vitro_tables.csv
AD-58233,CfACfUfAUfAAUfUfACfUfUfGAUfUfUfdTsdT,AAAUCfAAGUfAAUUfAUfAGUGdTsdT,CACUAUAAUUACUUGAUUU,AAAUCAAGUAAUUAUAGUG,,,,1.0,72.99,0.86,,free uptake,,EP4365291,EP4365291NWA2_table_12_T13_in_vitro_tables.csv; EP4365291NWA2_table_13_T14_in_vitro_tables.csv
AD-58193,UfAACfUfCfACfUfAUfAAUfUfACfUfUfdTsdT,AAGUfAAUUfAUfAGUGAGUUfAdTsdT,UAACUCACUAUAAUUACUU,AAGUAAUUAUAGUGAGUUA,,,,1.0,84.63,1.44,,free uptake,,EP4365291,EP4365291NWA2_table_12_T13_in_vitro_tables.csv; EP4365291NWA2_table_13_T14_in_vitro_tables.csv
AD-58199,ACfAAAAUfAACfUfCfACfUfAUfAAdTsdT,UUfAUfAGUGAGUUfAUUUUGUdTsdT,ACAAAAUAACUCACUAUAA,UUAUAGUGAGUUAUUUUGU,,,,1.0,78.48,6.02,,free uptake,,EP4365291,EP4365291NWA2_table_12_T13_in_vitro_tables.csv; EP4365291NWA2_table_13_T14_in_vitro_tables.csv
AD-58205,UfCfCfUfCfUfGGAAAUfUfGGCfCfUfUfdTsdT,AAGGCCfAAUUUCCfAGAGGAdTsdT,,,,,,1.0,75.87,5.46,,free uptake,,EP4365291,EP4365291NWA2_table_12_T13_in_vitro_tables.csv; EP4365291NWA2_table_13_T14_in_vitro_tables.csv
AD-58211,CfAAAAUfAACfUfCfACfUfAUfAAUfdTsdT,AUUfAUfAGUGAGUUfAUUUUGdTsdT,CAAAAUAACUCACUAUAAU,AUUAUAGUGAGUUAUUUUG,,,,1.0,83.62,2.61,,free uptake,,EP4365291,EP4365291NWA2_table_12_T13_in_vitro_tables.csv; EP4365291NWA2_table_13_T14_in_vitro_tables.csv
AD-58217,CfUfCfUfGGAAAUfUfGGCfCfUfUfCfAdTsdT,UGAAGGCCfAAUUUCCfAGAGdTsdT,CUCUGGAAAUUGGCCUUCA,UGAAGGCCAAUUUCCAGAG,,,,1.0,87.77,0.29,,free uptake,,EP4365291,EP4365291NWA2_table_12_T13_in_vitro_tables.csv; EP4365291NWA2_table_13_T14_in_vitro_tables.csv
AD-58223,GCfAAGAUfAUfUfUfUfUfAUfAAUfAdTsdT,UfAUUfAUfAAAAAUfAUCUUGCdTsdT,GCAAGAUAUUUUUAUAAUA,UAUUAUAAAAAUAUCUUGC,,,,1.0,91.49,3.01,,free uptake,,EP4365291,EP4365291NWA2_table_12_T13_in_vitro_tables.csv; EP4365291NWA2_table_13_T14_in_vitro_tables.csv
AD-58229,AAUfGUfUfUfUfUfGUfCfAAGUfACfAdTsdT,UGUfACUUGACfAAAAACfAUUdTsdT,AAUGUUUUUGUCAAGUACA,UGUACUUGACAAAAACAUU,,,,1.0,94.5,1.96,,free uptake,,EP4365291,EP4365291NWA2_table_12_T13_in_vitro_tables.csv; EP4365291NWA2_table_13_T14_in_vitro_tables.csv
AD-582,,,,,,,,1.0,53.14,15.59,,free uptake,,EP4365291,EP4365291NWA2_table_12_T13_in_vitro_tables.csv; EP4365291NWA2_table_13_T14_in_vitro_tables.csv
AD-58194,UfCfAGAAAGUfCfUfGUfGAAGGAdTsdT,UCCUUCfACfAGACUUUCUGAdTsdT,UCAGAAAGUCUGUGAAGGA,UCCUUCACAGACUUUCUGA,,,,1.0,85.51,2.47,,free uptake,,EP4365291,EP4365291NWA2_table_12_T13_in_vitro_tables.csv; EP4365291NWA2_table_13_T14_in_vitro_tables.csv
AD-58200,ACfUfGAAGCfAUfUfUfGAUfGCfAAdTsdT,UUGCfAUCfAAAUGCUUCfAGUdTsdT,ACUGAAGCAUUUGAUGCAA,UUGCAUCAAAUGCUUCAGU,,,,1.0,83.79,0.96,,free uptake,,EP4365291,EP4365291NWA2_table_12_T13_in_vitro_tables.csv; EP4365291NWA2_table_13_T14_in_vitro_tables.csv
AD-58206,AGUfUfCfUfGUfGUfUfAAAAUfGUfCfdTsdT,GACfAUUUUfAACfACfAGAACUdTsdT,AGUUCUGUGUUAAAAUGUC,GACAUUUUAACACAGAACU,,,,1.0,86.75,2.82,,free uptake,,EP4365291,EP4365291NWA2_table_12_T13_in_vitro_tables.csv; EP4365291NWA2_table_13_T14_in_vitro_tables.csv
AD-S8236,,,,,,,,1.0,91.71,1.16,,free uptake,,EP4365291,EP4365291NWA2_table_12_T13_in_vitro_tables.csv
AD-58242,uAAcucAcuAuAAuuAcuudTsdT,AAGuAAUuAuAGuGAGUuAdTsdT,UAACUCACUAUAAUUACUU,AAGUAAUUAUAGUGAGUUA,,,,1.0,87.95,0.44,,free uptake,,EP4365291,EP4365291NWA2_table_12_T13_in_vitro_tables.csv; EP4365291NWA2_table_13_T14_in_vitro_tables.csv
AD-58248,AcAAAAuAAcucAcuAuAAdTsdT,UuAuAGuGAGUuAuUuuGUdTsdT,ACAAAAUAACUCACUAUAA,UUAUAGUGAGUUAUUUUGU,,,,1.0,37.22,15.22,,free uptake,,EP4365291,EP4365291NWA2_table_12_T13_in_vitro_tables.csv; EP4365291NWA2_table_13_T14_in_vitro_tables.csv
AD-58254,uccucuGGAAAuuGGccuudTsdT,AAGGCcAAuUUCcAGAGGAdTsdT,UCCUCUGGAAAUUGGCCUU,AAGGCCAAUUUCCAGAGGA,,,,1.0,88.82,1.59,,free uptake,,EP4365291,EP4365291NWA2_table_12_T13_in_vitro_tables.csv; EP4365291NWA2_table_13_T14_in_vitro_tables.csv
AD-58260,cAAAAuAAcucAcuAuAAudTsdT,AUuAuAGuGAGUuAuUuuGdTsdT,CAAAAUAACUCACUAUAAU,AUUAUAGUGAGUUAUUUUG,,,,1.0,91.58,1.1,,free uptake,,EP4365291,EP4365291NWA2_table_12_T13_in_vitro_tables.csv; EP4365291NWA2_table_13_T14_in_vitro_tables.csv
AD-58266,cucuGGAAAuuGGccuucAdTsdT,uGAAGGCcAAuUUCcAGAGdTsdT,CUCUGGAAAUUGGCCUUCA,UGAAGGCCAAUUUCCAGAG,,,,1.0,59.3,1.91,,free uptake,,EP4365291,EP4365291NWA2_table_12_T13_in_vitro_tables.csv; EP4365291NWA2_table_13_T14_in_vitro_tables.csv
AD-58272,GcAAGAuAuuuuuAuAAuAdTsdT,uAUuAuAAAAAuAUCuuGCdTsdT,GCAAGAUAUUUUUAUAAUA,UAUUAUAAAAAUAUCUUGC,,,,1.0,77.37,1.62,,free uptake,,EP4365291,EP4365291NWA2_table_12_T13_in_vitro_tables.csv; EP4365291NWA2_table_13_T14_in_vitro_tables.csv
AD-58277,AAuGuuuuuGucAAGuAcAdTsdT,uGuACuuGAcAAAAAcAuUdTsdT,AAUGUUUUUGUCAAGUACA,UGUACUUGACAAAAACAUU,,,,1.0,29.49,4.8,,free uptake,,EP4365291,EP4365291NWA2_table_12_T13_in_vitro_tables.csv; EP4365291NWA2_table_13_T14_in_vitro_tables.csv
AD-58237,uuAAAcAAcAAGuAccuuudTsdT,AAAGGuACuuGuuGuUuAAdTsdT,UUAAACAACAAGUACCUUU,AAAGGUACUUGUUGUUUAA,,,,1.0,71.9,1.96,,free uptake,,EP4365291,EP4365291NWA2_table_12_T13_in_vitro_tables.csv; EP4365291NWA2_table_13_T14_in_vitro_tables.csv
AD-58243,ucAGAAAGucuGuGAAGGAdTsdT,UCCuUcAcAGACuUUCuGAdTsdT,UCAGAAAGUCUGUGAAGGA,UCCUUCACAGACUUUCUGA,,,,1.0,85.84,1.11,,free uptake,,EP4365291,EP4365291NWA2_table_12_T13_in_vitro_tables.csv; EP4365291NWA2_table_13_T14_in_vitro_tables.csv
AD-58249,AcuGAAGcAuuuGAuGcAAdTsdT,uuGcAUcAAAuGCuUcAGUdTsdT,ACUGAAGCAUUUGAUGCAA,UUGCAUCAAAUGCUUCAGU,,,,1.0,22.92,15.14,,free uptake,,EP4365291,EP4365291NWA2_table_12_T13_in_vitro_tables.csv; EP4365291NWA2_table_13_T14_in_vitro_tables.csv
AD-58255,AGuucuGuGuuAAAAuGucdTsdT,GAtAuUUuAArAcAGAACUdTsdT,AGUUCUGUGUUAAAAUGUC,GACAUUUUAACACAGAACU,,,,1.0,87.73,2.58,,free uptake,,EP4365291,EP4365291NWA2_table_12_T13_in_vitro_tables.csv; EP4365291NWA2_table_13_T14_in_vitro_tables.csv
AD-58279,cAcuAuAAuuAcuuGAuuudTsdT,AAAUCAAGuAAuuAuAgugdTsdT,CACUAUAAUUACUUGAUUU,AAAUCAAGUAAUUAUAGUG,,,,1.0,74.22,5.52,,free uptake,,EP4365291,EP4365291NWA2_table_12_T13_in_vitro_tables.csv; EP4365291NWA2_table_13_T14_in_vitro_tables.csv
AD-58239,uAAcucAcuAuAAuuAcuudTsdT,AAGuAAuUAuAGuGAGuuadTsdT,UAACUCACUAUAAUUACUU,AAGUAAUUAUAGUGAGUUA,,,,1.0,77.02,0.28,,free uptake,,EP4365291,EP4365291NWA2_table_12_T13_in_vitro_tables.csv
AD-58245,AcAAAAuAAcucAcuAuAAdTsdT,UuAuAGuGAGuuAuuuugudTsdT,ACAAAAUAACUCACUAUAA,UUAUAGUGAGUUAUUUUGU,,,,1.0,10.4,15.24,,free uptake,,EP4365291,EP4365291NWA2_table_12_T13_in_vitro_tables.csv; EP4365291NWA2_table_13_T14_in_vitro_tables.csv
AD-58251,uccucuGGAAAuuGGccuudTsdT,AAGGCCAAuUuCCAGAggadTsdT,,,,,,1.0,71.61,7.29,,free uptake,,EP4365291,EP4365291NWA2_table_12_T13_in_vitro_tables.csv; EP4365291NWA2_table_13_T14_in_vitro_tables.csv
AD-58257,cAAAAuAAcucAcuAuAAudTsdT,AuUAuAGuGAGuuAuuuugdTsdT,CAAAAUAACUCACUAUAAU,AUUAUAGUGAGUUAUUUUG,,,,1.0,51.03,9.1,,free uptake,,EP4365291,EP4365291NWA2_table_12_T13_in_vitro_tables.csv; EP4365291NWA2_table_13_T14_in_vitro_tables.csv
AD-58263,cucuGGAAAuuGGccuucAdTsdT,UGAAGGCG4AuuuCCAgagdTsdT,CUCUGGAAAUUGGCCUUCA,UGAAGGCCAAUUUCCAGAG,,,,1.0,90.86,1.27,,free uptake,,EP4365291,EP4365291NWA2_table_12_T13_in_vitro_tables.csv; EP4365291NWA2_table_13_T14_in_vitro_tables.csv
AD-58269,GcAAGAuAuuuuuAuAAuAdTsdT,UAuUAuAAAAAuAuCuugcdTsdT,GCAAGAUAUUUUUAUAAUA,UAUUAUAAAAAUAUCUUGC,,,,1.0,16.16,15.9,,free uptake,,EP4365291,EP4365291NWA2_table_12_T13_in_vitro_tables.csv; EP4365291NWA2_table_13_T14_in_vitro_tables.csv
AD-58275,AAuGuuuuuGucAAGuAcAdTsdT,UGuACuUGACAAAAACauudTsdT,AAUGUUUUUGUCAAGUACA,UGUACUUGACAAAAACAUU,,,,1.0,89.71,0.73,,free uptake,,EP4365291,EP4365291NWA2_table_12_T13_in_vitro_tables.csv; EP4365291NWA2_table_13_T14_in_vitro_tables.csv
AD-58280,uuAAAcAAcAAGuAccuuudTsdT,AAAGGuACuUGuuGuuuaadTsdT,UUAAACAACAAGUACCUUU,AAAGGUACUUGUUGUUUAA,,,,1.0,27.23,7.44,,free uptake,,EP4365291,EP4365291NWA2_table_12_T13_in_vitro_tables.csv; EP4365291NWA2_table_13_T14_in_vitro_tables.csv
AD-58240,ucAGAAAGucuGuGAAGGAdTsdT,UCCuUCAG4GACuuuCugadTsdT,UCAGAAAGUCUGUGAAGGA,UCCUUCACAGACUUUCUGA,,,,1.0,34.58,3.82,,free uptake,,EP4365291,EP4365291NWA2_table_12_T13_in_vitro_tables.csv; EP4365291NWA2_table_13_T14_in_vitro_tables.csv
AD-58246,AcuGAAGcAuuuGAuGcAAdTsdT,UuGCAUCAAAuGCuuCagudTsdT,ACUGAAGCAUUUGAUGCAA,UUGCAUCAAAUGCUUCAGU,,,,1.0,40.81,28.95,,free uptake,,EP4365291,EP4365291NWA2_table_12_T13_in_vitro_tables.csv; EP4365291NWA2_table_13_T14_in_vitro_tables.csv
AD-58252,AGuucuGuGuuAAAAuGucdTsdT,GACAuUuUAACACAGAacudTsdT,AGUUCUGUGUUAAAAUGUC,GACAUUUUAACACAGAACU,,,,1.0,84.65,1.14,,free uptake,,EP4365291,EP4365291NWA2_table_12_T13_in_vitro_tables.csv; EP4365291NWA2_table_13_T14_in_vitro_tables.csv
Mock,,,,,,,,1.0,23.47,14.26,,free uptake,,EP4365291,EP4365291NWA2_table_12_T13_in_vitro_tables.csv; EP4365291NWA2_table_13_T14_in_vitro_tables.csv
AD-1955,,,,,,,,1.0,27.7,19.54,,free uptake,,EP4365291,EP4365291NWA2_table_12_T13_in_vitro_tables.csv; EP4365291NWA2_table_13_T14_in_vitro_tables.csv
Untreated,,,,,,,,1.0,0.0,21.68,,free uptake,,EP4365291,EP4365291NWA2_table_12_T13_in_vitro_tables.csv; EP4365291NWA2_table_13_T14_in_vitro_tables.csv
AD-58143,cAcuAuAAuuAcuuGAuuudTsdT,AAAUcAAGuAAUuAuAGUGdTsdT,CACUAUAAUUACUUGAUUU,AAAUCAAGUAAUUAUAGUG,,,,0.01,-0.58,3.94,,free uptake,,EP4365291,EP4365291NWA2_table_12_T13_in_vitro_tables.csv
AD-58149,uAAcucAcuAuAAuuAcuudTsdT,AAGuAAUuAuAGUGAGUuAdTsdT,UAACUCACUAUAAUUACUU,AAGUAAUUAUAGUGAGUUA,,,,0.01,35.03,0.0,,free uptake,,EP4365291,EP4365291NWA2_table_12_T13_in_vitro_tables.csv
AD-58155,AcAAAAuAAcucAcuAuAAdTsdT,UuAuAGUGAGUuAUUUUGUdTsdT,ACAAAAUAACUCACUAUAA,UUAUAGUGAGUUAUUUUGU,,,,0.01,23.76,3.74,,free uptake,,EP4365291,EP4365291NWA2_table_12_T13_in_vitro_tables.csv
AD-58161,uccucuGGAAAuuGGccuudTsdT,AAGGCcAAUUUCcAGAGGAdTsdT,UCCUCUGGAAAUUGGCCUU,AAGGCCAAUUUCCAGAGGA,,,,0.01,-2.3,0.5,,free uptake,,EP4365291,EP4365291NWA2_table_12_T13_in_vitro_tables.csv
AD-58167,cAAAAuAAcucAcuAuAAudTsdT,AUuAuAGUGAGUuAUUUUGdTsdT,CAAAAUAACUCACUAUAAU,AUUAUAGUGAGUUAUUUUG,,,,0.01,23.76,3.74,,free uptake,,EP4365291,EP4365291NWA2_table_12_T13_in_vitro_tables.csv
AD-58173,cucuGGAAAuuGGccuucAdTsdT,UGAAGGCcAAUUUCcAGAGdTsdT,CUCUGGAAAUUGGCCUUCA,UGAAGGCCAAUUUCCAGAG,,,,0.01,-7.44,4.74,,free uptake,,EP4365291,EP4365291NWA2_table_12_T13_in_vitro_tables.csv
AD-58179,GcAAGAuAuuuuuAuAAuAffTstfT,uAUuAuAAAAAuAUCUUGCdTsdT,GCAAGAUAUUUUUAUAAUA,UAUUAUAAAAAUAUCUUGC,,,,0.01,21.93,1.15,,free uptake,,EP4365291,EP4365291NWA2_table_12_T13_in_vitro_tables.csv
AD-58185,AAuGuuuuuGucAAGuAcAdTsdT,UGuACUUGAcAAAAAcAUUdTsdT,AAUGUUUUUGUCAAGUACA,UGUACUUGACAAAAACAUU,,,,0.01,20.01,0.78,,free uptake,,EP4365291,EP4365291NWA2_table_12_T13_in_vitro_tables.csv
AD-58144,uuAAAcAAcAAGuAccuuudTsdT,AAAGGuACUUGUUGUUuAAdTsdT,UUAAACAACAAGUACCUUU,AAAGGUACUUGUUGUUUAA,,,,0.01,18.05,0.4,,free uptake,,EP4365291,EP4365291NWA2_table_12_T13_in_vitro_tables.csv
AD-58150,ucAGAAAGucuGuGAAGGAdTsdT,UCCUUcAcAGACUUUCUGAdTsdT,UCAGAAAGUCUGUGAAGGA,UCCUUCACAGACUUUCUGA,,,,0.01,23.8,0.0,,free uptake,,EP4365291,EP4365291NWA2_table_12_T13_in_vitro_tables.csv
AD-58156,AcuGAAGcAuuuGAuGcAAdTsdT,UUGcAUcAAAUGCUUcAGUdTsdT,ACUGAAGCAUUUGAUGCAA,UUGCAUCAAAUGCUUCAGU,,,,0.01,23.27,1.5,,free uptake,,EP4365291,EP4365291NWA2_table_12_T13_in_vitro_tables.csv
AD-58162,AGuucuGuGuuAAAAuGucdTsdT,GAcAUUUuAAcAcAGAACUdTsffT,AGUUCUGUGUUAAAAUGUC,GACAUUUUAACACAGAACU,,,,0.01,28.11,3.87,,free uptake,,EP4365291,EP4365291NWA2_table_12_T13_in_vitro_tables.csv
AD-58168,GAuuuuGAGuGuAAAAGGAdTsdT,UCCUUUuAcACUcAAAAUCdTsdT,GAUUUUGAGUGUAAAAGGA,UCCUUUUACACUCAAAAUC,,,,0.01,54.84,1.11,,free uptake,,EP4365291,EP4365291NWA2_table_12_T13_in_vitro_tables.csv
AD-58174,uGAuGAAccuuGuAAAGAAdTsdT,UUCUUuAcAAGGUUcAUcAdTsdT,UGAUGAACCUUGUAAAGAA,UUCUUUACAAGGUUCAUCA,,,,0.01,29.86,2.75,,free uptake,,EP4365291,EP4365291NWA2_table_12_T13_in_vitro_tables.csv
AD-58186,ccAGAAAuucGGAGuuAuudTsdT,AAuAACUCCGAAUUUCUGGdTsdT,CCAGAAAUUCGGAGUUAUU,AAUAACUCCGAAUUUCUGG,,,,0.01,31.09,0.34,,free uptake,,EP4365291,EP4365291NWA2_table_12_T13_in_vitro_tables.csv
AD-58145,ccuGGGAGAuAAAAcucAcdTsdT,GUGAGUUUuAUCUCCcAGGdTsdT,CCUGGGAGAUAAAACUCAC,GUGAGUUUUAUCUCCCAGG,,,,0.01,-3.38,2.03,,free uptake,,EP4365291,EP4365291NWA2_table_12_T13_in_vitro_tables.csv
AD-58151,AAAuGAuGAAccuuGuAAAdTsdT,UUuAcAAGGUUcAUcAUUUdTsdT,AAAUGAUGAACCUUGUAAA,UUUACAAGGUUCAUCAUUU,,,,0.01,18.83,4.77,,free uptake,,EP4365291,EP4365291NWA2_table_12_T13_in_vitro_tables.csv
AD-58157,uGcucAAGucAcAuuuGAudTsdT,AUcAAAUGUGACUUGAGcAdTsdT,UGCUCAAGUCACAUUUGAU,AUCAAAUGUGACUUGAGCA,,,,0.01,36.81,0.0,,free uptake,,EP4365291,EP4365291NWA2_table_12_T13_in_vitro_tables.csv
AD-58163,GAuuGcAuAuGcuuAuAAAdTsdT,UUuAuAAGcAuAUGcAAUCdTsdT,GAUUGCAUAUGCUUAUAAA,UUUAUAAGCAUAUGCAAUC,,,,0.01,59.87,0.59,,free uptake,,EP4365291,EP4365291NWA2_table_12_T13_in_vitro_tables.csv
AD-58169,uAuccuGAuAAAAAAuuuAdTsdT,uAAAUUUUUuAUcAGGAuAdTsdT,UAUCCUGAUAAAAAAUUUA,UAAAUUUUUUAUCAGGAUA,,,,0.01,16.9,2.04,,free uptake,,EP4365291,EP4365291NWA2_table_12_T13_in_vitro_tables.csv
AD-58175,GAAGuuuGcAGcuuuuAuudTsdT,AAuAAAAGCUGcAAACUUCdTsdT,GAAGUUUGCAGCUUUUAUU,AAUAAAAGCUGCAAACUUC,,,,0.01,37.46,0.31,,free uptake,,EP4365291,EP4365291NWA2_table_12_T13_in_vitro_tables.csv
AD-58181,AGAAAuuGAucAuAuuGGAdTsdT,UCcAAuAUGAUcAAUUUCUdTsdT,AGAAAUUGAUCAUAUUGGA,UCCAAUAUGAUCAAUUUCU,,,,0.01,44.74,3.52,,free uptake,,EP4365291,EP4365291NWA2_table_12_T13_in_vitro_tables.csv
AD-58187,ccuGAuAAAAAAuuuAGuudTsdT,AACuAAAUUUUUuAUcAGGdTsdT,CCUGAUAAAAAAUUUAGUU,AACUAAAUUUUUUAUCAGG,,,,0.01,28.88,2.79,,free uptake,,EP4365291,EP4365291NWA2_table_12_T13_in_vitro_tables.csv
AD-58146,GAAAAGAAAucuuAGuAAAdTsffT,UUuACuAAGAUUUCUUUUCdTsdT,GAAAAGAAAUCUUAGUAAA,UUUACUAAGAUUUCUUUUC,,,,0.01,4.77,6.53,,free uptake,,EP4365291,EP4365291NWA2_table_12_T13_in_vitro_tables.csv
AD-58152,uuAucAAAGuAuAAAcAuudTsdT,AAUGUUuAuACUUUGAuAAdTsdT,UUAUCAAAGUAUAAACAUU,AAUGUUUAUACUUUGAUAA,,,,0.01,29.91,7.88,,free uptake,,EP4365291,EP4365291NWA2_table_12_T13_in_vitro_tables.csv
AD-58158,CCUAG4AACUGAAUUUGGU,ACcAAAUUcAGUUUGuAGGdTsdT,,ACCAAAUUCAGUUUGUAGG,,,,0.01,1.14,4.36,,free uptake,,EP4365291,EP4365291NWA2_table_12_T13_in_vitro_tables.csv
AD-58164,GGAGcAAAcAuAuGucAuudTsdT,AAUGAcAuAUGUUUGCUCCdTsdT,GGAGCAAACAUAUGUCAUU,AAUGACAUAUGUUUGCUCC,,,,0.01,56.17,3.43,,free uptake,,EP4365291,EP4365291NWA2_table_12_T13_in_vitro_tables.csv
AD-58170,AuGuAAcAAcuGuAGuucAdTsdT,UGAACuAcAGUUGUuAcAUdTsdT,AUGUAACAACUGUAGUUCA,UGAACUACAGUUGUUACAU,,,,0.01,60.41,1.36,,free uptake,,EP4365291,EP4365291NWA2_table_12_T13_in_vitro_tables.csv
AD-58176,GGAAAucAuuGGAAcAuuudTsdT,AAAUGUUCcAAUGAUUUCCdTsdT,GGAAAUCAUUGGAACAUUU,AAAUGUUCCAAUGAUUUCC,,,,0.01,61.23,1.33,,free uptake,,EP4365291,EP4365291NWA2_table_12_T13_in_vitro_tables.csv
AD-58182,uAAGAAuuuuGAAAuuAcudTsdT,AGuAAUUUcAAAAUUCUuAffTsdT,UAAGAAUUUUGAAAUUACU,AGUAAUUUCAAAAUUCUUA,,,,0.01,44.22,0.55,,free uptake,,EP4365291,EP4365291NWA2_table_12_T13_in_vitro_tables.csv
AD-58188,uucuGcAAcuGAAuucGAudTsdT,AUCGAAUUcAGUUGcAGAAdTsdT,UUCUGCAACUGAAUUCGAU,AUCGAAUUCAGUUGCAGAA,,,,0.01,30.61,0.34,,free uptake,,EP4365291,EP4365291NWA2_table_12_T13_in_vitro_tables.csv
AD-58147,ccuuGGAAAGAGuAuuucAdTsdT,UGAAAuACUCUUUCcAAGGdTsdT,CCUUGGAAAGAGUAUUUCA,UGAAAUACUCUUUCCAAGG,,,,0.01,-6.66,2.61,,free uptake,,EP4365291,EP4365291NWA2_table_12_T13_in_vitro_tables.csv
AD-58153,uGAuAAAAAAuuuAGuuAcdTsdT,GuAACuAAAUUUUUuAUcAdTsdT,UGAUAAAAAAUUUAGUUAC,GUAACUAAAUUUUUUAUCA,,,,0.01,-4.17,18.29,,free uptake,,EP4365291,EP4365291NWA2_table_12_T13_in_vitro_tables.csv
AD-58159,cuuGGAAAGAGuAuuucAAdTsdT,UUGAAAuACUCUUUCcAAGdTsdT,CUUGGAAAGAGUAUUUCAA,UUGAAAUACUCUUUCCAAG,,,,0.01,18.59,2.79,,free uptake,,EP4365291,EP4365291NWA2_table_12_T13_in_vitro_tables.csv
AD-58190,CACUAUAAUUACUUGAUUUdTdT,AAAUCAAGUAAUUAUAGUGdTdT,CACUAUAAUUACUUGAUUU,AAAUCAAGUAAUUAUAGUG,,,,0.01,22.74,0.76,,free uptake,,EP4365291,EP4365291NWA2_table_12_T13_in_vitro_tables.csv
AD-58196,UAACUCACUAUAAUUACUUdTdT,AAGUAAUUAUAGUGAGUUAdTdT,UAACUCACUAUAAUUACUU,AAGUAAUUAUAGUGAGUUA,,,,0.01,27.57,5.32,,free uptake,,EP4365291,EP4365291NWA2_table_12_T13_in_vitro_tables.csv
AD-58202,ACAAAAUAACUCACUAUAAdTdT,UUAUAGUGAGUUAUUUUGUdTdT,ACAAAAUAACUCACUAUAA,UUAUAGUGAGUUAUUUUGU,,,,0.01,6.17,2.76,,free uptake,,EP4365291,EP4365291NWA2_table_12_T13_in_vitro_tables.csv
AD-58208,UCCUCUGGAAAUUGGCCUUdTdT,AAGGCCAAUUUCCAGAGGAdTdT,UCCUCUGGAAAUUGGCCUU,AAGGCCAAUUUCCAGAGGA,,,,0.01,47.93,2.55,,free uptake,,EP4365291,EP4365291NWA2_table_12_T13_in_vitro_tables.csv
AD-58214,CAAAAUAACUCACUAUAAUdTdT,AUUAUAGUGAGUUAUUUUGdTdT,,,,,,0.01,5.85,2.31,,free uptake,,EP4365291,EP4365291NWA2_table_12_T13_in_vitro_tables.csv
AD-58220,CUCUGGAAAUUGGCCUUCAdTdT,UGAAGGCCAAUUUCCAGAGdTdT,CUCUGGAAAUUGGCCUUCA,UGAAGGCCAAUUUCCAGAG,,,,0.01,21.66,0.77,,free uptake,,EP4365291,EP4365291NWA2_table_12_T13_in_vitro_tables.csv
AD-58226,GCAAGAUAUUUUUAUAAUAdTdT,UAUUAUAAAAAUAUCUUGCdTdT,GCAAGAUAUUUUUAUAAUA,UAUUAUAAAAAUAUCUUGC,,,,0.01,42.25,1.13,,free uptake,,EP4365291,EP4365291NWA2_table_12_T13_in_vitro_tables.csv
AD-58231,AAUGUUUUUGUCAAGUACAdTdT,UGUACUUGAG4AAAAG4UUdTdT,AAUGUUUUUGUCAAGUACA,UGUACUUGACAAAAACAUU,,,,0.01,24.33,0.74,,free uptake,,EP4365291,EP4365291NWA2_table_12_T13_in_vitro_tables.csv
AD-58191,UUAAACAACAAGUACCUUUdTdT,AAAGGUACUUGUUGUUUAAdTdT,UUAAACAACAAGUACCUUU,AAAGGUACUUGUUGUUUAA,,,,0.01,33.83,4.21,,free uptake,,EP4365291,EP4365291NWA2_table_12_T13_in_vitro_tables.csv
AD-58197,UCAGAAAGUCUGUGAAGGAdTdT,UCCUUCACAGACUUUCUGAdTdT,UCAGAAAGUCUGUGAAGGA,UCCUUCACAGACUUUCUGA,,,,0.01,32.51,0.33,,free uptake,,EP4365291,EP4365291NWA2_table_12_T13_in_vitro_tables.csv
AD-58203,ACUGAAGCAUUUGAUGCAAdTdT,UUGCAUG4AAUGCUUCAGUdTdT,ACUGAAGCAUUUGAUGCAA,UUGCAUCAAAUGCUUCAGU,,,,0.01,33.2,1.31,,free uptake,,EP4365291,EP4365291NWA2_table_12_T13_in_vitro_tables.csv
AD-58209,,,,,,,,0.01,28.77,6.28,,free uptake,,EP4365291,EP4365291NWA2_table_12_T13_in_vitro_tables.csv
AD-58233,CfACfUfAUfAAUfUfACfUfUfGAUfUfUfdTsdT,AAAUCfAAGUfAAUUfAUfAGUGdTsdT,CACUAUAAUUACUUGAUUU,AAAUCAAGUAAUUAUAGUG,,,,0.01,13.98,0.42,,free uptake,,EP4365291,EP4365291NWA2_table_12_T13_in_vitro_tables.csv
AD-58193,UfAACfUfCfACfUfAUfAAUfUfACfUfUfdTsdT,AAGUfAAUUfAUfAGUGAGUUfAdTsdT,UAACUCACUAUAAUUACUU,AAGUAAUUAUAGUGAGUUA,,,,0.01,0.15,0.0,,free uptake,,EP4365291,EP4365291NWA2_table_12_T13_in_vitro_tables.csv
AD-58199,ACfAAAAUfAACfUfCfACfUfAUfAAdTsdT,UUfAUfAGUGAGUUfAUUUUGUdTsdT,ACAAAAUAACUCACUAUAA,UUAUAGUGAGUUAUUUUGU,,,,0.01,21.61,16.4,,free uptake,,EP4365291,EP4365291NWA2_table_12_T13_in_vitro_tables.csv
AD-58205,UfCfCfUfCfUfGGAAAUfUfGGCfCfUfUfdTsdT,AAGGCCfAAUUUCCfAGAGGAdTsdT,,,,,,0.01,21.12,0.77,,free uptake,,EP4365291,EP4365291NWA2_table_12_T13_in_vitro_tables.csv
AD-58211,CfAAAAUfAACfUfCfACfUfAUfAAUfdTsdT,AUUfAUfAGUGAGUUfAUUUUGdTsdT,CAAAAUAACUCACUAUAAU,AUUAUAGUGAGUUAUUUUG,,,,0.01,67.63,0.48,,free uptake,,EP4365291,EP4365291NWA2_table_12_T13_in_vitro_tables.csv
AD-58217,CfUfCfUfGGAAAUfUfGGCfCfUfUfCfAdTsdT,UGAAGGCCfAAUUUCCfAGAGdTsdT,CUCUGGAAAUUGGCCUUCA,UGAAGGCCAAUUUCCAGAG,,,,0.01,29.84,3.44,,free uptake,,EP4365291,EP4365291NWA2_table_12_T13_in_vitro_tables.csv
AD-58223,GCfAAGAUfAUfUfUfUfUfAUfAAUfAdTsdT,UfAUUfAUfAAAAAUfAUCUUGCdTsdT,GCAAGAUAUUUUUAUAAUA,UAUUAUAAAAAUAUCUUGC,,,,0.01,27.15,1.79,,free uptake,,EP4365291,EP4365291NWA2_table_12_T13_in_vitro_tables.csv
AD-58229,AAUfGUfUfUfUfUfGUfCfAAGUfACfAdTsdT,UGUfACUUGACfAAAAACfAUUdTsdT,AAUGUUUUUGUCAAGUACA,UGUACUUGACAAAAACAUU,,,,0.01,24.07,0.37,,free uptake,,EP4365291,EP4365291NWA2_table_12_T13_in_vitro_tables.csv
AD-582,,,,,,,,0.01,-1.94,0.0,,free uptake,,EP4365291,EP4365291NWA2_table_12_T13_in_vitro_tables.csv
AD-58194,UfCfAGAAAGUfCfUfGUfGAAGGAdTsdT,UCCUUCfACfAGACUUUCUGAdTsdT,UCAGAAAGUCUGUGAAGGA,UCCUUCACAGACUUUCUGA,,,,0.01,-7.05,4.2,,free uptake,,EP4365291,EP4365291NWA2_table_12_T13_in_vitro_tables.csv
AD-58200,ACfUfGAAGCfAUfUfUfGAUfGCfAAdTsdT,UUGCfAUCfAAAUGCUUCfAGUdTsdT,ACUGAAGCAUUUGAUGCAA,UUGCAUCAAAUGCUUCAGU,,,,0.01,38.96,1.2,,free uptake,,EP4365291,EP4365291NWA2_table_12_T13_in_vitro_tables.csv
AD-58206,AGUfUfCfUfGUfGUfUfAAAAUfGUfCfdTsdT,GACfAUUUUfAACfACfAGAACUdTsdT,AGUUCUGUGUUAAAAUGUC,GACAUUUUAACACAGAACU,,,,0.01,62.27,2.03,,free uptake,,EP4365291,EP4365291NWA2_table_12_T13_in_vitro_tables.csv
AD-S8236,,,,,,,,0.01,-19.17,2.92,,free uptake,,EP4365291,EP4365291NWA2_table_12_T13_in_vitro_tables.csv
AD-58242,uAAcucAcuAuAAuuAcuudTsdT,AAGuAAUuAuAGuGAGUuAdTsdT,UAACUCACUAUAAUUACUU,AAGUAAUUAUAGUGAGUUA,,,,0.01,-2.69,4.03,,free uptake,,EP4365291,EP4365291NWA2_table_12_T13_in_vitro_tables.csv
AD-58248,AcAAAAuAAcucAcuAuAAdTsdT,UuAuAGuGAGUuAuUuuGUdTsdT,ACAAAAUAACUCACUAUAA,UUAUAGUGAGUUAUUUUGU,,,,0.01,16.59,3.27,,free uptake,,EP4365291,EP4365291NWA2_table_12_T13_in_vitro_tables.csv
AD-58254,uccucuGGAAAuuGGccuudTsdT,AAGGCcAAuUUCcAGAGGAdTsdT,UCCUCUGGAAAUUGGCCUU,AAGGCCAAUUUCCAGAGGA,,,,0.01,-0.54,0.0,,free uptake,,EP4365291,EP4365291NWA2_table_12_T13_in_vitro_tables.csv
AD-58260,cAAAAuAAcucAcuAuAAudTsdT,AUuAuAGuGAGUuAuUuuGdTsdT,CAAAAUAACUCACUAUAAU,AUUAUAGUGAGUUAUUUUG,,,,0.01,28.16,0.35,,free uptake,,EP4365291,EP4365291NWA2_table_12_T13_in_vitro_tables.csv
AD-58266,cucuGGAAAuuGGccuucAdTsdT,uGAAGGCcAAuUUCcAGAGdTsdT,CUCUGGAAAUUGGCCUUCA,UGAAGGCCAAUUUCCAGAG,,,,0.01,7.79,2.26,,free uptake,,EP4365291,EP4365291NWA2_table_12_T13_in_vitro_tables.csv
AD-58272,GcAAGAuAuuuuuAuAAuAdTsdT,uAUuAuAAAAAuAUCuuGCdTsdT,GCAAGAUAUUUUUAUAAUA,UAUUAUAAAAAUAUCUUGC,,,,0.01,18.89,1.59,,free uptake,,EP4365291,EP4365291NWA2_table_12_T13_in_vitro_tables.csv
AD-58277,AAuGuuuuuGucAAGuAcAdTsdT,uGuACuuGAcAAAAAcAuUdTsdT,AAUGUUUUUGUCAAGUACA,UGUACUUGACAAAAACAUU,,,,0.01,24.33,0.74,,free uptake,,EP4365291,EP4365291NWA2_table_12_T13_in_vitro_tables.csv
AD-58237,uuAAAcAAcAAGuAccuuudTsdT,AAAGGuACuuGuuGuUuAAdTsdT,UUAAACAACAAGUACCUUU,AAAGGUACUUGUUGUUUAA,,,,0.01,1.44,5.79,,free uptake,,EP4365291,EP4365291NWA2_table_12_T13_in_vitro_tables.csv
AD-58243,ucAGAAAGucuGuGAAGGAdTsdT,UCCuUcAcAGACuUUCuGAdTsdT,UCAGAAAGUCUGUGAAGGA,UCCUUCACAGACUUUCUGA,,,,0.01,13.95,2.95,,free uptake,,EP4365291,EP4365291NWA2_table_12_T13_in_vitro_tables.csv
AD-58249,AcuGAAGcAuuuGAuGcAAdTsdT,uuGcAUcAAAuGCuUcAGUdTsdT,ACUGAAGCAUUUGAUGCAA,UUGCAUCAAAUGCUUCAGU,,,,0.01,3.55,0.95,,free uptake,,EP4365291,EP4365291NWA2_table_12_T13_in_vitro_tables.csv
AD-58255,AGuucuGuGuuAAAAuGucdTsdT,GAtAuUUuAArAcAGAACUdTsdT,AGUUCUGUGUUAAAAUGUC,GACAUUUUAACACAGAACU,,,,0.01,52.11,0.0,,free uptake,,EP4365291,EP4365291NWA2_table_12_T13_in_vitro_tables.csv
AD-58279,cAcuAuAAuuAcuuGAuuudTsdT,AAAUCAAGuAAuuAuAgugdTsdT,CACUAUAAUUACUUGAUUU,AAAUCAAGUAAUUAUAGUG,,,,0.01,5.87,0.46,,free uptake,,EP4365291,EP4365291NWA2_table_12_T13_in_vitro_tables.csv
AD-58239,uAAcucAcuAuAAuuAcuudTsdT,AAGuAAuUAuAGuGAGuuadTsdT,UAACUCACUAUAAUUACUU,AAGUAAUUAUAGUGAGUUA,,,,0.01,16.55,4.91,,free uptake,,EP4365291,EP4365291NWA2_table_12_T13_in_vitro_tables.csv
AD-58245,AcAAAAuAAcucAcuAuAAdTsdT,UuAuAGuGAGuuAuuuugudTsdT,ACAAAAUAACUCACUAUAA,UUAUAGUGAGUUAUUUUGU,,,,0.01,9.07,0.45,,free uptake,,EP4365291,EP4365291NWA2_table_12_T13_in_vitro_tables.csv
AD-58251,uccucuGGAAAuuGGccuudTsdT,AAGGCCAAuUuCCAGAggadTsdT,,,,,,0.01,13.68,0.0,,free uptake,,EP4365291,EP4365291NWA2_table_12_T13_in_vitro_tables.csv
AD-58257,cAAAAuAAcucAcuAuAAudTsdT,AuUAuAGuGAGuuAuuuugdTsdT,CAAAAUAACUCACUAUAAU,AUUAUAGUGAGUUAUUUUG,,,,0.01,35.47,1.9,,free uptake,,EP4365291,EP4365291NWA2_table_12_T13_in_vitro_tables.csv
AD-58263,cucuGGAAAuuGGccuucAdTsdT,UGAAGGCG4AuuuCCAgagdTsdT,CUCUGGAAAUUGGCCUUCA,UGAAGGCCAAUUUCCAGAG,,,,0.01,16.61,1.63,,free uptake,,EP4365291,EP4365291NWA2_table_12_T13_in_vitro_tables.csv
AD-58269,GcAAGAuAuuuuuAuAAuAdTsdT,UAuUAuAAAAAuAuCuugcdTsdT,GCAAGAUAUUUUUAUAAUA,UAUUAUAAAAAUAUCUUGC,,,,0.01,24.06,1.12,,free uptake,,EP4365291,EP4365291NWA2_table_12_T13_in_vitro_tables.csv
AD-58275,AAuGuuuuuGucAAGuAcAdTsdT,UGuACuUGACAAAAACauudTsdT,AAUGUUUUUGUCAAGUACA,UGUACUUGACAAAAACAUU,,,,0.01,13.68,0.85,,free uptake,,EP4365291,EP4365291NWA2_table_12_T13_in_vitro_tables.csv
AD-58280,uuAAAcAAcAAGuAccuuudTsdT,AAAGGuACuUGuuGuuuaadTsdT,UUAAACAACAAGUACCUUU,AAAGGUACUUGUUGUUUAA,,,,0.01,-10.04,3.24,,free uptake,,EP4365291,EP4365291NWA2_table_12_T13_in_vitro_tables.csv
AD-58240,ucAGAAAGucuGuGAAGGAdTsdT,UCCuUCAG4GACuuuCugadTsdT,UCAGAAAGUCUGUGAAGGA,UCCUUCACAGACUUUCUGA,,,,0.01,24.31,2.23,,free uptake,,EP4365291,EP4365291NWA2_table_12_T13_in_vitro_tables.csv
AD-58246,AcuGAAGcAuuuGAuGcAAdTsdT,UuGCAUCAAAuGCuuCagudTsdT,ACUGAAGCAUUUGAUGCAA,UUGCAUCAAAUGCUUCAGU,,,,0.01,34.12,0.65,,free uptake,,EP4365291,EP4365291NWA2_table_12_T13_in_vitro_tables.csv
AD-58252,AGuucuGuGuuAAAAuGucdTsdT,GACAuUuUAACACAGAacudTsdT,AGUUCUGUGUUAAAAUGUC,GACAUUUUAACACAGAACU,,,,0.01,2.74,7.62,,free uptake,,EP4365291,EP4365291NWA2_table_12_T13_in_vitro_tables.csv
Mock,,,,,,,,0.01,33.43,4.72,,free uptake,,EP4365291,EP4365291NWA2_table_12_T13_in_vitro_tables.csv
AD-1955,,,,,,,,0.01,17.28,49.99,,free uptake,,EP4365291,EP4365291NWA2_table_12_T13_in_vitro_tables.csv
Untreated,,,,,,,,0.01,0.0,26.78,,free uptake,,EP4365291,EP4365291NWA2_table_12_T13_in_vitro_tables.csv
AD-58234,UfUfAAACfAACfAAGUfACfCfUfUfUfdTsdT,AAAGGUfACUUGUUGUUUfAAdTsdT,UUAAACAACAAGUACCUUU,AAAGGUACUUGUUGUUUAA,,,,1.0,87.67,0.72,,free uptake,,EP4365291,EP4365291NWA2_table_13_T14_in_vitro_tables.csv
AD-58236,cAcuAuAAuuAcuuGAuuudTsdT,AAAUcAAGuAAUuAuAGuGdTsdT,CACUAUAAUUACUUGAUUU,AAAUCAAGUAAUUAUAGUG,,,,1.0,97.93,0.8,,free uptake,,EP4365291,EP4365291NWA2_table_13_T14_in_vitro_tables.csv
AD-58143,cAcuAuAAuuAcuuGAuuudTsdT,AAAUcAAGuAAUuAuAGUGdTsdT,CACUAUAAUUACUUGAUUU,AAAUCAAGUAAUUAUAGUG,,,,0.1,18.23,8.75,,free uptake,,EP4365291,EP4365291NWA2_table_13_T14_in_vitro_tables.csv
AD-58149,uAAcucAcuAuAAuuAcuudTsdT,AAGuAAUuAuAGUGAGUuAdTsdT,UAACUCACUAUAAUUACUU,AAGUAAUUAUAGUGAGUUA,,,,0.1,26.84,20.17,,free uptake,,EP4365291,EP4365291NWA2_table_13_T14_in_vitro_tables.csv
AD-58155,AcAAAAuAAcucAcuAuAAdTsdT,UuAuAGUGAGUuAUUUUGUdTsdT,ACAAAAUAACUCACUAUAA,UUAUAGUGAGUUAUUUUGU,,,,0.1,20.26,9.36,,free uptake,,EP4365291,EP4365291NWA2_table_13_T14_in_vitro_tables.csv
AD-58161,uccucuGGAAAuuGGccuudTsdT,AAGGCcAAUUUCcAGAGGAdTsdT,UCCUCUGGAAAUUGGCCUU,AAGGCCAAUUUCCAGAGGA,,,,0.1,18.89,7.43,,free uptake,,EP4365291,EP4365291NWA2_table_13_T14_in_vitro_tables.csv
AD-58167,cAAAAuAAcucAcuAuAAudTsdT,AUuAuAGUGAGUuAUUUUGdTsdT,CAAAAUAACUCACUAUAAU,AUUAUAGUGAGUUAUUUUG,,,,0.1,22.88,14.25,,free uptake,,EP4365291,EP4365291NWA2_table_13_T14_in_vitro_tables.csv
AD-58173,cucuGGAAAuuGGccuucAdTsdT,UGAAGGCcAAUUUCcAGAGdTsdT,CUCUGGAAAUUGGCCUUCA,UGAAGGCCAAUUUCCAGAG,,,,0.1,24.0,13.52,,free uptake,,EP4365291,EP4365291NWA2_table_13_T14_in_vitro_tables.csv
AD-58179,GcAAGAuAuuuuuAuAAuAffTstfT,uAUuAuAAAAAuAUCUUGCdTsdT,GCAAGAUAUUUUUAUAAUA,UAUUAUAAAAAUAUCUUGC,,,,0.1,22.12,18.4,,free uptake,,EP4365291,EP4365291NWA2_table_13_T14_in_vitro_tables.csv
AD-58185,AAuGuuuuuGucAAGuAcAdTsdT,UGuACUUGAcAAAAAcAUUdTsdT,AAUGUUUUUGUCAAGUACA,UGUACUUGACAAAAACAUU,,,,0.1,27.41,7.81,,free uptake,,EP4365291,EP4365291NWA2_table_13_T14_in_vitro_tables.csv
AD-58144,uuAAAcAAcAAGuAccuuudTsdT,AAAGGuACUUGUUGUUuAAdTsdT,UUAAACAACAAGUACCUUU,AAAGGUACUUGUUGUUUAA,,,,0.1,8.51,7.08,,free uptake,,EP4365291,EP4365291NWA2_table_13_T14_in_vitro_tables.csv
AD-58150,ucAGAAAGucuGuGAAGGAdTsdT,UCCUUcAcAGACUUUCUGAdTsdT,UCAGAAAGUCUGUGAAGGA,UCCUUCACAGACUUUCUGA,,,,0.1,15.99,8.2,,free uptake,,EP4365291,EP4365291NWA2_table_13_T14_in_vitro_tables.csv
AD-58156,AcuGAAGcAuuuGAuGcAAdTsdT,UUGcAUcAAAUGCUUcAGUdTsdT,ACUGAAGCAUUUGAUGCAA,UUGCAUCAAAUGCUUCAGU,,,,0.1,2.68,19.5,,free uptake,,EP4365291,EP4365291NWA2_table_13_T14_in_vitro_tables.csv
AD-58162,AGuucuGuGuuAAAAuGucdTsdT,GAcAUUUuAAcAcAGAACUdTsffT,AGUUCUGUGUUAAAAUGUC,GACAUUUUAACACAGAACU,,,,0.1,21.11,13.8,,free uptake,,EP4365291,EP4365291NWA2_table_13_T14_in_vitro_tables.csv
AD-58190,CACUAUAAUUACUUGAUUUdTdT,AAAUCAAGUAAUUAUAGUGdTdT,CACUAUAAUUACUUGAUUU,AAAUCAAGUAAUUAUAGUG,,,,0.1,7.2,4.41,,free uptake,,EP4365291,EP4365291NWA2_table_13_T14_in_vitro_tables.csv
AD-58196,UAACUCACUAUAAUUACUUdTdT,AAGUAAUUAUAGUGAGUUAdTdT,UAACUCACUAUAAUUACUU,AAGUAAUUAUAGUGAGUUA,,,,0.1,17.29,31.81,,free uptake,,EP4365291,EP4365291NWA2_table_13_T14_in_vitro_tables.csv
AD-58202,ACAAAAUAACUCACUAUAAdTdT,UUAUAGUGAGUUAUUUUGUdTdT,ACAAAAUAACUCACUAUAA,UUAUAGUGAGUUAUUUUGU,,,,0.1,12.89,35.79,,free uptake,,EP4365291,EP4365291NWA2_table_13_T14_in_vitro_tables.csv
AD-58208,UCCUCUGGAAAUUGGCCUUdTdT,AAGGCCAAUUUCCAGAGGAdTdT,UCCUCUGGAAAUUGGCCUU,AAGGCCAAUUUCCAGAGGA,,,,0.1,25.61,27.45,,free uptake,,EP4365291,EP4365291NWA2_table_13_T14_in_vitro_tables.csv
AD-58214,CAAAAUAACUCACUAUAAUdTdT,AUUAUAGUGAGUUAUUUUGdTdT,,,,,,0.1,32.37,17.85,,free uptake,,EP4365291,EP4365291NWA2_table_13_T14_in_vitro_tables.csv
AD-58220,CUCUGGAAAUUGGCCUUCAdTdT,UGAAGGCCAAUUUCCAGAGdTdT,CUCUGGAAAUUGGCCUUCA,UGAAGGCCAAUUUCCAGAG,,,,0.1,3.86,14.36,,free uptake,,EP4365291,EP4365291NWA2_table_13_T14_in_vitro_tables.csv
AD-58226,GCAAGAUAUUUUUAUAAUAdTdT,UAUUAUAAAAAUAUCUUGCdTdT,GCAAGAUAUUUUUAUAAUA,UAUUAUAAAAAUAUCUUGC,,,,0.1,36.56,11.94,,free uptake,,EP4365291,EP4365291NWA2_table_13_T14_in_vitro_tables.csv
AD-58231,AAUGUUUUUGUCAAGUACAdTdT,UGUACUUGAG4AAAAG4UUdTdT,AAUGUUUUUGUCAAGUACA,UGUACUUGACAAAAACAUU,,,,0.1,17.76,17.36,,free uptake,,EP4365291,EP4365291NWA2_table_13_T14_in_vitro_tables.csv
AD-58191,UUAAACAACAAGUACCUUUdTdT,AAAGGUACUUGUUGUUUAAdTdT,UUAAACAACAAGUACCUUU,AAAGGUACUUGUUGUUUAA,,,,0.1,0.5,5.53,,free uptake,,EP4365291,EP4365291NWA2_table_13_T14_in_vitro_tables.csv
AD-58197,UCAGAAAGUCUGUGAAGGAdTdT,UCCUUCACAGACUUUCUGAdTdT,UCAGAAAGUCUGUGAAGGA,UCCUUCACAGACUUUCUGA,,,,0.1,6.91,3.21,,free uptake,,EP4365291,EP4365291NWA2_table_13_T14_in_vitro_tables.csv
AD-58203,ACUGAAGCAUUUGAUGCAAdTdT,UUGCAUG4AAUGCUUCAGUdTdT,ACUGAAGCAUUUGAUGCAA,UUGCAUCAAAUGCUUCAGU,,,,0.1,-4.63,6.02,,free uptake,,EP4365291,EP4365291NWA2_table_13_T14_in_vitro_tables.csv
AD-58209,,,,,,,,0.1,40.65,13.07,,free uptake,,EP4365291,EP4365291NWA2_table_13_T14_in_vitro_tables.csv
AD-58233,CfACfUfAUfAAUfUfACfUfUfGAUfUfUfdTsdT,AAAUCfAAGUfAAUUfAUfAGUGdTsdT,CACUAUAAUUACUUGAUUU,AAAUCAAGUAAUUAUAGUG,,,,0.1,35.74,8.7,,free uptake,,EP4365291,EP4365291NWA2_table_13_T14_in_vitro_tables.csv
AD-58193,UfAACfUfCfACfUfAUfAAUfUfACfUfUfdTsdT,AAGUfAAUUfAUfAGUGAGUUfAdTsdT,UAACUCACUAUAAUUACUU,AAGUAAUUAUAGUGAGUUA,,,,0.1,10.4,3.08,,free uptake,,EP4365291,EP4365291NWA2_table_13_T14_in_vitro_tables.csv
AD-58199,ACfAAAAUfAACfUfCfACfUfAUfAAdTsdT,UUfAUfAGUGAGUUfAUUUUGUdTsdT,ACAAAAUAACUCACUAUAA,UUAUAGUGAGUUAUUUUGU,,,,0.1,12.86,6.44,,free uptake,,EP4365291,EP4365291NWA2_table_13_T14_in_vitro_tables.csv
AD-58205,UfCfCfUfCfUfGGAAAUfUfGGCfCfUfUfdTsdT,AAGGCCfAAUUUCCfAGAGGAdTsdT,,,,,,0.1,10.87,17.16,,free uptake,,EP4365291,EP4365291NWA2_table_13_T14_in_vitro_tables.csv
AD-58211,CfAAAAUfAACfUfCfACfUfAUfAAUfdTsdT,AUUfAUfAGUGAGUUfAUUUUGdTsdT,CAAAAUAACUCACUAUAAU,AUUAUAGUGAGUUAUUUUG,,,,0.1,-11.62,21.54,,free uptake,,EP4365291,EP4365291NWA2_table_13_T14_in_vitro_tables.csv
AD-58217,CfUfCfUfGGAAAUfUfGGCfCfUfUfCfAdTsdT,UGAAGGCCfAAUUUCCfAGAGdTsdT,CUCUGGAAAUUGGCCUUCA,UGAAGGCCAAUUUCCAGAG,,,,0.1,-17.49,20.41,,free uptake,,EP4365291,EP4365291NWA2_table_13_T14_in_vitro_tables.csv
AD-58223,GCfAAGAUfAUfUfUfUfUfAUfAAUfAdTsdT,UfAUUfAUfAAAAAUfAUCUUGCdTsdT,GCAAGAUAUUUUUAUAAUA,UAUUAUAAAAAUAUCUUGC,,,,0.1,-5.44,2.98,,free uptake,,EP4365291,EP4365291NWA2_table_13_T14_in_vitro_tables.csv
AD-58229,AAUfGUfUfUfUfUfGUfCfAAGUfACfAdTsdT,UGUfACUUGACfAAAAACfAUUdTsdT,AAUGUUUUUGUCAAGUACA,UGUACUUGACAAAAACAUU,,,,0.1,1.85,9.03,,free uptake,,EP4365291,EP4365291NWA2_table_13_T14_in_vitro_tables.csv
AD-58234,UfUfAAACfAACfAAGUfACfCfUfUfUfdTsdT,AAAGGUfACUUGUUGUUUfAAdTsdT,UUAAACAACAAGUACCUUU,AAAGGUACUUGUUGUUUAA,,,,0.1,28.66,4.17,,free uptake,,EP4365291,EP4365291NWA2_table_13_T14_in_vitro_tables.csv
AD-58194,UfCfAGAAAGUfCfUfGUfGAAGGAdTsdT,UCCUUCfACfAGACUUUCUGAdTsdT,UCAGAAAGUCUGUGAAGGA,UCCUUCACAGACUUUCUGA,,,,0.1,9.4,15.64,,free uptake,,EP4365291,EP4365291NWA2_table_13_T14_in_vitro_tables.csv
AD-58200,ACfUfGAAGCfAUfUfUfGAUfGCfAAdTsdT,UUGCfAUCfAAAUGCUUCfAGUdTsdT,ACUGAAGCAUUUGAUGCAA,UUGCAUCAAAUGCUUCAGU,,,,0.1,9.05,31.7,,free uptake,,EP4365291,EP4365291NWA2_table_13_T14_in_vitro_tables.csv
AD-58206,AGUfUfCfUfGUfGUfUfAAAAUfGUfCfdTsdT,GACfAUUUUfAACfACfAGAACUdTsdT,AGUUCUGUGUUAAAAUGUC,GACAUUUUAACACAGAACU,,,,0.1,-9.47,21.75,,free uptake,,EP4365291,EP4365291NWA2_table_13_T14_in_vitro_tables.csv
AD-58236,cAcuAuAAuuAcuuGAuuudTsdT,AAAUcAAGuAAUuAuAGuGdTsdT,CACUAUAAUUACUUGAUUU,AAAUCAAGUAAUUAUAGUG,,,,0.1,29.81,20.59,,free uptake,,EP4365291,EP4365291NWA2_table_13_T14_in_vitro_tables.csv
AD-58242,uAAcucAcuAuAAuuAcuudTsdT,AAGuAAUuAuAGuGAGUuAdTsdT,UAACUCACUAUAAUUACUU,AAGUAAUUAUAGUGAGUUA,,,,0.1,46.74,11.56,,free uptake,,EP4365291,EP4365291NWA2_table_13_T14_in_vitro_tables.csv
AD-58248,AcAAAAuAAcucAcuAuAAdTsdT,UuAuAGuGAGUuAuUuuGUdTsdT,ACAAAAUAACUCACUAUAA,UUAUAGUGAGUUAUUUUGU,,,,0.1,21.77,25.85,,free uptake,,EP4365291,EP4365291NWA2_table_13_T14_in_vitro_tables.csv
AD-58254,uccucuGGAAAuuGGccuudTsdT,AAGGCcAAuUUCcAGAGGAdTsdT,UCCUCUGGAAAUUGGCCUU,AAGGCCAAUUUCCAGAGGA,,,,0.1,29.78,21.74,,free uptake,,EP4365291,EP4365291NWA2_table_13_T14_in_vitro_tables.csv
AD-58260,cAAAAuAAcucAcuAuAAudTsdT,AUuAuAGuGAGUuAuUuuGdTsdT,CAAAAUAACUCACUAUAAU,AUUAUAGUGAGUUAUUUUG,,,,0.1,24.35,11.59,,free uptake,,EP4365291,EP4365291NWA2_table_13_T14_in_vitro_tables.csv
AD-58266,cucuGGAAAuuGGccuucAdTsdT,uGAAGGCcAAuUUCcAGAGdTsdT,CUCUGGAAAUUGGCCUUCA,UGAAGGCCAAUUUCCAGAG,,,,0.1,10.12,11.57,,free uptake,,EP4365291,EP4365291NWA2_table_13_T14_in_vitro_tables.csv
AD-58272,GcAAGAuAuuuuuAuAAuAdTsdT,uAUuAuAAAAAuAUCuuGCdTsdT,GCAAGAUAUUUUUAUAAUA,UAUUAUAAAAAUAUCUUGC,,,,0.1,40.56,10.98,,free uptake,,EP4365291,EP4365291NWA2_table_13_T14_in_vitro_tables.csv
AD-58277,AAuGuuuuuGucAAGuAcAdTsdT,uGuACuuGAcAAAAAcAuUdTsdT,AAUGUUUUUGUCAAGUACA,UGUACUUGACAAAAACAUU,,,,0.1,-21.44,21.16,,free uptake,,EP4365291,EP4365291NWA2_table_13_T14_in_vitro_tables.csv
AD-58237,uuAAAcAAcAAGuAccuuudTsdT,AAAGGuACuuGuuGuUuAAdTsdT,UUAAACAACAAGUACCUUU,AAAGGUACUUGUUGUUUAA,,,,0.1,-12.68,12.88,,free uptake,,EP4365291,EP4365291NWA2_table_13_T14_in_vitro_tables.csv
AD-58243,ucAGAAAGucuGuGAAGGAdTsdT,UCCuUcAcAGACuUUCuGAdTsdT,UCAGAAAGUCUGUGAAGGA,UCCUUCACAGACUUUCUGA,,,,0.1,9.36,4.33,,free uptake,,EP4365291,EP4365291NWA2_table_13_T14_in_vitro_tables.csv
AD-58249,AcuGAAGcAuuuGAuGcAAdTsdT,uuGcAUcAAAuGCuUcAGUdTsdT,ACUGAAGCAUUUGAUGCAA,UUGCAUCAAAUGCUUCAGU,,,,0.1,-13.3,3.84,,free uptake,,EP4365291,EP4365291NWA2_table_13_T14_in_vitro_tables.csv
AD-58255,AGuucuGuGuuAAAAuGucdTsdT,GAtAuUUuAArAcAGAACUdTsdT,AGUUCUGUGUUAAAAUGUC,GACAUUUUAACACAGAACU,,,,0.1,21.45,28.37,,free uptake,,EP4365291,EP4365291NWA2_table_13_T14_in_vitro_tables.csv
AD-58279,cAcuAuAAuuAcuuGAuuudTsdT,AAAUCAAGuAAuuAuAgugdTsdT,CACUAUAAUUACUUGAUUU,AAAUCAAGUAAUUAUAGUG,,,,0.1,25.04,4.72,,free uptake,,EP4365291,EP4365291NWA2_table_13_T14_in_vitro_tables.csv
AD-582,,,,,,,,0.1,-6.45,8.25,,free uptake,,EP4365291,EP4365291NWA2_table_13_T14_in_vitro_tables.csv
AD-58245,AcAAAAuAAcucAcuAuAAdTsdT,UuAuAGuGAGuuAuuuugudTsdT,ACAAAAUAACUCACUAUAA,UUAUAGUGAGUUAUUUUGU,,,,0.1,-12.08,7.73,,free uptake,,EP4365291,EP4365291NWA2_table_13_T14_in_vitro_tables.csv
AD-58251,uccucuGGAAAuuGGccuudTsdT,AAGGCCAAuUuCCAGAggadTsdT,,,,,,0.1,-33.2,7.14,,free uptake,,EP4365291,EP4365291NWA2_table_13_T14_in_vitro_tables.csv
AD-58257,cAAAAuAAcucAcuAuAAudTsdT,AuUAuAGuGAGuuAuuuugdTsdT,CAAAAUAACUCACUAUAAU,AUUAUAGUGAGUUAUUUUG,,,,0.1,12.49,32.84,,free uptake,,EP4365291,EP4365291NWA2_table_13_T14_in_vitro_tables.csv
AD-58263,cucuGGAAAuuGGccuucAdTsdT,UGAAGGCG4AuuuCCAgagdTsdT,CUCUGGAAAUUGGCCUUCA,UGAAGGCCAAUUUCCAGAG,,,,0.1,16.77,37.5,,free uptake,,EP4365291,EP4365291NWA2_table_13_T14_in_vitro_tables.csv
AD-58269,GcAAGAuAuuuuuAuAAuAdTsdT,UAuUAuAAAAAuAuCuugcdTsdT,GCAAGAUAUUUUUAUAAUA,UAUUAUAAAAAUAUCUUGC,,,,0.1,-6.06,3.04,,free uptake,,EP4365291,EP4365291NWA2_table_13_T14_in_vitro_tables.csv
AD-58275,AAuGuuuuuGucAAGuAcAdTsdT,UGuACuUGACAAAAACauudTsdT,AAUGUUUUUGUCAAGUACA,UGUACUUGACAAAAACAUU,,,,0.1,4.23,7.14,,free uptake,,EP4365291,EP4365291NWA2_table_13_T14_in_vitro_tables.csv
AD-58280,uuAAAcAAcAAGuAccuuudTsdT,AAAGGuACuUGuuGuuuaadTsdT,UUAAACAACAAGUACCUUU,AAAGGUACUUGUUGUUUAA,,,,0.1,21.53,6.06,,free uptake,,EP4365291,EP4365291NWA2_table_13_T14_in_vitro_tables.csv
AD-58240,ucAGAAAGucuGuGAAGGAdTsdT,UCCuUCAG4GACuuuCugadTsdT,UCAGAAAGUCUGUGAAGGA,UCCUUCACAGACUUUCUGA,,,,0.1,-38.54,10.87,,free uptake,,EP4365291,EP4365291NWA2_table_13_T14_in_vitro_tables.csv
AD-58246,AcuGAAGcAuuuGAuGcAAdTsdT,UuGCAUCAAAuGCuuCagudTsdT,ACUGAAGCAUUUGAUGCAA,UUGCAUCAAAUGCUUCAGU,,,,0.1,10.98,8.63,,free uptake,,EP4365291,EP4365291NWA2_table_13_T14_in_vitro_tables.csv
AD-58252,AGuucuGuGuuAAAAuGucdTsdT,GACAuUuUAACACAGAacudTsdT,AGUUCUGUGUUAAAAUGUC,GACAUUUUAACACAGAACU,,,,0.1,43.9,12.02,,free uptake,,EP4365291,EP4365291NWA2_table_13_T14_in_vitro_tables.csv
AD-58088,AfuUfuAfaAfcAfAfCfaAfgUfaCfcUfuUfL96,aAfaGfgUfaCfuUfguuGfuUfuAfaAfusCfsu,,,,,,,17.34,13.54,,,,EP4365291,EP4365291NWA2_table_16_T17_in_vitro_tables.csv; EP4365291NWA2_table_18_T19_tables.csv
AD-58644,AfsusUfuAfaAfcAfAfCfaAfgUfaCfcUfuUfL96,asAfsaGfgUfaCfuUfguuGfuUfuAfaAfuscsu,AUUUAAACAACAAGUACCUUU,AAAGGUACUUGUUGUUUAAAUCU,,,,,62.21,9.63,,,,EP4365291,EP4365291NWA2_table_16_T17_in_vitro_tables.csv; EP4365291NWA2_table_18_T19_tables.csv
AD-58651,AfsusUfuAfaAfcAfAfCfaAfgUfaCfcUfuUfL96,asAfsaGfsgUfsaCfsuUfsguuGfsuUfsuAfsaAfsuscsu,AUUUAAACAACAAGUACCUUU,AAAGGUACUUGUUGUUUAAAUCU,,,,,24.67,5.21,,,,EP4365291,EP4365291NWA2_table_16_T17_in_vitro_tables.csv; EP4365291NWA2_table_18_T19_tables.csv
AD-58099,UfgAfcAfaAfaUfAfAfcUfcAfcUfaUfaAfL96,uUfaUfaGfuGfaGfuuaUfuUfuGfuCfasAfsu,UGACAAAAUAACUCACUAUAA,UUAUAGUGAGUUAUUUUGUCAAU,,,,,28.06,15.45,,,,EP4365291,EP4365291NWA2_table_16_T17_in_vitro_tables.csv; EP4365291NWA2_table_18_T19_tables.csv
AD-58641,UfsgsAfcAfaAfaUfAfAfcUfcAfcUfaUfaAfL96,usUfsaUfaGfuGfaGfuuaUfuUfuGfuCfasasu,UGACAAAAUAACUCACUAUAA,UUAUAGUGAGUUAUUUUGUCAAU,,,,,79.91,4.09,,,,EP4365291,EP4365291NWA2_table_16_T17_in_vitro_tables.csv; EP4365291NWA2_table_18_T19_tables.csv
AD-58648,UfsgsAfcAfaAfaUfAfAfcUfcAfcUfaUfaAfL96,usUfsaUfsaGfsuGfsaGfsuuaUfsuUfsuGfsuCfsasasu,UGACAAAAUAACUCACUAUAA,UUAUAGUGAGUUAUUUUGUCAAU,,,,,51.57,9.07,,,,EP4365291,EP4365291NWA2_table_16_T17_in_vitro_tables.csv; EP4365291NWA2_table_18_T19_tables.csv
AD-58111,GfaCfaAfaAfuAfAfCfuCfaCfuAfuAfaUfL96,aUfuAfuAfgUfgAfguuAfuUfuUfgUfcsAfsa,,,,,,,32.83,13.6,,,,EP4365291,EP4365291NWA2_table_16_T17_in_vitro_tables.csv; EP4365291NWA2_table_18_T19_tables.csv
AD-58642,GfsasCfaAfaAfuAfAfCfuCfaCfuAfuAfaUfL96,asUfsuAfuAfgUfgAfguuAfuUfuUfgUfcsasa,GACAAAAUAACUCACUAUAAU,AUUAUAGUGAGUUAUUUUGUCAA,,,,,78.22,5.32,,,,EP4365291,EP4365291NWA2_table_16_T17_in_vitro_tables.csv; EP4365291NWA2_table_18_T19_tables.csv
AD-58649,GfsasCfaAfaAfuAfAfCfuCfaCfuAfuAfaUfL96,asUfsuAfsuAfsgUfsgAfsguuAfsuUfsuUfsgUfscsasa,GACAAAAUAACUCACUAUAAU,AUUAUAGUGAGUUAUUUUGUCAA,,,,,54.7,14.02,,,,EP4365291,EP4365291NWA2_table_16_T17_in_vitro_tables.csv; EP4365291NWA2_table_18_T19_tables.csv
AD-58116,GfuUfcCfgGfaUfAfUfuUfgAfaCfuUfuUfL96,aAfaAfgUfuCfaAfauaUfcCfgGfaAfcsCfsg,GUUCCGGAUAUUUGAACUUUU,AAAAGUUCAAAUAUCCGGAACCG,,,,,29.84,10.32,,,,EP4365291,EP4365291NWA2_table_16_T17_in_vitro_tables.csv; EP4365291NWA2_table_18_T19_tables.csv
AD-58647,GfsusUfcCfgGfaUfAfUfuUfgAfaCfuUfuUfL96,asAfsaAfgUfuCfaAfauaUftCfgGfaAfcstsg,GUUCCGGAUAUUUGAACUUUU,AAAAGUUCAAAUAUCCGGAACCG,,,,,73.23,4.14,,,,EP4365291,EP4365291NWA2_table_16_T17_in_vitro_tables.csv; EP4365291NWA2_table_18_T19_tables.csv
AD-58654,GfsusUfcCfgGfaUfAfUfuUfgAfaCfuUfuUfL96,asAfsaAfsgUfsuCfsaAfsauaUfscCfsgGfsaAfscscsg,GUUCCGGAUAUUUGAACUUUU,AAAAGUUCAAAUAUCCGGAACCG,,,,,49.94,27.85,,,,EP4365291,EP4365291NWA2_table_16_T17_in_vitro_tables.csv; EP4365291NWA2_table_18_T19_tables.csv
AD-58121,UfgCfaGfaUfcAfAfAfcAfcAfaUfuUftAfL96,uGfaAfaUfuGfuGfuuuGfaUfcUfgCfasGfsa,UGCAGAUCAAACACAAUUUCA,UGAAAUUGUGUUUGAUCUGCAGA,,,,,47.44,13.0,,,,EP4365291,EP4365291NWA2_table_16_T17_in_vitro_tables.csv; EP4365291NWA2_table_18_T19_tables.csv
AD-58645,UfsgsCfaGfaUfcAfAfAfcAfcAfaUfuUfcAfL96,usGfsaAfaUfuGfuGfuuuGfaUfcUfgCfasgsa,UGCAGAUCAAACACAAUUUCA,UGAAAUUGUGUUUGAUCUGCAGA,,,,,75.4,1.29,,,,EP4365291,EP4365291NWA2_table_16_T17_in_vitro_tables.csv; EP4365291NWA2_table_18_T19_tables.csv
AD-58652,UfsgsCfaGfaUfcAfAfcAfcAfcAfaUfuUfcAfL96,usGfsaAfsaUfsuGfsuGftuuuGfsaUfscUftgCfsasgsa,UGCAGAUCAAACACAAUUUCA,UGAAAUUGUGUUUGAUCUGCAGA,,,,,47.33,3.87,,,,EP4365291,EP4365291NWA2_table_16_T17_in_vitro_tables.csv; EP4365291NWA2_table_18_T19_tables.csv
AD-58123,AfaGfcAfaGfaUfAfUfuUfuUfaUfaAfuAfL96,uAfuUfaUfaAfaAfauaUfcUfuGfcUfusUfsu,AAGCAAGAUAUUUUUAUAAUA,UAUUAUAAAAAUAUCUUGCUUUU,,,,,34.3,9.6,,,,EP4365291,EP4365291NWA2_table_16_T17_in_vitro_tables.csv
AD-58643,AfsasGfcAfaGfaUfAfUfuUfuUfaUfaAfuAfL96,usAfsuUfaUfaAfaAfauaUfcUfuGfcUfususu,,,,,,,76.79,2.41,,,,EP4365291,EP4365291NWA2_table_16_T17_in_vitro_tables.csv; EP4365291NWA2_table_18_T19_tables.csv
AD-58650,AftasGkAbGftUfAfUfuUfuUftUfaAfuAfL96,usAfsuUfsaUfsaAfsaAfsauaUfscUfsuGfscUfsususu,AAGCAAGAUAUUUUUAUAAUA,UAUUAUAAAAAUAUCUUGCUUUU,,,,,53.25,14.1,,,,EP4365291,EP4365291NWA2_table_16_T17_in_vitro_tables.csv; EP4365291NWA2_table_18_T19_tables.csv
AD-58133,CfaGfaUfcAfaAfCfAfcAfaUfuUfcAfgUfL96,aCfuGfaAfaUfuGfuguUfuGfaUfcUfgsCfsa,CAGAUCAAACACAAUUUCAGU,ACUGAAAUUGUGUUUGAUCUGCA,,,,,48.02,13.45,,,,EP4365291,EP4365291NWA2_table_16_T17_in_vitro_tables.csv; EP4365291NWA2_table_18_T19_tables.csv
AD-58646,CfsasGfaUfcAfaAfCfAfcAfaUfuUfcAfgUfL96,asCfsuGfaAfaUfuGfuguUfuGfaUfcUfgscsa,CAGAUCAAACACAAUUUCAGU,ACUGAAAUUGUGUUUGAUCUGCA,,,,,71.33,5.34,,,,EP4365291,EP4365291NWA2_table_16_T17_in_vitro_tables.csv; EP4365291NWA2_table_18_T19_tables.csv
AD-58653,CfsasGfaUfcAfaAfCfAfcAfaUfuUfcAfgUfL96,asCfsuGfsaAfsaUfsuGfsuguUfsuGfsaUfscUfsgscsa,CAGAUCAAACACAAUUUCAGU,ACUGAAAUUGUGUUUGAUCUGCA,,,,,56.98,10.61,,,,EP4365291,EP4365291NWA2_table_16_T17_in_vitro_tables.csv; EP4365291NWA2_table_18_T19_tables.csv
PBS,,,,,,,,,0.0,9.03,,,,EP4365291,EP4365291NWA2_table_16_T17_in_vitro_tables.csv
AD-61779,UAUCCGUGGUUUCCUGCUAdTdT,UAGCAGGAAACCACGGAUAdTdT,,,,,Hep3B,,56.8,,,,C5,EP4365291,EP4365291NWA2_table_21_T22_in_vitro_tables.csv
AD-61785,GGUUUCCUGCUACCUCCAAdTdT,UUGGAGGUAGCAGGAAACCdTdT,,,,,Hep3B,,77.5,,,,C5,EP4365291,EP4365291NWA2_table_21_T22_in_vitro_tables.csv
AD-61791,CCUCCAACCAUGGGCCUUUdTdT,AAAGGCCCAUGGUUGGAGGdTdT,,,,,Hep3B,,72.7,,,,C5,EP4365291,EP4365291NWA2_table_21_T22_in_vitro_tables.csv
AD-61797,GGGCCUUUUGGGAAUACUUdTdT,AAGUAUUCCCAAAAGGCCCdTdT,,,,,Hep3B,,69.5,,,,C5,EP4365291,EP4365291NWA2_table_21_T22_in_vitro_tables.csv
AD-61803,GGAAUACUUUGUUUUUUAAdTdT,UUAAAAAACAAAGUAUUCCdTdT,,,,,Hep3B,,69.1,,,,C5,EP4365291,EP4365291NWA2_table_21_T22_in_vitro_tables.csv
AD-61809,CUUUGUUUUUUAAUCUUCCdTdT,GGAAGAUUAAAAAACAAAGdTdT,,,,,Hep3B,,24.9,,,,C5,EP4365291,EP4365291NWA2_table_21_T22_in_vitro_tables.csv
AD-61815,CUUCCUGGGGAAAACCUGGdTdT,CCAGGUUUUCCCCAGGAAGdTdT,,,,,Hep3B,,9.3,,,,C5,EP4365291,EP4365291NWA2_table_21_T22_in_vitro_tables.csv
AD-61821,GGAAAACCUGGGGACAGGAdTdT,UCCUGUCCCCAGGUUUUCCdTdT,,,,,Hep3B,,66.3,,,,C5,EP4365291,EP4365291NWA2_table_21_T22_in_vitro_tables.csv
AD-61780,GGGACAGGAGCAAACAUAUdTdT,AUAUGUUUGCUCCUGUCCCdTdT,,,,,Hep3B,,46.5,,,,C5,EP4365291,EP4365291NWA2_table_21_T22_in_vitro_tables.csv
AD-61786,CAAACAUAUGUCAUUUCAGdTdT,CUGAAAUGACAUAUGUUUGdTdT,,,,,Hep3B,,65.6,,,,C5,EP4365291,EP4365291NWA2_table_21_T22_in_vitro_tables.csv
AD-61792,CAUUUCAGCACCAAAAAUAdTdT,UAUUUUUGGUGCUGAAAUGdTdT,,,,,Hep3B,,72.5,,,,C5,EP4365291,EP4365291NWA2_table_21_T22_in_vitro_tables.csv
AD-61798,GCACCAAAAAUAUUCCGUGdTdT,CACGGAAUAUUUUUGGUGCdTdT,,,,,Hep3B,,76.7,,,,C5,EP4365291,EP4365291NWA2_table_21_T22_in_vitro_tables.csv
AD-61804,CCGUGUUGGAGCAUCUGAAdTdT,UUCAGAUGCUCCAACACGGdTdT,,,,,Hep3B,,76.4,,,,C5,EP4365291,EP4365291NWA2_table_21_T22_in_vitro_tables.csv
AD-61810,GGAGCAUCUGAAAAUAUUGdTdT,CAAUAUUUUCAGAUGCUCCdTdT,,,,,Hep3B,,66.6,,,,C5,EP4365291,EP4365291NWA2_table_21_T22_in_vitro_tables.csv
AD-61816,GAAAAUAUUGUGAUUCAAGdTdT,CUUGAAUCACAAUAUUUUCdTdT,,,,,Hep3B,,60.3,,,,C5,EP4365291,EP4365291NWA2_table_21_T22_in_vitro_tables.csv
AD-61822,GAUUCAAGUUUAUGGAUACdTdT,GUAUCCAUAAACUUGAAUCdTdT,,,,,Hep3B,,75.1,,,,C5,EP4365291,EP4365291NWA2_table_21_T22_in_vitro_tables.csv
AD-61781,GGAUACACUGAAGCAUUUGdTdT,CAAAUGCUUCAGUGUAUCCdTdT,,,,,Hep3B,,68.8,,,,C5,EP4365291,EP4365291NWA2_table_21_T22_in_vitro_tables.csv
AD-61787,GAAGCAUUUGAUGCAACAAdTdT,UUGUUGCAUCAAAUGCUUCdTdT,,,,,Hep3B,,77.2,,,,C5,EP4365291,EP4365291NWA2_table_21_T22_in_vitro_tables.csv
AD-61793,UGCAACAAUCUCUAUUAAAdTdT,UUUAAUAGAGAUUGUUGCAdTdT,,,,,Hep3B,,71.6,,,,C5,EP4365291,EP4365291NWA2_table_21_T22_in_vitro_tables.csv
AD-61799,AAUCUCUAUUAAAAGUUAUdTdT,AUAACUUUUAAUAGAGAUUdTdT,,,,,Hep3B,,9.0,,,,C5,EP4365291,EP4365291NWA2_table_21_T22_in_vitro_tables.csv
AD-61805,AAGUUAUCCUGAUAAAAAAdTdT,UUUUUUAUCAGGAUAACUUdTdT,,,,,Hep3B,,77.9,,,,C5,EP4365291,EP4365291NWA2_table_21_T22_in_vitro_tables.csv
AD-61811,CUGAUAAAAAAUUUAGUUAdTdT,UAACUAAAUUUUUUAUCAGdTdT,,,,,Hep3B,,9.1,,,,C5,EP4365291,EP4365291NWA2_table_21_T22_in_vitro_tables.csv
AD-61817,UUAGUUACUCCUCAGGCCAdTdT,UGGCCUGAGGAGUAACUAAdTdT,,,,,Hep3B,,73.9,,,,C5,EP4365291,EP4365291NWA2_table_21_T22_in_vitro_tables.csv
AD-61823,CCUCAGGCCAUGUUCAUUUdTdT,AAAUGAACAUGGCCUGAGGdTdT,,,,,Hep3B,,58.7,,,,C5,EP4365291,EP4365291NWA2_table_21_T22_in_vitro_tables.csv
AD-61782,UUCAUUUAUCCUCAGAGAAdTdT,UUCUCUGAGGAUAAAUGAAdTdT,,,,,Hep3B,,57.5,,,,C5,EP4365291,EP4365291NWA2_table_21_T22_in_vitro_tables.csv
AD-61788,CUCAGAGAAUAAAUUCCAAdTdT,UUGGAAUUUAUUCUCUGAGdTdT,,,,,Hep3B,,71.1,,,,C5,EP4365291,EP4365291NWA2_table_21_T22_in_vitro_tables.csv
AD-61794,AAUAAAUUCCAAAACUCUGdTdT,CAGAGUUUUGGAAUUUAUUdTdT,,,,,Hep3B,,-33.5,,,,C5,EP4365291,EP4365291NWA2_table_21_T22_in_vitro_tables.csv
AD-61800,CUCUGCAAUCUUAACAAUAdTdT,UAUUGUUAAGAUUGCAGAGdTdT,,,,,Hep3B,,72.1,,,,C5,EP4365291,EP4365291NWA2_table_21_T22_in_vitro_tables.csv
AD-61806,CUUAACAAUACAACCAAAAdTdT,UUUUGGUUGUAUUGUUAAGdTdT,,,,,Hep3B,,57.2,,,,C5,EP4365291,EP4365291NWA2_table_21_T22_in_vitro_tables.csv
AD-61812,CAACCAAAACAAUUGCCUGdTdT,CAGGCAAUUGUUUUGGUUGdTdT,,,,,Hep3B,,73.1,,,,C5,EP4365291,EP4365291NWA2_table_21_T22_in_vitro_tables.csv
AD-61818,CAAUUGCCUGGAGGACAAAdTdT,UUUGUCCUCCAGGCAAUUGdTdT,,,,,Hep3B,,69.4,,,,C5,EP4365291,EP4365291NWA2_table_21_T22_in_vitro_tables.csv
AD-61824,GGACAAAACCCAGUUUCUUdTdT,AAGAAACUGGGUUUUGUCCdTdT,,,,,Hep3B,,70.7,,,,C5,EP4365291,EP4365291NWA2_table_21_T22_in_vitro_tables.csv
AD-61783,CCAGUUUCUUAUGUGUAUUdTdT,AAUACACAUAAGAAACUGGdTdT,,,,,Hep3B,,38.7,,,,C5,EP4365291,EP4365291NWA2_table_21_T22_in_vitro_tables.csv
AD-61789,AUGUGUAUUUGGAAGUUGUdTdT,ACAACUUCCAAAUACACAUdTdT,,,,,Hep3B,,74.5,,,,C5,EP4365291,EP4365291NWA2_table_21_T22_in_vitro_tables.csv
AD-61795,GGAAGUUGUAUCAAAGCAUdTdT,AUGCUUUGAUACAACUUCCdTdT,,,,,Hep3B,,65.8,,,,C5,EP4365291,EP4365291NWA2_table_21_T22_in_vitro_tables.csv
AD-61801,GUAUCAAAGCAUUUUUCAAdTdT,UUGAAAAAUGCUUUGAUACdTdT,,,,,Hep3B,,75.8,,,,C5,EP4365291,EP4365291NWA2_table_21_T22_in_vitro_tables.csv
AD-61807,UUUUCAAAAUCAAAAAGAAdTdT,UUCUUUUUGAUUUUGAAAAdTdT,,,,,Hep3B,,57.2,,,,C5,EP4365291,EP4365291NWA2_table_21_T22_in_vitro_tables.csv
AD-61813,CAAAAAGAAUGCCAAUAACdTdT,GUUAUUGGCAUUCUUUUUGdTdT,,,,,Hep3B,,69.0,,,,C5,EP4365291,EP4365291NWA2_table_21_T22_in_vitro_tables.csv
AD-61819,GCCAAUAACCUAUGACAAUdTdT,AUUGUCAUAGGUUAUUGGCdTdT,,,,,Hep3B,,57.8,,,,C5,EP4365291,EP4365291NWA2_table_21_T22_in_vitro_tables.csv
AD-61825,CCUAUGACAAUGGAUUUCUdTdT,AGAAAUCCAUUGUCAUAGGdTdT,,,,,Hep3B,,69.0,,,,C5,EP4365291,EP4365291NWA2_table_21_T22_in_vitro_tables.csv
AD-61784,UGGAUUUCUCUUCAUUCAUdTdT,AUGAAUGAAGAGAAAUCCAdTdT,,,,,Hep3B,,65.9,,,,C5,EP4365291,EP4365291NWA2_table_21_T22_in_vitro_tables.csv
AD-61790,CAUUCAUACAGACAAACCUdTdT,AGGUUUGUCUGUAUGAAUGdTdT,,,,,Hep3B,,73.2,,,,C5,EP4365291,EP4365291NWA2_table_21_T22_in_vitro_tables.csv
AD-61796,CAGACAAACCUGUUUAUACdTdT,GUAUAAACAGGUUUGUCUGdTdT,,,,,Hep3B,,65.4,,,,C5,EP4365291,EP4365291NWA2_table_21_T22_in_vitro_tables.csv
AD-61802,GUUUAUACUCCAGACCAGUdTdT,ACUGGUCUGGAGUAUAAACdTdT,,,,,Hep3B,,70.0,,,,C5,EP4365291,EP4365291NWA2_table_21_T22_in_vitro_tables.csv
AD-61808,AGACCAGUCAGUAAAAGUUdTdT,AACUUUUACUGACUGGUCUdTdT,,,,,Hep3B,,76.5,,,,C5,EP4365291,EP4365291NWA2_table_21_T22_in_vitro_tables.csv
AD-61814,AGUAAAAGUUAGAGUUUAUdTdT,AUAAACUCUAACUUUUACUdTdT,,,,,Hep3B,,54.7,,,,C5,EP4365291,EP4365291NWA2_table_21_T22_in_vitro_tables.csv
AD-61820,AGAGUUUAUUCGUUGAAUGdTdT,CAUUCAACGAAUAAACUCUdTdT,,,,,Hep3B,,44.0,,,,C5,EP4365291,EP4365291NWA2_table_21_T22_in_vitro_tables.csv
AD-61826,CGUUGAAUGACGACUUGAAdTdT,UUCAAGUCGUCAUUCAACGdTdT,,,,,Hep3B,,68.4,,,,C5,EP4365291,EP4365291NWA2_table_21_T22_in_vitro_tables.csv
AD-61832,CUUGAAGCCAGCCAAAAGAdTdT,UCUUUUGGCUGGCUUCAAGdTdT,,,,,Hep3B,,63.8,,,,C5,EP4365291,EP4365291NWA2_table_21_T22_in_vitro_tables.csv
AD-61838,CCAGCCAAAAGAGAAACUGdTdT,CAGUUUCUCUUUUGGCUGGdTdT,,,,,Hep3B,,60.3,,,,C5,EP4365291,EP4365291NWA2_table_21_T22_in_vitro_tables.csv
AD-61844,AAACUGUCUUAACUUUCAUdTdT,AUGAAAGUUAAGACAGUUUdTdT,,,,,Hep3B,,63.0,,,,C5,EP4365291,EP4365291NWA2_table_21_T22_in_vitro_tables.csv
AD-61850,AACUUUCAUAGAUCCUGAAdTdT,UUCAGGAUCUAUGAAAGUUdTdT,,,,,Hep3B,,33.7,,,,C5,EP4365291,EP4365291NWA2_table_21_T22_in_vitro_tables.csv
AD-61856,CAUAGAUCCUGAAGGAUCAdTdT,UGAUCCUUCAGGAUCUAUGdTdT,,,,,Hep3B,,-72.6,,,,C5,EP4365291,EP4365291NWA2_table_21_T22_in_vitro_tables.csv
AD-61862,GAAGGAUCAGAAGUUGACAdTdT,UGUCAACUUCUGAUCCUUCdTdT,,,,,Hep3B,,58.7,,,,C5,EP4365291,EP4365291NWA2_table_21_T22_in_vitro_tables.csv
AD-61868,UGACAUGGUAGAAGAAAUUdTdT,AAUUUCUUCUACCAUGUCAdTdT,,,,,Hep3B,,67.8,,,,C5,EP4365291,EP4365291NWA2_table_21_T22_in_vitro_tables.csv
AD-61827,GAAGAAAUUGAUCAUAUUGdTdT,CAAUAUGAUCAAUUUCUUCdTdT,,,,,Hep3B,,47.3,,,,C5,EP4365291,EP4365291NWA2_table_21_T22_in_vitro_tables.csv
AD-61833,GAUCAUAUUGGAAUUAUCUdTdT,AGAUAAUUCCAAUAUGAUCdTdT,,,,,Hep3B,,70.4,,,,C5,EP4365291,EP4365291NWA2_table_21_T22_in_vitro_tables.csv
AD-61839,GGAAUUAUCUCUUUUCCUGdTdT,CAGGAAAAGAGAUAAUUCCdTdT,,,,,Hep3B,,58.5,,,,C5,EP4365291,EP4365291NWA2_table_21_T22_in_vitro_tables.csv
AD-61845,CUCUUUUCCUGACUUCAAGdTdT,CUUGAAGUCAGGAAAAGAGdTdT,,,,,Hep3B,,70.3,,,,C5,EP4365291,EP4365291NWA2_table_21_T22_in_vitro_tables.csv
AD-61851,ACUUCAAGAUUCCGUCUAAdTdT,UUAGACGGAAUCUUGAAGUdTdT,,,,,Hep3B,,63.0,,,,C5,EP4365291,EP4365291NWA2_table_21_T22_in_vitro_tables.csv
AD-61857,CCGUCUAAUCCUAGAUAUGdTdT,CAUAUCUAGGAUUAGACGGdTdT,,,,,Hep3B,,65.1,,,,C5,EP4365291,EP4365291NWA2_table_21_T22_in_vitro_tables.csv
AD-61863,CCUAGAUAUGGUAUGUGGAdTdT,UCCACAUACCAUAUCUAGGdTdT,,,,,Hep3B,,66.7,,,,C5,EP4365291,EP4365291NWA2_table_21_T22_in_vitro_tables.csv
AD-61869,UGUGGACGAUCAAGGCUAAdTdT,UUAGCCUUGAUCGUCCACAdTdT,,,,,Hep3B,,61.8,,,,C5,EP4365291,EP4365291NWA2_table_21_T22_in_vitro_tables.csv
AD-61828,C:GAUCAAGGCUAAAUAUAAdTdT,UUAUAUUUAGCCUUGAUCGdTdT,,,,,Hep3B,,69.7,,,,C5,EP4365291,EP4365291NWA2_table_21_T22_in_vitro_tables.csv
AD-61834,AUAUAAAGAGGACUUUUCAdTdT,UGAAAAGUCCUCUUUAUAUdTdT,,,,,Hep3B,,72.9,,,,C5,EP4365291,EP4365291NWA2_table_21_T22_in_vitro_tables.csv
AD-61840,GAGGACUUUUCAACAACUGdTdT,CAGUUGUUGAAAAGUCCUCdTdT,,,,,Hep3B,,35.7,,,,C5,EP4365291,EP4365291NWA2_table_21_T22_in_vitro_tables.csv
AD-61846,CAACUGGAACCGCAUAUUUdTdT,AAAUAUGCGGUUCCAGUUGdTdT,,,,,Hep3B,,58.0,,,,C5,EP4365291,EP4365291NWA2_table_21_T22_in_vitro_tables.csv
AD-61852,CGCAUAUUUUGAAGUUAAAdTdT,UUUAACUUCAAAAUAUGCGdTdT,,,,,Hep3B,,74.8,,,,C5,EP4365291,EP4365291NWA2_table_21_T22_in_vitro_tables.csv
AD-61858,AAGUUAAAGAAUAUGUCUUdTdT,AAGACAUAUUCUUUAACUUdTdT,,,,,Hep3B,,3.3,,,,C5,EP4365291,EP4365291NWA2_table_21_T22_in_vitro_tables.csv
AD-61864,GAAUAUGUCUUGCCACAUUdTdT,AAUGUGGCAAGACAUAUUCdTdT,,,,,Hep3B,,70.4,,,,C5,EP4365291,EP4365291NWA2_table_21_T22_in_vitro_tables.csv
AD-61870,CCACAUUUUCUGUCUCAAdTdT,UUGAGACAGAAAAAUGUGGdTdT,,,,,Hep3B,,69.5,,,,C5,EP4365291,EP4365291NWA2_table_21_T22_in_vitro_tables.csv
AD-61829,CUGUCUCAAUCGAGCCAGAdTdT,UCUGGCUCGAUUGAGACAGdTdT,,,,,Hep3B,,7.3,,,,C5,EP4365291,EP4365291NWA2_table_21_T22_in_vitro_tables.csv
AD-61835,CAAUCGAGCCACAGAAUAUAAdTdT,UUAUAUUCUGGCUCGAUUGdTdT,,,,,Hep3B,,75.2,,,,C5,EP4365291,EP4365291NWA2_table_21_T22_in_vitro_tables.csv
AD-61841,GAAUAUAAUUUCAUUGGUUdTdT,AACCAAUGAAAUUAUAUUCdTdT,,,,,Hep3B,,40.8,,,,C5,EP4365291,EP4365291NWA2_table_21_T22_in_vitro_tables.csv
AD-61847,AUUGGUUACAAGAACUUUAdTdT,UAAAGUUCUUGUAACCAAUdTdT,,,,,Hep3B,,69.1,,,,C5,EP4365291,EP4365291NWA2_table_21_T22_in_vitro_tables.csv
AD-61853,AGAACUUUAAGAAUUUUGAdTdT,UCAAAAUUCUUAAAGUUCUdTdT,,,,,Hep3B,,64.8,,,,C5,EP4365291,EP4365291NWA2_table_21_T22_in_vitro_tables.csv
AD-61859,GAAUUUUGAAAUUACUAUAdTdT,UAUAGUAAUUUCAAAAUUCdTdT,,,,,Hep3B,,59.9,,,,C5,EP4365291,EP4365291NWA2_table_21_T22_in_vitro_tables.csv
AD-61865,GAAAUUACUAUAAAAGCAAdTdT,UUGCUUUUAUAGUAAUUUCdTdT,,,,,Hep3B,,57.7,,,,C5,EP4365291,EP4365291NWA2_table_21_T22_in_vitro_tables.csv
AD-61871,AAAGCAAGAUAUUUUUAUAdTdT,UAUAAAAAUAUCUUGCUUUdTdT,,,,,Hep3B,,44.2,,,,C5,EP4365291,EP4365291NWA2_table_21_T22_in_vitro_tables.csv
AD-61830,AUAUUUUUAUAAUAAAGUAdTdT,UACUUUAUUAUAAAAAUAUdTdT,,,,,Hep3B,,-62.9,,,,C5,EP4365291,EP4365291NWA2_table_21_T22_in_vitro_tables.csv
AD-61836,AAGUAGUCACUGAGGCUGAdTdT,UCAGCCUCAGUGACUACUUdTdT,,,,,Hep3B,,71.2,,,,C5,EP4365291,EP4365291NWA2_table_21_T22_in_vitro_tables.csv
AD-61842,CACUGAGGCUGACGUUUAUdTdT,AUAAACGUCAGCCUCAGUGdTdT,,,,,Hep3B,,81.8,,,,C5,EP4365291,EP4365291NWA2_table_21_T22_in_vitro_tables.csv
AD-61848,CGUUUAUAUCACAUUUGGAdTdT,UCCAAAUGUGAUAUAAACGdTdT,,,,,Hep3B,,75.0,,,,C5,EP4365291,EP4365291NWA2_table_21_T22_in_vitro_tables.csv
AD-61854,CACAUUUGGAAUAAGAGAAdTdT,UUCUCUUAUUCCAAAUGUGdTdT,,,,,Hep3B,,57.7,,,,C5,EP4365291,EP4365291NWA2_table_21_T22_in_vitro_tables.csv
AD-61860,AAUAAGAGAAGACUUAAAAdTdT,UUUUAAGUCUUCUCUUAUUdTdT,,,,,Hep3B,,58.3,,,,C5,EP4365291,EP4365291NWA2_table_21_T22_in_vitro_tables.csv
AD-61866,CUUAAAAGAUGAUCAAAAAdTdT,UUUUUGAUCAUCUUUUAAGdTdT,,,,,Hep3B,,71.1,,,,C5,EP4365291,EP4365291NWA2_table_21_T22_in_vitro_tables.csv
AD-61872,GAUGAUCAAAAAGAAAUGAdTdT,UCAUUUCUUUUUGAUCAUCdTdT,,,,,Hep3B,,35.3,,,,C5,EP4365291,EP4365291NWA2_table_21_T22_in_vitro_tables.csv
AD-61831,AAAUGAUGCAAACAGCAAUdTdT,AUUGCUGUUUGCAUCAUUUdTdT,,,,,Hep3B,,83.1,,,,C5,EP4365291,EP4365291NWA2_table_21_T22_in_vitro_tables.csv
AD-61837,ACAGCAAUGCAAAACACAAdTdT,UUGUGUUUUGCAUUGCUGUdTdT,,,,,Hep3B,,75.1,,,,C5,EP4365291,EP4365291NWA2_table_21_T22_in_vitro_tables.csv
AD-61843,AAAACACAAUGUUGAUAAAdTdT,UUUAUCAACAUUGUGUUUUdTdT,,,,,Hep3B,,72.5,,,,C5,EP4365291,EP4365291NWA2_table_21_T22_in_vitro_tables.csv
AD-61849,CAAUGUUGAUAAAUGGAAUdTdT,AUUCCAUUUAUCAACAUUGdTdT,,,,,Hep3B,,74.2,,,,C5,EP4365291,EP4365291NWA2_table_21_T22_in_vitro_tables.csv
AD-61855,GGAAUUGCUCAAGUCACAUdTdT,AUGUGACUUGAGCAAUUCCdTdT,,,,,Hep3B,,80.0,,,,C5,EP4365291,EP4365291NWA2_table_21_T22_in_vitro_tables.csv
AD-61861,GCUCAAGUCACAUUUGAUUdTdT,AAUCAAAUGUGACUUGAGCdTdT,,,,,Hep3B,,71.4,,,,C5,EP4365291,EP4365291NWA2_table_21_T22_in_vitro_tables.csv
AD-61867,AUUUGAUUCUGAAACAGCAdTdT,UGCUGUUUCAGAAUCAAAUdTdT,,,,,Hep3B,,82.0,,,,C5,EP4365291,EP4365291NWA2_table_21_T22_in_vitro_tables.csv
AD-62062,UGAAACAGCAGUCAAAGAAdTdT,UUCUUUGACUGCUGUUUCAdTdT,,,,,Hep3B,,78.0,,,,C5,EP4365291,EP4365291NWA2_table_21_T22_in_vitro_tables.csv
AD-62068,CAAAGAACUGUCAUACUACdTdT,GUAGUAUGACAGUUCUUUGdTdT,,,,,Hep3B,,70.1,,,,C5,EP4365291,EP4365291NWA2_table_21_T22_in_vitro_tables.csv
AD-62074,CAUACUACAGUUUAGAAGAdTdT,UCUUCUAAACUGUAGUAUGdTdT,,,,,Hep3B,,59.8,,,,C5,EP4365291,EP4365291NWA2_table_21_T22_in_vitro_tables.csv
AD-62080,CAGUUUAGAAGAUUUAAACdTdT,GUUUAAAUCUUCUAAACUGdTdT,,,,,Hep3B,,69.6,,,,C5,EP4365291,EP4365291NWA2_table_21_T22_in_vitro_tables.csv
AD-62086,UAAACAACAAGUACCUUUAdTdT,UAAAGGUACUUGUUGUUUAdTdT,,,,,Hep3B,,79.0,,,,C5,EP4365291,EP4365291NWA2_table_21_T22_in_vitro_tables.csv
AD-62092,CAAGUACCUUUAUAUUGCUdTdT,AGCAAUAUAAAGGUACUUGdTdT,,,,,Hep3B,,80.0,,,,C5,EP4365291,EP4365291NWA2_table_21_T22_in_vitro_tables.csv
AD-62098,UAUUGCUGUAACAGUCAUAdTdT,UAUGACUGUUACAGCAAUAdTdT,,,,,Hep3B,,61.6,,,,C5,EP4365291,EP4365291NWA2_table_21_T22_in_vitro_tables.csv
AD-62104,AACAGUCAUAGAGUCUACAdTdT,UGUAGACUCUAUGACUGUUdTdT,,,,,Hep3B,,57.3,,,,C5,EP4365291,EP4365291NWA2_table_21_T22_in_vitro_tables.csv
AD-62063,AGAGUCUACAGGUGGAUUUdTdT,AAAUCCACCUGUAGACUCUdTdT,,,,,Hep3B,,73.4,,,,C5,EP4365291,EP4365291NWA2_table_21_T22_in_vitro_tables.csv
AD-62069,GGAUUUUCUGAAGAGGCAGdTdT,CUGCCUCUUCAGAAAAUCCdTdT,,,,,Hep3B,,44.4,,,,C5,EP4365291,EP4365291NWA2_table_21_T22_in_vitro_tables.csv
AD-62075,GAAGAGGCAGAAAUACCUGdTdT,CAGGUAUUUCUGCCUCUUCdTdT,,,,,Hep3B,,-14.4,,,,C5,EP4365291,EP4365291NWA2_table_21_T22_in_vitro_tables.csv
AD-62081,AGAAAUACCUGGCAUCAAAdTdT,UUUGAUGCCAGGUAUUUCUdTdT,,,,,Hep3B,,78.8,,,,C5,EP4365291,EP4365291NWA2_table_21_T22_in_vitro_tables.csv
AD-62087,GCAUCAAAUAUGUCCUCUCdTdT,GAGAGGACAUAUUUGAUGCdTdT,,,,,Hep3B,,66.2,,,,C5,EP4365291,EP4365291NWA2_table_21_T22_in_vitro_tables.csv
AD-62093,UGUCCUCUCUCCCUACAAAdTdT,UUUGUAGGGAGAGAGGACAdTdT,,,,,Hep3B,,73.7,,,,C5,EP4365291,EP4365291NWA2_table_21_T22_in_vitro_tables.csv
AD-62099,GAAUUUGGUUGCUACUCCUdTdT,AGGAGUAGCAACCAAAUUCdTdT,,,,,Hep3B,,76.1,,,,C5,EP4365291,EP4365291NWA2_table_21_T22_in_vitro_tables.csv
AD-62105,GCUACUCCUCUUUUCCUGAdTdT,UCAGGAAAAGAGGAGUAGCdTdT,,,,,Hep3B,,69.9,,,,C5,EP4365291,EP4365291NWA2_table_21_T22_in_vitro_tables.csv
AD-62064,CUCUUUUCCUGAAGCCUGGdTdT,CCAGGCUUCAGGAAAAGAGdTdT,,,,,Hep3B,,68.0,,,,C5,EP4365291,EP4365291NWA2_table_21_T22_in_vitro_tables.csv
AD-62070,CCUGGGAUUCCAUAUCCCAdTdT,UGGGAUAUGGAAUCCCAGGdTdT,,,,,Hep3B,,-35.7,,,,C5,EP4365291,EP4365291NWA2_table_21_T22_in_vitro_tables.csv
AD-62076,CAUAUCCCAUCAAGGUGCAdTdT,UGCACCUUGAUGGGAUAUGdTdT,,,,,Hep3B,,15.7,,,,C5,EP4365291,EP4365291NWA2_table_21_T22_in_vitro_tables.csv
AD-62082,CCAUCAAGGUGCAGGUUAAdTdT,UUAACCUGCACCUUGAUGGdTdT,,,,,Hep3B,,57.7,,,,C5,EP4365291,EP4365291NWA2_table_21_T22_in_vitro_tables.csv
AD-62088,CAGGUUAAAGAUUCGCUUGdTdT,CAAGCGAAUCUUUAACCUGdTdT,,,,,Hep3B,,63.5,,,,C5,EP4365291,EP4365291NWA2_table_21_T22_in_vitro_tables.csv
AD-62094,UUCGCUUGACCAGUUGGUAdTdT,UACCAACUGGUCAAGCGAAdTdT,,,,,Hep3B,,34.0,,,,C5,EP4365291,EP4365291NWA2_table_21_T22_in_vitro_tables.csv
AD-62100,CCAGUUGGUAGGAGGAGUCdTdT,GACUCCUCCUACCAACUGGdTdT,,,,,Hep3B,,33.6,,,,C5,EP4365291,EP4365291NWA2_table_21_T22_in_vitro_tables.csv
AD-62106,GGAGGAGUCCCAGUAACACdTdT,GUGUUACUGGGACUCCUCCdTdT,,,,,Hep3B,,66.1,,,,C5,EP4365291,EP4365291NWA2_table_21_T22_in_vitro_tables.csv
AD-62065,CAGUAACACUGAAUGCACAdTdT,UGUGCAUUCAGUGUUACUGdTdT,,,,,Hep3B,,67.0,,,,C5,EP4365291,EP4365291NWA2_table_21_T22_in_vitro_tables.csv
AD-62071,GAAUGCACAAACAAUUGAUdTdT,AUCAAUUGUUUGUGCAUUCdTdT,,,,,Hep3B,,61.6,,,,C5,EP4365291,EP4365291NWA2_table_21_T22_in_vitro_tables.csv
AD-62077,AACAAUUGAUGUAAACCAAdTdT,UUGGUUUACAUCAAUUGUUdTdT,,,,,Hep3B,,72.2,,,,C5,EP4365291,EP4365291NWA2_table_21_T22_in_vitro_tables.csv
AD-62083,UAAACCAAGAGACAUCUGAdTdT,UCAGAUGUCUCUUGGUUUAdTdT,,,,,Hep3B,,55.3,,,,C5,EP4365291,EP4365291NWA2_table_21_T22_in_vitro_tables.csv
AD-62089,CAUCUGACUUGGAUCCAAGdTdT,CUUGGAUCCAAGUCAGAUGdTdT,,,,,Hep3B,,57.3,,,,C5,EP4365291,EP4365291NWA2_table_21_T22_in_vitro_tables.csv
AD-62095,GAUCCAAGCAAAAGUGUAAdTdT,UUACACUUUUGCUUGGAUCdTdT,,,,,Hep3B,,53.4,,,,C5,EP4365291,EP4365291NWA2_table_21_T22_in_vitro_tables.csv
AD-62101,CAAAAGUGUAACACGUGUUdTdT,AACACGUGUUACACUUUUGdTdT,,,,,Hep3B,,64.7,,,,C5,EP4365291,EP4365291NWA2_table_21_T22_in_vitro_tables.csv
AD-62107,AACACGUGUUGAUGAUGGAdTdT,UCCAUCAUCAACACGUGUUdTdT,,,,,Hep3B,,70.1,,,,C5,EP4365291,EP4365291NWA2_table_21_T22_in_vitro_tables.csv
AD-62066,UGAUGGAGUAGCUUCCUUUdTdT,AAAGGAAGCUACUCCAUCAdTdT,,,,,Hep3B,,66.5,,,,C5,EP4365291,EP4365291NWA2_table_21_T22_in_vitro_tables.csv
AD-62072,GUAGCUUCCUUUGUGCUUAdTdT,UAAGCACAAAGGAAGCUACdTdT,,,,,Hep3B,,72.5,,,,C5,EP4365291,EP4365291NWA2_table_21_T22_in_vitro_tables.csv
AD-62078,GCUUAAUCUCCCAUCUGGAdTdT,UCCAGAUGGCiAGAUUAAGCdTdT,,,,,Hep3B,,50.1,,,,C5,EP4365291,EP4365291NWA2_table_21_T22_in_vitro_tables.csv
AD-62084,CCAUCUGGAGUGACGGUGCdTdT,GCACCGUCACUCCAGAUGGdTdT,,,,,Hep3B,,-17.6,,,,C5,EP4365291,EP4365291NWA2_table_21_T22_in_vitro_tables.csv
AD-62090,UGACGGUGCUGGAGUUUAAdTdT,UUAAACUCCAGCACCGUCAdTdT,,,,,Hep3B,,56.0,,,,C5,EP4365291,EP4365291NWA2_table_21_T22_in_vitro_tables.csv
AD-62096,GCUGGAGUUUAAUGUCAAAdTdT,UUUGACAUUAAACUCCAGCdTdT,,,,,Hep3B,,66.5,,,,C5,EP4365291,EP4365291NWA2_table_21_T22_in_vitro_tables.csv
AD-62102,UGUCAAAACUGAUGCUCCAdTdT,UGGAGCAUCAGUUUUGACAdTdT,,,,,Hep3B,,60.8,,,,C5,EP4365291,EP4365291NWA2_table_21_T22_in_vitro_tables.csv
AD-62108,GAUGCUCCAGAUCUUCCAGdTdT,CUGGAAGAUCUGGAGCAUCdTdT,,,,,Hep3B,,30.5,,,,C5,EP4365291,EP4365291NWA2_table_21_T22_in_vitro_tables.csv
AD-62067,CAGAUCUUCCAGAAGAAAAdTdT,UUUUCUUCUGGAAGAUCUGdTdT,,,,,Hep3B,,67.7,,,,C5,EP4365291,EP4365291NWA2_table_21_T22_in_vitro_tables.csv
AD-62073,AGAAAAUCAGGCCAGGGAAdTdT,UUCCCUGGCCUGAUUUUCUdTdT,,,,,Hep3B,,18.9,,,,C5,EP4365291,EP4365291NWA2_table_21_T22_in_vitro_tables.csv
AD-62079,GGCCAGGGAAGGUUACCGAdTdT,UCGGUAACCUUCCCUGGCCdTdT,,,,,Hep3B,,53.2,,,,C5,EP4365291,EP4365291NWA2_table_21_T22_in_vitro_tables.csv
AD-62085,GUUACCGAGCAAUAGCAUAdTdT,UAUGCUAUUGCUCGGUAACdTdT,,,,,Hep3B,,68.4,,,,C5,EP4365291,EP4365291NWA2_table_21_T22_in_vitro_tables.csv
AD-62091,AUAGCAUACUCAUCUCUCAdTdT,UGAGAGAUGAGUAUGCUAUdTdT,,,,,Hep3B,,68.0,,,,C5,EP4365291,EP4365291NWA2_table_21_T22_in_vitro_tables.csv
AD-62097,UACUCAUCUCUCAGCCAAAdTdT,UUUGGCUGAGAGAUGAGUAdTdT,,,,,Hep3B,,64.7,,,,C5,EP4365291,EP4365291NWA2_table_21_T22_in_vitro_tables.csv
AD-62103,GCCAAAGUUACCUUUAUAUdTdT,AUAUAAAGGUAACUUUGGCdTdT,,,,,Hep3B,,64.4,,,,C5,EP4365291,EP4365291NWA2_table_21_T22_in_vitro_tables.csv
AD-62109,CCUUUAUAUUGAUUGGACUdTdT,AGUCCAAUCAAUAUAAAGGdTdT,,,,,Hep3B,,75.3,,,,C5,EP4365291,EP4365291NWA2_table_21_T22_in_vitro_tables.csv
AD-62115,GAUUGGACUGAUAACCAUAdTdT,UAUGGUUAUCAGUCCAAUCdTdT,,,,,Hep3B,,74.3,,,,C5,EP4365291,EP4365291NWA2_table_21_T22_in_vitro_tables.csv
AD-62121,CUGAUAACCAUAAGGCUUUdTdT,AAAGCCUUAUGGUUAUCAGdTdT,,,,,Hep3B,,76.9,,,,C5,EP4365291,EP4365291NWA2_table_21_T22_in_vitro_tables.csv
AD-62127,AGGCUUUGCUAGUGGGAGAdTdT,UCUCCCACUAGCAAAGCCUdTdT,,,,,Hep3B,,63.7,,,,C5,EP4365291,EP4365291NWA2_table_21_T22_in_vitro_tables.csv
AD-62133,GUGGGAGAACAUCUGAAUAdTdT,UAUUCAGAUGUUCUCCCACdTdT,,,,,Hep3B,,49.1,,,,C5,EP4365291,EP4365291NWA2_table_21_T22_in_vitro_tables.csv
AD-62139,CAUCUGAAUAUUAUUGUUAdTdT,UAACAAUAAUAUUCAGAUGdTdT,,,,,Hep3B,,15.9,,,,C5,EP4365291,EP4365291NWA2_table_21_T22_in_vitro_tables.csv
AD-62145,UAUUAUUGUUACCCCCAAAdTdT,UUUGGGGGUAACAAUAAUAdTdT,,,,,Hep3B,,9.2,,,,C5,EP4365291,EP4365291NWA2_table_21_T22_in_vitro_tables.csv
AD-62151,CCCAAAAGCCCAUAUAUUGdTdT,CAAUAUAUGGGCUUUUGGGdTdT,,,,,Hep3B,,43.1,,,,C5,EP4365291,EP4365291NWA2_table_21_T22_in_vitro_tables.csv
AD-62110,CCAAAAGCCCAUAUAUUGAdTdT,UCAAUAUAUGGGCUUUUGGdTdT,,,,,Hep3B,,74.0,,,,C5,EP4365291,EP4365291NWA2_table_21_T22_in_vitro_tables.csv
AD-62116,CAAAAGCCCAUAUAUUGACdTdT,GUCAAUAUAUGGGCUUUUGdTdT,,,,,Hep3B,,-45.5,,,,C5,EP4365291,EP4365291NWA2_table_21_T22_in_vitro_tables.csv
AD-62122,AAAAGCCCAUAUAUUGACAdTdT,UGUCAAUAUAUGGGCUUUUdTdT,,,,,Hep3B,,-98.7,,,,C5,EP4365291,EP4365291NWA2_table_21_T22_in_vitro_tables.csv
AD-62128,AAAGCCCAUAUAUUGACAAdTdT,UUGUCAAUAUAUGGGCUUUdTdT,,,,,Hep3B,,-78.4,,,,C5,EP4365291,EP4365291NWA2_table_21_T22_in_vitro_tables.csv
AD-62134,AAGCCCAUAUAUUGACAAAdTdT,UUUGUCAAUAUAUGGGCUUdTdT,,,,,Hep3B,,47.6,,,,C5,EP4365291,EP4365291NWA2_table_21_T22_in_vitro_tables.csv
AD-62140,AGCCCAUAUAUUGACAAAAdTdT,UUUUGUCAAUAUAUGGGCUdTdT,,,,,Hep3B,,44.4,,,,C5,EP4365291,EP4365291NWA2_table_21_T22_in_vitro_tables.csv
AD-62146,GCCCAUAUAUUGACAAAAUdTdT,AUUUUGUCAAUAUAUGGGCdTdT,,,,,Hep3B,,52.8,,,,C5,EP4365291,EP4365291NWA2_table_21_T22_in_vitro_tables.csv
AD-62152,CCCAUAUAUUGACAAAAUAdTdT,UAUUUUGUCAAUAUAUGGGdTdT,,,,,Hep3B,,83.6,,,,C5,EP4365291,EP4365291NWA2_table_21_T22_in_vitro_tables.csv
AD-62111,CCAUAUAUUGACAAAAUAAdTdT,UUAUUUUGUCAAUAUAUGGdTdT,,,,,Hep3B,,50.7,,,,C5,EP4365291,EP4365291NWA2_table_21_T22_in_vitro_tables.csv
AD-62117,CAUAUAUUGACAAAAUAACdTdT,GUUAUUUUGUCAAUAUAUGdTdT,,,,,Hep3B,,53.8,,,,C5,EP4365291,EP4365291NWA2_table_21_T22_in_vitro_tables.csv
AD-62123,AUAUAUUGACAAAAUAACUdTdT,AGUUAUUUUGUCAAUAUAUdTdT,,,,,Hep3B,,4.9,,,,C5,EP4365291,EP4365291NWA2_table_21_T22_in_vitro_tables.csv
AD-62129,UAUAUUGACAAAAUAACUCdTdT,GAGUUAUUUUGUCAAUAUAdTdT,,,,,Hep3B,,-56.2,,,,C5,EP4365291,EP4365291NWA2_table_21_T22_in_vitro_tables.csv
AD-62135,AUAUUGACAAAAUAACUCAdTdT,UGAGUUAULTUUGUCAAUAUdTdT,,,,,Hep3B,,38.0,,,,C5,EP4365291,EP4365291NWA2_table_21_T22_in_vitro_tables.csv
AD-62141,UAUUGACAAAAUAACUCACdTdT,GUGAGUUAUUUUGUCAAUAdTdT,,,,,Hep3B,,-28.1,,,,C5,EP4365291,EP4365291NWA2_table_21_T22_in_vitro_tables.csv
AD-62147,AUUGACAAAAUAACUCACUdTdT,AGUGAGUUAUUUUGUCAAUdTdT,,,,,Hep3B,,-46.2,,,,C5,EP4365291,EP4365291NWA2_table_21_T22_in_vitro_tables.csv
AD-62153,UUGACAAAAUAACUCACUAdTdT,UAGUGAGUUAUUUUGUCAAdTdT,,,,,Hep3B,,64.5,,,,C5,EP4365291,EP4365291NWA2_table_21_T22_in_vitro_tables.csv
AD-62112,UGACAAAAUAACUCACUAUdTdT,AUAGUGAGUUAUUUUGUCAdTdT,,,,,Hep3B,,57.0,,,,C5,EP4365291,EP4365291NWA2_table_21_T22_in_vitro_tables.csv
AD-62118,GACAAAAUAACUCACUAUAdTdT,UAUAGUGAGUUAUUUUGUCdTdT,,,,,Hep3B,,68.0,,,,C5,EP4365291,EP4365291NWA2_table_21_T22_in_vitro_tables.csv
AD-62124,AAAAUAACUCACUAUAAUUdTdT,AAUUAUAGUGAGUUAUUUUdTdT,,,,,Hep3B,,51.6,,,,C5,EP4365291,EP4365291NWA2_table_21_T22_in_vitro_tables.csv
AD-62130,AAAUAACUCACUAUAAUUAdTdT,UAAWAUAGUGAGWAUUUdTdT,,,,,Hep3B,,50.6,,,,C5,EP4365291,EP4365291NWA2_table_21_T22_in_vitro_tables.csv
AD-62136,AAUAACUCACUAUAAUUACdTdT,GUAAUUAUAGUGAGUUAUUdTdT,,,,,Hep3B,,-41.9,,,,C5,EP4365291,EP4365291NWA2_table_21_T22_in_vitro_tables.csv
AD-62142,AUAACUCACUAUAAUUACUdTdT,AGUAAUUAUAGUGAGUUAUdTdT,,,,,Hep3B,,61.3,,,,C5,EP4365291,EP4365291NWA2_table_21_T22_in_vitro_tables.csv
AD-62148,AACUCACUAUAAUUACUUGdTdT,CAAGUAAUUAUAGUGAGUUdTdT,,,,,Hep3B,,-65.2,,,,C5,EP4365291,EP4365291NWA2_table_21_T22_in_vitro_tables.csv
AD-62154,ACUCACUAUAAUUACUUGAdTdT,UCAAGUAAUUAUAGUGAGUdTdT,,,,,Hep3B,,5.3,,,,C5,EP4365291,EP4365291NWA2_table_21_T22_in_vitro_tables.csv
AD-62113,CUCACUAUAAUUACUUGAUdTdT,AUCAAGUAAUUAUAGUGAGdTdT,,,,,Hep3B,,47.5,,,,C5,EP4365291,EP4365291NWA2_table_21_T22_in_vitro_tables.csv
AD-62119,UCACUAUAAUUACUUGAUUdTdT,AAUCAAGUAAUUAUAGUGAdTdT,,,,,Hep3B,,56.0,,,,C5,EP4365291,EP4365291NWA2_table_21_T22_in_vitro_tables.csv
AD-62125,ACUAUAAUUACUUGAUUUUdTdT,AAAAUCAAGUAAUUAUAGUdTdT,,,,,Hep3B,,-29.9,,,,C5,EP4365291,EP4365291NWA2_table_21_T22_in_vitro_tables.csv
AD-62131,CUAUAAUUACUUGAUUUUAdTdT,UAAAAUCAAGUAAUUAUAGdTdT,,,,,Hep3B,,31.1,,,,C5,EP4365291,EP4365291NWA2_table_21_T22_in_vitro_tables.csv
AD-62137,UAUAAUUACUUGAUUUUAUdTdT,AUAAAAUCAAGUAAUUAUAdTdT,,,,,Hep3B,,-6.0,,,,C5,EP4365291,EP4365291NWA2_table_21_T22_in_vitro_tables.csv
AD-62143,AUAAUUACUUGAUUUUAUCdTdT,GAUAAAAUCAAGUAAUUAUdTdT,,,,,Hep3B,,-76.1,,,,C5,EP4365291,EP4365291NWA2_table_21_T22_in_vitro_tables.csv
AD-62149,UAAUUACUUGAUUUUAUCCdTdT,GGAUAAAAUCAAGUAAUUAdTdT,,,,,Hep3B,,-101.3,,,,C5,EP4365291,EP4365291NWA2_table_21_T22_in_vitro_tables.csv
AD-62155,AAUUACUUGAUUUUAUCCAdTdT,UGGAUAAAAUCAAGUAAUUdTdT,,,,,Hep3B,,-43.3,,,,C5,EP4365291,EP4365291NWA2_table_21_T22_in_vitro_tables.csv
AD-62114,AUUACUUGAUUUUAUCCAAdTdT,UUGGAUAAAAUCAAGUAAUdTdT,,,,,Hep3B,,77.2,,,,C5,EP4365291,EP4365291NWA2_table_21_T22_in_vitro_tables.csv
AD-62120,UUAUCCAAGGGCAAAAUUAdTdT,UAAUUUUGCCCUUGGAUAAdTdT,,,,,Hep3B,,65.4,,,,C5,EP4365291,EP4365291NWA2_table_21_T22_in_vitro_tables.csv
AD-62126,GCAAAAUUAUCCACUUUGGdTdT,CCAAAGUGGAUAAUUUUGCdTdT,,,,,Hep3B,,55.4,,,,C5,EP4365291,EP4365291NWA2_table_21_T22_in_vitro_tables.csv
AD-62132,CACUUUGGCACGAGGGAGAdTdT,UCUCCCUCGUGCCAAAGUGdTdT,,,,,Hep3B,,60.5,,,,C5,EP4365291,EP4365291NWA2_table_21_T22_in_vitro_tables.csv
AD-62138,CGAGGGAGAAAUUUUCAGAdTdT,UCUGAAAAUUUCUCCCUCGdTdT,,,,,Hep3B,,65.5,,,,C5,EP4365291,EP4365291NWA2_table_21_T22_in_vitro_tables.csv
AD-62144,AUUUUCAGAUGCAUCUUAUdTdT,AUAAGAUGCAUCUGAAAAUdTdT,,,,,Hep3B,,72.0,,,,C5,EP4365291,EP4365291NWA2_table_21_T22_in_vitro_tables.csv
AD-62150,GCAUCUUAUCAAAGUAUAAdTdT,UUAUACUUUGAUAAGAUGCdTdT,,,,,Hep3B,,77.9,,,,C5,EP4365291,EP4365291NWA2_table_21_T22_in_vitro_tables.csv
AD-62156,CAAAGUAUAAACAUUCCAGdTdT,CUGGAAUGUUUAUACUUUGdTdT,,,,,Hep3B,,55.9,,,,C5,EP4365291,EP4365291NWA2_table_21_T22_in_vitro_tables.csv
AD-62162,AUUCCAGUAACACAGAACAdTdT,UGUUCUGUGUUACUGGAAUdTdT,,,,,Hep3B,,80.2,,,,C5,EP4365291,EP4365291NWA2_table_21_T22_in_vitro_tables.csv
AD-62168,CACAGAACAUGGUUCCUUCdTdT,GAAGGAACCAUGUUCUGUGdTdT,,,,,Hep3B,,82.7,,,,C5,EP4365291,EP4365291NWA2_table_21_T22_in_vitro_tables.csv
AD-62174,GGUUCCUUCAUCCCGACUUdTdT,AAGUCGGGAUGAAGGAACCdTdT,,,,,Hep3B,,73.0,,,,C5,EP4365291,EP4365291NWA2_table_21_T22_in_vitro_tables.csv
AD-62180,CCCGACUUCUGGUCUAUUAdTdT,UAAUAGACCAGAAGUCGGGdTdT,,,,,Hep3B,,84.2,,,,C5,EP4365291,EP4365291NWA2_table_21_T22_in_vitro_tables.csv
AD-62186,GGUCUAUUACAUCGUCACAdTdT,UGUGACGAUGUAAUAGACCdTdT,,,,,Hep3B,,79.5,,,,C5,EP4365291,EP4365291NWA2_table_21_T22_in_vitro_tables.csv
AD-62192,AUCGUCACAGGAGAACAGAdTdT,UCUGUUCUCCUGUGACGAUdTdT,,,,,Hep3B,,66.1,,,,C5,EP4365291,EP4365291NWA2_table_21_T22_in_vitro_tables.csv
AD-62198,CAGGAGAACAGACAGCAGAdTdT,UCUGCUGUCUGUUCUCCUGdTdT,,,,,Hep3B,,86.0,,,,C5,EP4365291,EP4365291NWA2_table_21_T22_in_vitro_tables.csv
AD-62157,CAGCAGAAUUAGUGUCUGAdTdT,UCAGACACUAAUUCUGCUGdTdT,,,,,Hep3B,,80.7,,,,C5,EP4365291,EP4365291NWA2_table_21_T22_in_vitro_tables.csv
AD-62163,GUGUCUGAUUCAGUCUGGUdTdT,ACCAGACUGAAUCAGACACdTdT,,,,,Hep3B,,84.6,,,,C5,EP4365291,EP4365291NWA2_table_21_T22_in_vitro_tables.csv
AD-62169,CAGUCUGGUUAAAUAUUGAdTdT,UCAAUAUUUAACCAGACUGdTdT,,,,,Hep3B,,76.4,,,,C5,EP4365291,EP4365291NWA2_table_21_T22_in_vitro_tables.csv
AD-62175,GUUAAAUAUUGAAGAAAAAdTdT,UUUUUCUUCAAUAUUUAACdTdT,,,,,Hep3B,,70.4,,,,C5,EP4365291,EP4365291NWA2_table_21_T22_in_vitro_tables.csv
AD-62181,AGAAAAAUGUGGCAACCAGdTdT,CUGGUUGCCACAUUUUUCUdTdT,,,,,Hep3B,,73.6,,,,C5,EP4365291,EP4365291NWA2_table_21_T22_in_vitro_tables.csv
AD-62187,GCAACCAGCUCCAGGUUCAdTdT,UGAACCUGGAGCUGGUUGCdTdT,,,,,Hep3B,,71.2,,,,C5,EP4365291,EP4365291NWA2_table_21_T22_in_vitro_tables.csv
AD-62193,GCUCCAGGUUCAUCUGUCUdTdT,AGACAGAUGAACCUGGAGCdTdT,,,,,Hep3B,,77.1,,,,C5,EP4365291,EP4365291NWA2_table_21_T22_in_vitro_tables.csv
AD-62199,AUCUGUCUCCUGAUGCAGAdTdT,UCUGCAUCAGGAGACAGAUdTdT,,,,,Hep3B,,83.6,,,,C5,EP4365291,EP4365291NWA2_table_21_T22_in_vitro_tables.csv
AD-62158,GAUGCAGAUGCAUAUUCUCdTdT,GAGAAUAUGCAUCUGCAUCdTdT,,,,,Hep3B,,81.5,,,,C5,EP4365291,EP4365291NWA2_table_21_T22_in_vitro_tables.csv
AD-62164,GCAUAUUCUCCAGGCCAAAdTdT,UUUGGCCUGGAGAAUAUGCdTdT,,,,,Hep3B,,80.9,,,,C5,EP4365291,EP4365291NWA2_table_21_T22_in_vitro_tables.csv
AD-62170,AGGCCAAACUGUGUCUCUUdTdT,AAGAGACACAGUUUGGCCUdTdT,,,,,Hep3B,,85.0,,,,C5,EP4365291,EP4365291NWA2_table_21_T22_in_vitro_tables.csv
AD-62176,GUGUCUCUUAAUAUGGCAAdTdT,UUGCCAUAUUAAGAGACACdTdT,,,,,Hep3B,,37.3,,,,C5,EP4365291,EP4365291NWA2_table_21_T22_in_vitro_tables.csv
AD-62182,UUAAUAUGGCAACUGGAAUdTdT,AUUCCAGUUGCCAUAUUAAdTdT,,,,,Hep3B,,29.2,,,,C5,EP4365291,EP4365291NWA2_table_21_T22_in_vitro_tables.csv
AD-62188,AACUGGAAUGGAUUCCUGGdTdT,CCAGGAAUCCAUUCCAGUUdTdT,,,,,Hep3B,,18.9,,,,C5,EP4365291,EP4365291NWA2_table_21_T22_in_vitro_tables.csv
AD-62194,UUCCUGGGUGGCAUUAGCAdTdT,UGCUAAUGCCACC:CAGGAAdTdT,,,,,Hep3B,,36.4,,,,C5,EP4365291,EP4365291NWA2_table_21_T22_in_vitro_tables.csv
AD-62200,GGCAUUAGCAGCAGUGGACdTdT,GUCCACUGCUGCUAAUGCCdTdT,,,,,Hep3B,,78.4,,,,C5,EP4365291,EP4365291NWA2_table_21_T22_in_vitro_tables.csv
AD-62159,AGUGGACAGUGCUGUGUAUdTdT,AUACACAGCACUGUCCACUdTdT,,,,,Hep3B,,57.2,,,,C5,EP4365291,EP4365291NWA2_table_21_T22_in_vitro_tables.csv
AD-62165,GCUGUGUAUGGAGUCCAAAdTdT,UUUGGACUCCAUACACAGCdTdT,,,,,Hep3B,,72.3,,,,C5,EP4365291,EP4365291NWA2_table_21_T22_in_vitro_tables.csv
AD-62171,AGUCCAAAGAGGAGCCAAAdTdT,UUUGGCUCCUCUUUGGACUdTdT,,,,,Hep3B,,68.1,,,,C5,EP4365291,EP4365291NWA2_table_21_T22_in_vitro_tables.csv
AD-62177,AGAGGAGCCAAAAAGCCCUdTdT,AGGGCUUUUUGGCUCCUCUdTdT,,,,,Hep3B,,70.4,,,,C5,EP4365291,EP4365291NWA2_table_21_T22_in_vitro_tables.csv
AD-62183,AGCCCUUGGAAAGAGUAUUdTdT,AAUACUCUUUCCAAGGGCUdTdT,,,,,Hep3B,,74.8,,,,C5,EP4365291,EP4365291NWA2_table_21_T22_in_vitro_tables.csv
AD-62189,AAGAGUAUUUCAAUUCUUAdTdT,UAAGAAUUGAAAUACUCUUdTdT,,,,,Hep3B,,67.3,,,,C5,EP4365291,EP4365291NWA2_table_21_T22_in_vitro_tables.csv
AD-62195,UUUCAAUUCUUAGAGAAGAdTdT,UCUUCUCUAAGAAUUGAAAdTdT,,,,,Hep3B,,26.9,,,,C5,EP4365291,EP4365291NWA2_table_21_T22_in_vitro_tables.csv
AD-62201,GAGAAGAGUGAUCUGGGCUdTdT,AGCCCAGAUCACUCUUCUCdTdT,,,,,Hep3B,,64.4,,,,C5,EP4365291,EP4365291NWA2_table_21_T22_in_vitro_tables.csv
AD-62160,UGAUCUGGGCUGUGGGGCAdTdT,UGCCCCACAGCCCAGAUCAdTdT,,,,,Hep3B,,43.5,,,,C5,EP4365291,EP4365291NWA2_table_21_T22_in_vitro_tables.csv
AD-62166,GGGGCAGGUGGUGGCCUCAdTdT,UGAGGCCACCACCUGCCCCdTdT,,,,,Hep3B,,-15.1,,,,C5,EP4365291,EP4365291NWA2_table_21_T22_in_vitro_tables.csv
AD-62172,GUGGCCUCAACAAUGCCAAdTdT,UUGGCAUUGUUGAGGCCACdTdT,,,,,Hep3B,,-7.4,,,,C5,EP4365291,EP4365291NWA2_table_21_T22_in_vitro_tables.csv
AD-62178,CAACAAUGCCAAUGUGUUCdTdT,GAACACAUUGGCAUUGUUGdTdT,,,,,Hep3B,,28.7,,,,C5,EP4365291,EP4365291NWA2_table_21_T22_in_vitro_tables.csv
AD-62184,CAAUGUGUUCCACCUAGCUdTdT,AGCUAGGUGGAACACAUUGdTdT,,,,,Hep3B,,72.8,,,,C5,EP4365291,EP4365291NWA2_table_21_T22_in_vitro_tables.csv
AD-62190,CACCUAGCUGGACUUACCUdTdT,AGGUAAGUCCAGCUAGGUGdTdT,,,,,Hep3B,,62.8,,,,C5,EP4365291,EP4365291NWA2_table_21_T22_in_vitro_tables.csv
AD-62196,GACUUACCUUCCUCACUAAdTdT,UUAGUGAGGAAGGUAAGUCdTdT,,,,,Hep3B,,80.5,,,,C5,EP4365291,EP4365291NWA2_table_21_T22_in_vitro_tables.csv
AD-62202,UCACUAAUGCAAAUGCAGAdTdT,UCUGCAUUUGCAUUAGUGAdTdT,,,,,Hep3B,,80.6,,,,C5,EP4365291,EP4365291NWA2_table_21_T22_in_vitro_tables.csv
AD-62161,AAAUGCAGAUGACUCCCAAdTdT,UUGGGAGUCAUCUGCAUUUdTdT,,,,,Hep3B,,76.3,,,,C5,EP4365291,EP4365291NWA2_table_21_T22_in_vitro_tables.csv
AD-62167,CUCCCAAGAAAAUGAUGAAdTdT,UUCAUCAUUUUCUUGGGAGdTdT,,,,,Hep3B,,75.6,,,,C5,EP4365291,EP4365291NWA2_table_21_T22_in_vitro_tables.csv
AD-62173,CCUUGUAAAGAAAUUCUCAdTdT,UGAGAAUUUCUUUACAAGGdTdT,,,,,Hep3B,,64.0,,,,C5,EP4365291,EP4365291NWA2_table_21_T22_in_vitro_tables.csv
AD-62179,AAUUCUCAGGCCAAGAAGAdTdT,UCUUCUUGGCCUGAGAAUUdTdT,,,,,Hep3B,,49.5,,,,C5,EP4365291,EP4365291NWA2_table_21_T22_in_vitro_tables.csv
AD-62185,CCAAGAAGAACGCUGCAAAdTdT,UUUGCAGCGUUCUUCUUGGdTdT,,,,,Hep3B,,59.5,,,,C5,EP4365291,EP4365291NWA2_table_21_T22_in_vitro_tables.csv
AD-62191,CGCUGCAAAAGAAGAUAGAdTdT,UCUAUCUUCUUUUGCAGCGdTdT,,,,,Hep3B,,60.7,,,,C5,EP4365291,EP4365291NWA2_table_21_T22_in_vitro_tables.csv
AD-62197,AAAGAAGAUAGAAGAAAUAdTdT,UAUUUCUUCUAUCUUCUUUdTdT,,,,,Hep3B,,60.6,,,,C5,EP4365291,EP4365291NWA2_table_21_T22_in_vitro_tables.csv
AD-62203,AGAAAUAGCUGCUAAAUAUdTdT,AUAUUUAGCAGCUAUUUCUdTdT,,,,,Hep3B,,65.9,,,,C5,EP4365291,EP4365291NWA2_table_21_T22_in_vitro_tables.csv
AD-62209,GCUGCUAAAUAUAAACAUUdTdT,AAUGUUUAUAUUUAGCAGCdTdT,,,,,Hep3B,,65.4,,,,C5,EP4365291,EP4365291NWA2_table_21_T22_in_vitro_tables.csv
AD-62215,ACAUUCAGUAGUGAAGAAAdTdT,UUUCUUCACUACUGAAUGUdTdT,,,,,Hep3B,,69.0,,,,C5,EP4365291,EP4365291NWA2_table_21_T22_in_vitro_tables.csv
AD-62221,GUAGUGAAGAAAUGUUGUUdTdT,AACAACAUUUCUUCACUACdTdT,,,,,Hep3B,,83.7,,,,C5,EP4365291,EP4365291NWA2_table_21_T22_in_vitro_tables.csv
AD-62227,AAAUGUUGUUACGAUGGAGdTdT,CUCCAUCGUAACAACAUUUdTdT,,,,,Hep3B,,31.5,,,,C5,EP4365291,EP4365291NWA2_table_21_T22_in_vitro_tables.csv
AD-62233,CGAUGGAGCCUGCGUUAAUdTdT,AUUAACGCAGGCUCCAUCGdTdT,,,,,Hep3B,,65.7,,,,C5,EP4365291,EP4365291NWA2_table_21_T22_in_vitro_tables.csv
AD-62239,CGUUAAUAAUGAUGAAACCdTdT,GGUUUCAUCAUUAUUAACGdTdT,,,,,Hep3B,,62.8,,,,C5,EP4365291,EP4365291NWA2_table_21_T22_in_vitro_tables.csv
AD-62245,AUGAUGAAACCUGUGAGCAdTdT,UGCUCACAGGUUUCAUCAUdTdT,,,,,Hep3B,,68.8,,,,C5,EP4365291,EP4365291NWA2_table_21_T22_in_vitro_tables.csv
AD-62204,CUGUGAGCAGCGAGCUGCAdTdT,UGCAGCUCGCUGCUCACAGdTdT,,,,,Hep3B,,67.0,,,,C5,EP4365291,EP4365291NWA2_table_21_T22_in_vitro_tables.csv
AD-62210,CGAGCUGCACGGAUUAGUUdTdT,AACUAAUCCGUGCAGCUCGdTdT,,,,,Hep3B,,71.0,,,,C5,EP4365291,EP4365291NWA2_table_21_T22_in_vitro_tables.csv
AD-62216,GGAUUAGUUUAGGGCCAAGdTdT,CUUGGCCCUAAACUAAUCCdTdT,,,,,Hep3B,,61.3,,,,C5,EP4365291,EP4365291NWA2_table_21_T22_in_vitro_tables.csv
AD-62222,GGGCCAAGAUGCAUCAAAGdTdT,CUUUGAUGCAUCUUGGCCCdTdT,,,,,Hep3B,,65.5,,,,C5,EP4365291,EP4365291NWA2_table_21_T22_in_vitro_tables.csv
AD-62228,CAUCAAAGCUUUCACUGAAdTdT,UUCAGUGAAAGCUUUGAUGdTdT,,,,,Hep3B,,69.7,,,,C5,EP4365291,EP4365291NWA2_table_21_T22_in_vitro_tables.csv
AD-62234,GCUUUCACUGAAUGUUGUGdTdT,CACAACAUUCAGUGAAAGCdTdT,,,,,Hep3B,,84.8,,,,C5,EP4365291,EP4365291NWA2_table_21_T22_in_vitro_tables.csv
AD-62240,AAUGUUGUGUCGUCGCAAGdTdT,CUUGCGACGACACAACAUUdTdT,,,,,Hep3B,,73.8,,,,C5,EP4365291,EP4365291NWA2_table_21_T22_in_vitro_tables.csv
AD-62246,COUCGCAAGCCAGCUCCGUdTdT,ACGGAGCUGGCUUGCGACGdTdT,,,,,Hep3B,,59.6,,,,C5,EP4365291,EP4365291NWA2_table_21_T22_in_vitro_tables.csv
AD-62205,GCUCCGUGCUAAUAUCUCUdTdT,AGAGAUAUUAGCACGGAGCdTdT,,,,,Hep3B,,82.9,,,,C5,EP4365291,EP4365291NWA2_table_21_T22_in_vitro_tables.csv
AD-62211,CUAAUAUCUCUCAUAAAGAdTdT,UCUUUAUGAGAGAUAUUAGdTdT,,,,,Hep3B,,79.1,,,,C5,EP4365291,EP4365291NWA2_table_21_T22_in_vitro_tables.csv
AD-62217,AAAGACAUGCAAUUGGGAAdTdT,UUCCCAAUUGCAUGUCUUUdTdT,,,,,Hep3B,,50.2,,,,C5,EP4365291,EP4365291NWA2_table_21_T22_in_vitro_tables.csv
AD-62223,CAAUUGGGAAGGCUACACAdTdT,UGUGUAGCCUUCCCAAUUGdTdT,,,,,Hep3B,,60.0,,,,C5,EP4365291,EP4365291NWA2_table_21_T22_in_vitro_tables.csv
AD-62229,GCUACACAUGAAGACCCUGdTdT,CAGGGUCUUCAUGUGUAGCdTdT,,,,,Hep3B,,73.3,,,,C5,EP4365291,EP4365291NWA2_table_21_T22_in_vitro_tables.csv
AD-62235,CAUGAAGACCCUGUUACCAdTdT,UGGUAACAGGGUCUUCAUGdTdT,,,,,Hep3B,,78.5,,,,C5,EP4365291,EP4365291NWA2_table_21_T22_in_vitro_tables.csv
AD-62241,UACCAGUAAGCAAGCCAGAdTdT,UCUGGCUUGCUUACUGGUAdTdT,,,,,Hep3B,,53.8,,,,C5,EP4365291,EP4365291NWA2_table_21_T22_in_vitro_tables.csv
AD-62247,AGCAAGCCAGAAAUUCGGAdTdT,UCCGAAUUUCUGGCUUGCUdTdT,,,,,Hep3B,,59.6,,,,C5,EP4365291,EP4365291NWA2_table_21_T22_in_vitro_tables.csv
AD-62206,AGAAAWCGGAGWAUUUUdTdT,AAAAUAACUCCGAAUUUCUdTdT,,,,,Hep3B,,57.8,,,,C5,EP4365291,EP4365291NWA2_table_21_T22_in_vitro_tables.csv
AD-62212,AGUUAUUUUCCAGAAAGCUdTdT,AGCUUUCUGGAAAAUAACUdTdT,,,,,Hep3B,,48.3,,,,C5,EP4365291,EP4365291NWA2_table_21_T22_in_vitro_tables.csv
AD-62218,CAGAAAGCUGGUUGUGGGAdTdT,UCCCACAACCAGCUUUCUGdTdT,,,,,Hep3B,,74.0,,,,C5,EP4365291,EP4365291NWA2_table_21_T22_in_vitro_tables.csv
AD-62224,GUGGGAAGUUCAUCUUGUUdTdT,AACAAGAUGAACUUCCCACdTdT,,,,,Hep3B,,59.7,,,,C5,EP4365291,EP4365291NWA2_table_21_T22_in_vitro_tables.csv
AD-62230,UCAUCUUGUUCCCAGAAGAdTdT,UCUUCUGGGAACAAGAUGAdTdT,,,,,Hep3B,,67.2,,,,C5,EP4365291,EP4365291NWA2_table_21_T22_in_vitro_tables.csv
AD-62236,CCAGAAGAAAACAGUUGCAdTdT,UGCAACUGUUUUCUUCUGGdTdT,,,,,Hep3B,,47.6,,,,C5,EP4365291,EP4365291NWA2_table_21_T22_in_vitro_tables.csv
AD-62242,CAGUUGCAGUUUGCCCUACdTdT,GUAGGGCAAACUGCAACUGdTdT,,,,,Hep3B,,66.9,,,,C5,EP4365291,EP4365291NWA2_table_21_T22_in_vitro_tables.csv
AD-62248,CAGUUUGCCCUACCUGAUUdTdT,AAUCAGGUAGGGCAAACUGdTdT,,,,,Hep3B,,82.0,,,,C5,EP4365291,EP4365291NWA2_table_21_T22_in_vitro_tables.csv
AD-62207,CCUGAUUCUCUAACCACCUdTdT,AGGUGGUUAGAGAAUCAGGdTdT,,,,,Hep3B,,80.3,,,,C5,EP4365291,EP4365291NWA2_table_21_T22_in_vitro_tables.csv
AD-62213,ACCACCUGGGAAAUUCAAGdTdT,CUUGAAUUUCCCAGGUGGUdTdT,,,,,Hep3B,,56.6,,,,C5,EP4365291,EP4365291NWA2_table_21_T22_in_vitro_tables.csv
AD-62219,GAAAUUCAAGGCGUUGGCAdTdT,UGCCAACGCCUUGAAUUUCdTdT,,,,,Hep3B,,60.2,,,,C5,EP4365291,EP4365291NWA2_table_21_T22_in_vitro_tables.csv
AD-62225,CGUUGGCAUUUCAAACACUdTdT,AGUGUUUGAAAUGCCAACGdTdT,,,,,Hep3B,,65.7,,,,C5,EP4365291,EP4365291NWA2_table_21_T22_in_vitro_tables.csv
AD-62231,CAUUUCAAACACUGGUAUAdTdT,UAUACCAGUGUUUGAAAUGd'ΓdT,,,,,Hep3B,,62.8,,,,C5,EP4365291,EP4365291NWA2_table_21_T22_in_vitro_tables.csv
AD-62237,GUAUAUGUGUUGCUGAUACdTdT,GUAUCAGCAACACAUAUACdTdT,,,,,Hep3B,,74.1,,,,C5,EP4365291,EP4365291NWA2_table_21_T22_in_vitro_tables.csv
AD-62243,UGCUGAUACUGUCAAGGCAdTdT,UGCCUUGACAGUAUCAGCAdTdT,,,,,Hep3B,,80.2,,,,C5,EP4365291,EP4365291NWA2_table_21_T22_in_vitro_tables.csv
AD-62249,CUGUCAAGGCAAAGGUGUUdTdT,AACACCUUUGCCUUGACAGdTdT,,,,,Hep3B,,86.2,,,,C5,EP4365291,EP4365291NWA2_table_21_T22_in_vitro_tables.csv
AD-62208,AGGUGUUCAAAGAUGUCUUdTdT,AAGACAUCUUUGAACACCUdTdT,,,,,Hep3B,,86.3,,,,C5,EP4365291,EP4365291NWA2_table_21_T22_in_vitro_tables.csv
AD-62214,CAAAGAUGUCUUCCUGGAAdTdT,UUCCAGGAAGACAUCUUUGdTdT,,,,,Hep3B,,83.4,,,,C5,EP4365291,EP4365291NWA2_table_21_T22_in_vitro_tables.csv
AD-62220,CUUCCUGGAAAUGAAUAUAdTdT,UAUAUUCAUUUCCAGGAAGdTdT,,,,,Hep3B,,74.8,,,,C5,EP4365291,EP4365291NWA2_table_21_T22_in_vitro_tables.csv
AD-62226,GAAUAUACCAUAUUCUGUUdTdT,AACAGAAUAUGGUAUAUUCdTdT,,,,,Hep3B,,73.0,,,,C5,EP4365291,EP4365291NWA2_table_21_T22_in_vitro_tables.csv
AD-62232,AUAUUCUGUUGUACGAGGAdTdT,UCCUCGUACAACAGAAUAUdTdT,,,,,Hep3B,,63.5,,,,C5,EP4365291,EP4365291NWA2_table_21_T22_in_vitro_tables.csv
AD-62238,CGAGGAGAACAGAUCCAAUdTdT,AUUGGAUCUGUUCUCCUCGdTdT,,,,,Hep3B,,48.5,,,,C5,EP4365291,EP4365291NWA2_table_21_T22_in_vitro_tables.csv
AD-62244,GAACAGAUCCAAUUGAAAGdTdT,CUUUCAAUUGGAUCUGUUCdTdT,,,,,Hep3B,,68.5,,,,C5,EP4365291,EP4365291NWA2_table_21_T22_in_vitro_tables.csv
AD-61874,GAAAGGAACUGUUUACAACdTdT,GUUGUAAACAGUUCCUUUCdTdT,,,,,Hep3B,,72.9,,,,C5,EP4365291,EP4365291NWA2_table_21_T22_in_vitro_tables.csv
AD-61880,ACUGUUUACAACUAUAGGAdTdT,UCCUAUAGUUGUAAACAGUdTdT,,,,,Hep3B,,69.2,,,,C5,EP4365291,EP4365291NWA2_table_21_T22_in_vitro_tables.csv
AD-61886,AACUAUAGGACUUCUGGGAdTdT,UCCCAGAAGUCCUAUAGUUdTdT,,,,,Hep3B,,69.6,,,,C5,EP4365291,EP4365291NWA2_table_21_T22_in_vitro_tables.csv
AD-61892,UGGGAUGCAGUUCUGUGUUdTdT,AACACAGAACUGCAUCCCAdTdT,,,,,Hep3B,,51.1,,,,C5,EP4365291,EP4365291NWA2_table_21_T22_in_vitro_tables.csv
AD-61898,GUUCUGUGUUAAAAUGUCUdTdT,AGACAUUUUAACACAGAACdTdT,,,,,Hep3B,,75.3,,,,C5,EP4365291,EP4365291NWA2_table_21_T22_in_vitro_tables.csv
AD-61904,UUAAAAUGUCUGCUGUGGAdTdT,UCCACAGCAGACAUUUUAAdTdT,,,,,Hep3B,,-25.9,,,,C5,EP4365291,EP4365291NWA2_table_21_T22_in_vitro_tables.csv
AD-61910,CUGUGGAGGGAAUCUGCACdTdT,GUGCAGAUUCCC:UCCACAGdTdT,,,,,Hep3B,,54.3,,,,C5,EP4365291,EP4365291NWA2_table_21_T22_in_vitro_tables.csv
AD-61916,GGAAUCUGCACUUCGGAAAdTdT,UUUCCGAAGUGCAGAUUCCdTdT,,,,,Hep3B,,74.3,,,,C5,EP4365291,EP4365291NWA2_table_21_T22_in_vitro_tables.csv
AD-61875,CGGAAAGCCCAGUCAUUGAdTdT,UCAAUGACUGGGCUUUCCGdTdT,,,,,Hep3B,,66.6,,,,C5,EP4365291,EP4365291NWA2_table_21_T22_in_vitro_tables.csv
AD-61881,CCAGUCAUUGAUCAUCAGGdTdT,CCUGAUGAUCAAUGACUGGdTdT,,,,,Hep3B,,36.0,,,,C5,EP4365291,EP4365291NWA2_table_21_T22_in_vitro_tables.csv
AD-61887,CAUCAGGGCACAAAGUCCUdTdT,AGGACUUUGUGCCCUGAUGdTdT,,,,,Hep3B,,63.3,,,,C5,EP4365291,EP4365291NWA2_table_21_T22_in_vitro_tables.csv
AD-61893,GGCACAAAGUCCUCCAAAUdTdT,AUUUGGAGGACUUUGUGCCdTdT,,,,,Hep3B,,77.1,,,,C5,EP4365291,EP4365291NWA2_table_21_T22_in_vitro_tables.csv
AD-61899,CAAAUGUGUGCGCCAGAAAdTdT,UUUCUGGCGCACACAUUUGdTdT,,,,,Hep3B,,15.5,,,,C5,EP4365291,EP4365291NWA2_table_21_T22_in_vitro_tables.csv
AD-61905,GCGCCAGAAAGUAGAGGGCdTdT,GCCCUCUACUUUCUGGCGCdTdT,,,,,Hep3B,,67.9,,,,C5,EP4365291,EP4365291NWA2_table_21_T22_in_vitro_tables.csv
AD-61911,AGUAGAGGGCUCCUCCAGUdTdT,ACUGGAGGAGCCCUCUACUdTdT,,,,,Hep3B,,76.3,,,,C5,EP4365291,EP4365291NWA2_table_21_T22_in_vitro_tables.csv
AD-61917,CCUCCAGUCACUUGGUGACdTdT,GUCACCAAGUGACUGGAGGdTdT,,,,,Hep3B,,77.9,,,,C5,EP4365291,EP4365291NWA2_table_21_T22_in_vitro_tables.csv
AD-61876,UCACUUGGUGACAUUCACUdTdT,AGUGAAUGUCACCAAGUGAdTdT,,,,,Hep3B,,52.7,,,,C5,EP4365291,EP4365291NWA2_table_21_T22_in_vitro_tables.csv
AD-61882,CAUUCACUGUGCUUCCUCUdTdT,AGAGGAAGCACAGUGAAUGdTdT,,,,,Hep3B,,73.5,,,,C5,EP4365291,EP4365291NWA2_table_21_T22_in_vitro_tables.csv
AD-61888,GGAAAUUGGCCUUCACAACdTdT,GUUGUGAAGGCCAAUUUCCdTdT,,,,,Hep3B,,72.3,,,,C5,EP4365291,EP4365291NWA2_table_21_T22_in_vitro_tables.csv
AD-61894,CUUCACAACAUCAAUUUUUdTdT,AAAAAUUGAUGUUGUGAAGdTdT,,,,,Hep3B,,35.2,,,,C5,EP4365291,EP4365291NWA2_table_21_T22_in_vitro_tables.csv
AD-61900,AAUUUUUCACUGGAGACUUdTdT,AAGUCUCCAGUGAAAAAUUdTdT,,,,,Hep3B,,10.2,,,,C5,EP4365291,EP4365291NWA2_table_21_T22_in_vitro_tables.csv
AD-61906,CUGGAGACUUGGUUUGGAAdTdT,UUCCAAACCAAGUCUCCAGdTdT,,,,,Hep3B,,77.6,,,,C5,EP4365291,EP4365291NWA2_table_21_T22_in_vitro_tables.csv
AD-61912,GGUUUGGAAAAGAAAUCUUdTdT,AAGAUUUCUUUUCCAAACCdTdT,,,,,Hep3B,,80.2,,,,C5,EP4365291,EP4365291NWA2_table_21_T22_in_vitro_tables.csv
AD-61918,AAUCUUAGUAAAAACAUUAdTdT,UAUAAUUACUUGAUUUUAUdTdT,,,,,Hep3B,,62.9,,,,C5,EP4365291,EP4365291NWA2_table_21_T22_in_vitro_tables.csv
AD-61877,AAAAACAUUACGAGUGGUGdTdT,CACCACUCGUAAUGUUUUUdTdT,,,,,Hep3B,,-45.0,,,,C5,EP4365291,EP4365291NWA2_table_21_T22_in_vitro_tables.csv
AD-61883,GAGUGGUGCCAGAAGGUGUdTdT,ACACCUUCUGGCACCACUCdTdT,,,,,Hep3B,,68.5,,,,C5,EP4365291,EP4365291NWA2_table_21_T22_in_vitro_tables.csv
AD-61889,AGAAGGUGUCAAAAGGGAAdTdT,UUCCCUUUUGACACCUUCUdTdT,,,,,Hep3B,,66.1,,,,C5,EP4365291,EP4365291NWA2_table_21_T22_in_vitro_tables.csv
AD-61895,UGUCAAAAGGGAAAGCUAUdTdT,AUAGCUUUCCCUUUUGACAdTdT,,,,,Hep3B,,62.5,,,,C5,EP4365291,EP4365291NWA2_table_21_T22_in_vitro_tables.csv
AD-61901,GCUAUUCUGGUGUUACUUUdTdT,AAAGUAACACCAGAAUAGCdTdT,,,,,Hep3B,,73.9,,,,C5,EP4365291,EP4365291NWA2_table_21_T22_in_vitro_tables.csv
AD-61907,GUGUUACUUUGGAUCCUAGdTdT,CUAGGAUCCAAAGUAACACdTdT,,,,,Hep3B,,67.0,,,,C5,EP4365291,EP4365291NWA2_table_21_T22_in_vitro_tables.csv
AD-61913,GGAUCCUAGGGGUAUUUAUdTdT,AUAAAUACCCCUAGGAUCCdTdT,,,,,Hep3B,,66.9,,,,C5,EP4365291,EP4365291NWA2_table_21_T22_in_vitro_tables.csv
AD-61919,GGUAUUUAUGGUACCAUUAdTdT,UAAUGGUACCAUAAAUACCdTdT,,,,,Hep3B,,63.4,,,,C5,EP4365291,EP4365291NWA2_table_21_T22_in_vitro_tables.csv
AD-61878,GUACCAUUAGCAGACGAAAdTdT,UUUCGUCUGCUAAUGGUACdTdT,,,,,Hep3B,,73.1,,,,C5,EP4365291,EP4365291NWA2_table_21_T22_in_vitro_tables.csv
AD-61884,CAGACGAAAGGAGUUCCCAdTdT,UGGGAACUCCUUUCGUCUGdTdT,,,,,Hep3B,,66.1,,,,C5,EP4365291,EP4365291NWA2_table_21_T22_in_vitro_tables.csv
AD-61890,AGGAGUUCCCAUACAGGAUdTdT,AUCCUGUAUGGGAACUCCUdTdT,,,,,Hep3B,,62.8,,,,C5,EP4365291,EP4365291NWA2_table_21_T22_in_vitro_tables.csv
AD-61896,CAUACAGGAUACCCUUAGAdTdT,UCUAAGGGUAUCCUGUAUGdTdT,,,,,Hep3B,,58.3,,,,C5,EP4365291,EP4365291NWA2_table_21_T22_in_vitro_tables.csv
AD-61902,CUUAGAUUUGGUCCCCAAAdTdT,UUUGGGGACCAAAUCUAAGdTdT,,,,,Hep3B,,41.4,,,,C5,EP4365291,EP4365291NWA2_table_21_T22_in_vitro_tables.csv
AD-61908,UCCCCAAAACAGAAAUCAAdTdT,UUGAUUUCUGUUUUGGGGAdTdT,,,,,Hep3B,,72.0,,,,C5,EP4365291,EP4365291NWA2_table_21_T22_in_vitro_tables.csv
AD-61914,ACAGAAAUCAAAAGGAUUUdTdT,AAAUCCUUUUGAUUUCUGUdTdT,,,,,Hep3B,,68.6,,,,C5,EP4365291,EP4365291NWA2_table_21_T22_in_vitro_tables.csv
AD-61920,AAAGGAUUUUGAGUGUAAAdTdT,UUUACACUCAAAAUCCUUUdTdT,,,,,Hep3B,,72.9,,,,C5,EP4365291,EP4365291NWA2_table_21_T22_in_vitro_tables.csv
AD-61879,AGUGUAAAAGGACUGCUUGdTdT,CAAGCAGUCCUUUUACACUdTdT,,,,,Hep3B,,66.9,,,,C5,EP4365291,EP4365291NWA2_table_21_T22_in_vitro_tables.csv
AD-61885,AAGGACUGCUUGUAGGUGAdTdT,UCACCUACAAGCAGUCCUUdTdT,,,,,Hep3B,,66.3,,,,C5,EP4365291,EP4365291NWA2_table_21_T22_in_vitro_tables.csv
AD-61891,GUAGGUGAGAUCUUGUCUGdTdT,CAGACAAGAUCUCACCUACdTdT,,,,,Hep3B,,58.7,,,,C5,EP4365291,EP4365291NWA2_table_21_T22_in_vitro_tables.csv
AD-61897,AUCUUGUCUGCAGUUCUAAdTdT,UUAGAACUGCAGACAAGAUdTdT,,,,,Hep3B,,60.6,,,,C5,EP4365291,EP4365291NWA2_table_21_T22_in_vitro_tables.csv
AD-61903,GUUCUAAGUCAGGAAGGCAdTdT,UGCCUUCCUGACUUAGAACdTdT,,,,,Hep3B,,48.5,,,,C5,EP4365291,EP4365291NWA2_table_21_T22_in_vitro_tables.csv
AD-61909,GAAGGCAUCAAUAUCCUAAdTdT,UUAGGAUAUUGAUGCCUUCdTdT,,,,,Hep3B,,51.4,,,,C5,EP4365291,EP4365291NWA2_table_21_T22_in_vitro_tables.csv
AD-61915,UCAAUAUCCUAACCCACCUdTdT,AGGUGGGUUAGGAUAUUGAdTdT,,,,,Hep3B,,-22.4,,,,C5,EP4365291,EP4365291NWA2_table_21_T22_in_vitro_tables.csv
AD-61921,CCACCUCCCCAAAGGGAGUdTdT,ACUCCCUUUGGGGAGGUGGdTdT,,,,,Hep3B,,33.6,,,,C5,EP4365291,EP4365291NWA2_table_21_T22_in_vitro_tables.csv
AD-61927,CCCCAAAGGGAGUGCAGAGdTdT,CUCUGCACUCCCUUUGGGGdTdT,,,,,Hep3B,,59.5,,,,C5,EP4365291,EP4365291NWA2_table_21_T22_in_vitro_tables.csv
AD-61933,GUGCAGAGGCGGAGCUGAUdTdT,AUCAGCUCCGCCUCUGCACdTdT,,,,,Hep3B,,72.3,,,,C5,EP4365291,EP4365291NWA2_table_21_T22_in_vitro_tables.csv
AD-61939,GGAGCUGAUGAGCGUUGUCdTdT,GACAACGCUCAUCAGCUCCdTdT,,,,,Hep3B,,71.9,,,,C5,EP4365291,EP4365291NWA2_table_21_T22_in_vitro_tables.csv
AD-61945,CGUUGUCCCAGUAUUCUAUdTdT,AUAGAAUACUGGGACAACGdTdT,,,,,Hep3B,,70.0,,,,C5,EP4365291,EP4365291NWA2_table_21_T22_in_vitro_tables.csv
AD-61951,CCAGUAUUCUAUGUUUUUCdTdT,GAAAAACAUAGAAUACUGGdTdT,,,,,Hep3B,,66.3,,,,C5,EP4365291,EP4365291NWA2_table_21_T22_in_vitro_tables.csv
AD-61957,GUUUUUCACUACCUGGAAAdTdT,UUUCCAGGUAGUGAAAAACdTdT,,,,,Hep3B,,67.4,,,,C5,EP4365291,EP4365291NWA2_table_21_T22_in_vitro_tables.csv
AD-61963,CCUGGAAACAGGAAAUCAUdTdT,AUGAUUUCCUGUUUCCAGGdTdT,,,,,Hep3B,,83.0,,,,C5,EP4365291,EP4365291NWA2_table_21_T22_in_vitro_tables.csv
AD-61922,GGAACAUUUUUCAUUCUGAdTdT,UCAGAAUGAAAAAUGUUCCdTdT,,,,,Hep3B,,67.1,,,,C5,EP4365291,EP4365291NWA2_table_21_T22_in_vitro_tables.csv
AD-61928,CAUUCUGACCCAUUAAUUGdTdT,CAAUUAAUGGGUCAGAAUGdTdT,,,,,Hep3B,,71.7,,,,C5,EP4365291,EP4365291NWA2_table_21_T22_in_vitro_tables.csv
AD-61934,CCAUUAAUUGAAAAGCAGAdTdT,UCUGCUUUUCAAUUAAUGGdTdT,,,,,Hep3B,,76.0,,,,C5,EP4365291,EP4365291NWA2_table_21_T22_in_vitro_tables.csv
AD-61940,AAAGCAGAAACUGAAGAAAdTdT,UUUCUUCAGUUUCUGCUUUdTdT,,,,,Hep3B,,71.8,,,,C5,EP4365291,EP4365291NWA2_table_21_T22_in_vitro_tables.csv
AD-61946,AACUGAAGAAAAAAUUAAAdTdT,UUUAAUUUUUUCUUCAGUUdTdT,,,,,Hep3B,,66.8,,,,C5,EP4365291,EP4365291NWA2_table_21_T22_in_vitro_tables.csv
AD-61952,AAAAAAUUAAAAGAAGGGAdTdT,UCCCUUCUUUUAAUUUUUUdTdT,,,,,Hep3B,,-67.9,,,,C5,EP4365291,EP4365291NWA2_table_21_T22_in_vitro_tables.csv
AD-61958,AGGGAUGUUGAGCAUUAUGdTdT,CAUAAUGCUCAACAUCCCUdTdT,,,,,Hep3B,,63.0,,,,C5,EP4365291,EP4365291NWA2_table_21_T22_in_vitro_tables.csv
AD-61964,GAGCAUUAUGUCCUACAGAdTdT,UCUGUAGGACAUAAUGCUCdTdT,,,,,Hep3B,,69.4,,,,C5,EP4365291,EP4365291NWA2_table_21_T22_in_vitro_tables.csv
AD-61923,UGUCCUACAGAAAUGCUGAdTdT,UCAGCAUUUCUGUAGGACAdTdT,,,,,Hep3B,,48.8,,,,C5,EP4365291,EP4365291NWA2_table_21_T22_in_vitro_tables.csv
AD-61929,AAUGCUGACUACUCUUACAdTdT,UGUAAGAGUAGUCAGCAUUdTdT,,,,,Hep3B,,70.6,,,,C5,EP4365291,EP4365291NWA2_table_21_T22_in_vitro_tables.csv
AD-61935,UACUCUUACAGUGUGUGGAdTdT,UCCACACACUGUAAGAGUAdTdT,,,,,Hep3B,,39.0,,,,C5,EP4365291,EP4365291NWA2_table_21_T22_in_vitro_tables.csv
AD-61941,AGUGUGUGGAAGGGUGGAAdTdT,UUCCACCCUUCCACACACUdTdT,,,,,Hep3B,,70.5,,,,C5,EP4365291,EP4365291NWA2_table_21_T22_in_vitro_tables.csv
AD-61947,GGGUGGAAGUGCUAGCACUdTdT,AGUGCUAGCACUUCCACCCdTdT,,,,,Hep3B,,71.1,,,,C5,EP4365291,EP4365291NWA2_table_21_T22_in_vitro_tables.csv
AD-61953,GCUAGCACUUGGUUAACAGdTdT,CUGUUAACCAAGUGCUAGCdTdT,,,,,Hep3B,,76.3,,,,C5,EP4365291,EP4365291NWA2_table_21_T22_in_vitro_tables.csv
AD-61959,GGUUAACAGCUUUUGCUUUdTdT,AAAGCAAAAGCUGUUAACCdTdT,,,,,Hep3B,,81.1,,,,C5,EP4365291,EP4365291NWA2_table_21_T22_in_vitro_tables.csv
AD-61965,UGCUUUAAGAGUACUUGGAdTdT,UCCAAGUACUCUUAAAGCAdTdT,,,,,Hep3B,,83.0,,,,C5,EP4365291,EP4365291NWA2_table_21_T22_in_vitro_tables.csv
AD-61924,GUACUUGGACAAGUAAAUAdTdT,UAUUUACUUGUCCAAGUACdTdT,,,,,Hep3B,,75.9,,,,C5,EP4365291,EP4365291NWA2_table_21_T22_in_vitro_tables.csv
AD-61930,CAAGUAAAUAAAUACGUAGdTdT,CUACGUAUUUAUUUACUUGdTdT,,,,,Hep3B,,68.1,,,,C5,EP4365291,EP4365291NWA2_table_21_T22_in_vitro_tables.csv
AD-61936,AUAAAUACGUAGAGCAGAAdTdT,UUCUGCUCUACGUAUUUAUdTdT,,,,,Hep3B,,63.1,,,,C5,EP4365291,EP4365291NWA2_table_21_T22_in_vitro_tables.csv
AD-61942,GAGCAGAACCAAAAUUCAAdTdT,UUGAAUUUUGGUUCUGCUCdTdT,,,,,Hep3B,,86.2,,,,C5,EP4365291,EP4365291NWA2_table_21_T22_in_vitro_tables.csv
AD-61948,AAUUCAAUUUGUAAUUCUUdTdT,AAGAAUUACAAAUUGAAUUdTdT,,,,,Hep3B,,59.8,,,,C5,EP4365291,EP4365291NWA2_table_21_T22_in_vitro_tables.csv
AD-61954,GUAAUUCUUUAUUGUGGCUdTdT,AGCCACAAUAAAGAAUUACdTdT,,,,,Hep3B,,58.2,,,,C5,EP4365291,EP4365291NWA2_table_21_T22_in_vitro_tables.csv
AD-61960,AUUGUGGCUAGUUGAGAAUdTdT,AUUCUCAACUAGCCACAAUdTdT,,,,,Hep3B,,75.9,,,,C5,EP4365291,EP4365291NWA2_table_21_T22_in_vitro_tables.csv
AD-61966,CUAGUUGAGAAUUAUCAAUdTdT,AUUGAUAAUUCUCAACUAGdTdT,,,,,Hep3B,,81.1,,,,C5,EP4365291,EP4365291NWA2_table_21_T22_in_vitro_tables.csv
AD-61925,UUAUCAAUUAGAUAAUGGAdTdT,UCCAUUAUCUAAUUGAUAAdTdT,,,,,Hep3B,,47.6,,,,C5,EP4365291,EP4365291NWA2_table_21_T22_in_vitro_tables.csv
AD-61931,AAUGGAUCUUUCAAGGAAAdTdT,UUUCCUUGAAAGAUCCAUUdTdT,,,,,Hep3B,,74.2,,,,C5,EP4365291,EP4365291NWA2_table_21_T22_in_vitro_tables.csv
AD-61937,CUUUCAAGGAAAAUUCACAdTdT,UGUGAAUUUUCCUUGAAAGdTdT,,,,,Hep3B,,80.9,,,,C5,EP4365291,EP4365291NWA2_table_21_T22_in_vitro_tables.csv
AD-61943,AAUUCACAGUAUCAACCAAdTdT,UUGGUUGAUACUGUGAAUUdTdT,,,,,Hep3B,,72.2,,,,C5,EP4365291,EP4365291NWA2_table_21_T22_in_vitro_tables.csv
AD-61949,GUAUCAACCAAUAAAAUUAdTdT,UAAUUUUAUUGGUUGAUACdTdT,,,,,Hep3B,,73.5,,,,C5,EP4365291,EP4365291NWA2_table_21_T22_in_vitro_tables.csv
AD-61955,AAAAUUACAGGGUACCUUGdTdT,CAAGGUACCCUGUAAUUUUdTdT,,,,,Hep3B,,16.2,,,,C5,EP4365291,EP4365291NWA2_table_21_T22_in_vitro_tables.csv
AD-61961,AGGGUACCUUGCCUGUUGAdTdT,UCAACAGGCAAGGUACCCUdTdT,,,,,Hep3B,,74.0,,,,C5,EP4365291,EP4365291NWA2_table_21_T22_in_vitro_tables.csv
AD-61967,GUUGAAGCCCGAGAGAACAdTdT,UGUUCUCUCGGGCUUCAACdTdT,,,,,Hep3B,,83.7,,,,C5,EP4365291,EP4365291NWA2_table_21_T22_in_vitro_tables.csv
AD-61926,CCGAGAGAACAGCUUAUAUdTdT,AUAUAAGCUGUUCUCUCGGdTdT,,,,,Hep3B,,82.2,,,,C5,EP4365291,EP4365291NWA2_table_21_T22_in_vitro_tables.csv
AD-61932,GCUUAUAUCUUACAGCCUUdTdT,AAGGCUGUAAGAUAUAAGCdTdT,,,,,Hep3B,,81.4,,,,C5,EP4365291,EP4365291NWA2_table_21_T22_in_vitro_tables.csv
AD-61938,CUUACAGCCUUUACUGUGAdTdT,UCACAGUAAAGGCUGUAAGdTdT,,,,,Hep3B,,68.1,,,,C5,EP4365291,EP4365291NWA2_table_21_T22_in_vitro_tables.csv
AD-61944,GAAUUAGAAAGGCUUUCGAdTdT,UCGAAAGCCUUUCUAAUUCdTdT,,,,,Hep3B,,70.5,,,,C5,EP4365291,EP4365291NWA2_table_21_T22_in_vitro_tables.csv
AD-61950,GGCUUUCGAUAUAUGCCCCdTdT,GGGGCAUAUAUCGAAAGCCdTdT,,,,,Hep3B,,42.2,,,,C5,EP4365291,EP4365291NWA2_table_21_T22_in_vitro_tables.csv
AD-61956,GAUAUAUGCCCCCUGGUGAdTdT,UCACCAGGGGGCAUAUAUCdTdT,,,,,Hep3B,,57.9,,,,C5,EP4365291,EP4365291NWA2_table_21_T22_in_vitro_tables.csv
AD-61962,GGUGAAAAUCGACACAGCUdTdT,AGCUGUGUCGAUUUUCACCdTdT,,,,,Hep3B,,70.0,,,,C5,EP4365291,EP4365291NWA2_table_21_T22_in_vitro_tables.csv
AD-61968,CGACACAGCUCUAAUUAAAdTdT,UUUAAUUAGAGCUGUGUCGdTdT,,,,,Hep3B,,70.9,,,,C5,EP4365291,EP4365291NWA2_table_21_T22_in_vitro_tables.csv
AD-61974,GCUCUAAUUAAAGCUGACAdTdT,UGUCAGCUUUAAUUAGAGCdTdT,,,,,Hep3B,,49.2,,,,C5,EP4365291,EP4365291NWA2_table_21_T22_in_vitro_tables.csv
AD-61980,CUGACAACUUUCUGCUUGAdTdT,UCAAGCAGAAAGUUGUCAGdTdT,,,,,Hep3B,,80.3,,,,C5,EP4365291,EP4365291NWA2_table_21_T22_in_vitro_tables.csv
AD-61986,CUUUCUGCUUGAAAAUACAdTdT,UGUAUUUUCAAGCAGAAAGdTdT,,,,,Hep3B,,63.6,,,,C5,EP4365291,EP4365291NWA2_table_21_T22_in_vitro_tables.csv
AD-61992,AAAAUACACUGCCAGCCCAdTdT,UGGGCUGGCAGUGUAUUUUdTdT,,,,,Hep3B,,63.7,,,,C5,EP4365291,EP4365291NWA2_table_21_T22_in_vitro_tables.csv
AD-61998,AGCCCAGAGCACCUUUACAdTdT,UGUAAAGGUGCUCUGGGCUdTdT,,,,,Hep3B,,81.7,,,,C5,EP4365291,EP4365291NWA2_table_21_T22_in_vitro_tables.csv
AD-62004,GCACCUUUACAUUGGCCAUdTdT,AUGGCCAAUGUAAAGGUGCdTdT,,,,,Hep3B,,86.0,,,,C5,EP4365291,EP4365291NWA2_table_21_T22_in_vitro_tables.csv
AD-62010,ACAUUGGCCALTUUCUGCGUdTdT,ACGCAGAAAUGGCCAAUGUdTdT,,,,,Hep3B,,43.2,,,,C5,EP4365291,EP4365291NWA2_table_21_T22_in_vitro_tables.csv
AD-61969,CUGCGUAUGCUCUUUCCCUdTdT,AGGGAAAGAGCAUACGCAGdTdT,,,,,Hep3B,,70.0,,,,C5,EP4365291,EP4365291NWA2_table_21_T22_in_vitro_tables.csv
AD-61975,CUUUCCCUGGGAGAUAAAAdTdT,UUUUAUCUCCCAGGGAAAGdTdT,,,,,Hep3B,,48.9,,,,C5,EP4365291,EP4365291NWA2_table_21_T22_in_vitro_tables.csv
AD-61981,GAGAUAAAACUCACCCACAdTdT,UGUGGGUGAGUUUUAUCUCdTdT,,,,,Hep3B,,62.4,,,,C5,EP4365291,EP4365291NWA2_table_21_T22_in_vitro_tables.csv
AD-61987,ACUCACCCACAGUUUCGUUdTdT,AACGAAACUGUGGGUGAGUdTdT,,,,,Hep3B,,67.5,,,,C5,EP4365291,EP4365291NWA2_table_21_T22_in_vitro_tables.csv
AD-61993,CAGUUUCGUUCAAUUGUUUdTdT,AAACAAUUGAACGAAACUGdTdT,,,,,Hep3B,,76.6,,,,C5,EP4365291,EP4365291NWA2_table_21_T22_in_vitro_tables.csv
AD-61999,CAAUUGUUUCAGCUUUGAAdTdT,UUCAAAGCUGAAACAAUUGdTdT,,,,,Hep3B,,56.2,,,,C5,EP4365291,EP4365291NWA2_table_21_T22_in_vitro_tables.csv
AD-62005,CUUUGAAGAGAGAAGCUUUdTdT,AAAGCUUCUCUCUUCAAAGdTdT,,,,,Hep3B,,76.2,,,,C5,EP4365291,EP4365291NWA2_table_21_T22_in_vitro_tables.csv
AD-62011,GAGAGAAGCUUUGGUUAAAdTdT,UUUAACCAAAGCUUCUCUCdTdT,,,,,Hep3B,,67.3,,,,C5,EP4365291,EP4365291NWA2_table_21_T22_in_vitro_tables.csv
AD-61970,GUUAAAGGUAAUCCACCCAdTdT,UGGGUGGAUUACCUUUAACdTdT,,,,,Hep3B,,60.4,,,,C5,EP4365291,EP4365291NWA2_table_21_T22_in_vitro_tables.csv
AD-61976,AAUCCACCCAUUUAUCGUUdTdT,AACGAUAAAUGGGUGGAUUdTdT,,,,,Hep3B,,72.5,,,,C5,EP4365291,EP4365291NWA2_table_21_T22_in_vitro_tables.csv
AD-61982,CAUUUAUCGUUUUUGGAAAdTdT,UUUCCAAAAACGAUAAAUGdTdT,,,,,Hep3B,,35.1,,,,C5,EP4365291,EP4365291NWA2_table_21_T22_in_vitro_tables.csv
AD-61988,UUUGGAAAGACAAUCUUCAdTdT,UGAAGAUUGUCUUUCCAAAdTdT,,,,,Hep3B,,70.5,,,,C5,EP4365291,EP4365291NWA2_table_21_T22_in_vitro_tables.csv
AD-61994,AAUCUUCAGCAUAAAGACAdTdT,UGUCUUUAUGCUGAAGAUUdTdT,,,,,Hep3B,,59.5,,,,C5,EP4365291,EP4365291NWA2_table_21_T22_in_vitro_tables.csv
AD-62006,CUCUGUACCUAACACUGGUdTdT,ACCAGUGUUAGGUACAGAGdTdT,,,,,Hep3B,,57.9,,,,C5,EP4365291,EP4365291NWA2_table_21_T22_in_vitro_tables.csv
AD-62012,ACACUGGUACGGCACGUAUdTdT,AUACGUGCCGUACCAGUGUdTdT,,,,,Hep3B,,79.0,,,,C5,EP4365291,EP4365291NWA2_table_21_T22_in_vitro_tables.csv
AD-61971,GGCACGUAUGGUAGAAACAdTdT,UGUUUCUACCAUACGUGCCdTdT,,,,,Hep3B,,72.9,,,,C5,EP4365291,EP4365291NWA2_table_21_T22_in_vitro_tables.csv
AD-61977,GGUAGAAACAACUGCCUAUdTdT,AUAGGCAGUUGUUUCUACCdTdT,,,,,Hep3B,,76.6,,,,C5,EP4365291,EP4365291NWA2_table_21_T22_in_vitro_tables.csv
AD-61983,CAACUGCCUAUGCUUUACUdTdT,AGUAAAGCAUAGGCAGUUGdTdT,,,,,Hep3B,,42.5,,,,C5,EP4365291,EP4365291NWA2_table_21_T22_in_vitro_tables.csv
AD-61989,CUUUACUCACCAGUCUGAAdTdT,UUCAGACUGGUGAGUAAAGdTdT,,,,,Hep3B,,74.2,,,,C5,EP4365291,EP4365291NWA2_table_21_T22_in_vitro_tables.csv
AD-61995,GUCUGAACUUGAAAGAUAUdTdT,AUAUCUUUCAAGUUCAGACdTdT,,,,,Hep3B,,81.8,,,,C5,EP4365291,EP4365291NWA2_table_21_T22_in_vitro_tables.csv
AD-62001,UAUAAUUACUUGAUUUUAUdTdT,UAAUUUAUAUCUUUCAAGUdTdT,,,,,Hep3B,,70.3,,,,C5,EP4365291,EP4365291NWA2_table_21_T22_in_vitro_tables.csv
AD-62007,UAUAAAUUAUGUUAACCCAdTdT,UGGGUUAACAUAAUUUAUAdTdT,,,,,Hep3B,,-6.4,,,,C5,EP4365291,EP4365291NWA2_table_21_T22_in_vitro_tables.csv
AD-62013,GUUAACCCAGUCAUCAAAUdTdT,AUUUGAUGACUGGGUUAACdTdT,,,,,Hep3B,,63.9,,,,C5,EP4365291,EP4365291NWA2_table_21_T22_in_vitro_tables.csv
AD-61972,UCAUCAAAUGGCUAUCAGAdTdT,UCUGAUAGCCAUUUGAUGAdTdT,,,,,Hep3B,,59.5,,,,C5,EP4365291,EP4365291NWA2_table_21_T22_in_vitro_tables.csv
AD-61978,UAUCAGAAGAGCAGAGGUAdTdT,UACCUCUGCUCUUCUGAUAdTdT,,,,,Hep3B,,50.9,,,,C5,EP4365291,EP4365291NWA2_table_21_T22_in_vitro_tables.csv
AD-61984,AGAGGUAUGGAGGUGGCUUdTdT,AAGCCACCUCCAUACCUCUdTdT,,,,,Hep3B,,75.7,,,,C5,EP4365291,EP4365291NWA2_table_21_T22_in_vitro_tables.csv
AD-61990,GAGGUGGCUUUUAUUCAACdTdT,GUUGAAUAAAAGCCACCUCdTdT,,,,,Hep3B,,61.2,,,,C5,EP4365291,EP4365291NWA2_table_21_T22_in_vitro_tables.csv
AD-61996,UAUUCAACCCAGGACACAAdTdT,UUGUGUCCUGGGUUGAAUAdTdT,,,,,Hep3B,,59.5,,,,C5,EP4365291,EP4365291NWA2_table_21_T22_in_vitro_tables.csv
AD-62002,AGGACACAAUCAAUGCCAUdTdT,AUGGCAUUGAUUGUGUCCUdTdT,,,,,Hep3B,,67.5,,,,C5,EP4365291,EP4365291NWA2_table_21_T22_in_vitro_tables.csv
AD-62008,CAAUCAAUGCCAUUGAGGGdTdT,CCCUCAAUGGCAUUGAUUGdTdT,,,,,Hep3B,,64.7,,,,C5,EP4365291,EP4365291NWA2_table_21_T22_in_vitro_tables.csv
AD-62014,CAUUGAGGGCCUGACGGAAdTdT,UUCCGUCAGGCCCUCAAUGdTdT,,,,,Hep3B,,76.4,,,,C5,EP4365291,EP4365291NWA2_table_21_T22_in_vitro_tables.csv
AD-61973,ACGGAAUAUUCACUCCUGGdTdT,CCAGGAGUGAAUAUUCCGUdTdT,,,,,Hep3B,,60.7,,,,C5,EP4365291,EP4365291NWA2_table_21_T22_in_vitro_tables.csv
AD-61979,UUCACUCCUGGUUAAACAAdTdT,UUGUUUAACCAGGAGUGAAdTdT,,,,,Hep3B,,72.6,,,,C5,EP4365291,EP4365291NWA2_table_21_T22_in_vitro_tables.csv
AD-61985,GGUUAAACAACUCCGCUUGdTdT,CAAGCGGAGUUGUUUAACCdTdT,,,,,Hep3B,,68.7,,,,C5,EP4365291,EP4365291NWA2_table_21_T22_in_vitro_tables.csv
AD-61991,CCGCUUGAGUAUGGACAUCdTdT,GAUGUCCAUACUCAAGCGGdTdT,,,,,Hep3B,,65.1,,,,C5,EP4365291,EP4365291NWA2_table_21_T22_in_vitro_tables.csv
AD-61997,GGACAUCGAUGUUUCUUACdTdT,GUAAGAAACAUCGAUGUCCdTdT,,,,,Hep3B,,70.8,,,,C5,EP4365291,EP4365291NWA2_table_21_T22_in_vitro_tables.csv
AD-62003,CGAUGUUUCUUACAAGCAUdTdT,AUGCUUGUAAGAAACAUCGdTdT,,,,,Hep3B,,74.1,,,,C5,EP4365291,EP4365291NWA2_table_21_T22_in_vitro_tables.csv
AD-62009,CAAGCAUAAAGGUGCCUUAdTdT,UAAGGCACCUUUAUGCUUGdTdT,,,,,Hep3B,,78.9,,,,C5,EP4365291,EP4365291NWA2_table_21_T22_in_vitro_tables.csv
AD-62056,GUGCCUUACAUAAUUAUAAdTdT,UUAUAAUUAUGUAAGGCACdTdT,,,,,Hep3B,,83.7,,,,C5,EP4365291,EP4365291NWA2_table_21_T22_in_vitro_tables.csv
AD-62015,ACAUAAUUAUAAAAUGACAdTdT,UGUCAUUUUAUAAUUAUGUdTdT,,,,,Hep3B,,-39.3,,,,C5,EP4365291,EP4365291NWA2_table_21_T22_in_vitro_tables.csv
AD-62021,AAAAUGACAGACAAGAAUUdTdT,AAUUCUUGUCUGUCAUUUUdTdT,,,,,Hep3B,,63.6,,,,C5,EP4365291,EP4365291NWA2_table_21_T22_in_vitro_tables.csv
AD-62027,CAAGAAUUUCCUUGGGAGGdTdT,CCUCCCAAGGAAAUUCUUGdTdT,,,,,Hep3B,,57.6,,,,C5,EP4365291,EP4365291NWA2_table_21_T22_in_vitro_tables.csv
AD-62033,CCUUGGGAGGCCAGUAGAGdTdT,CUCUACUGGCCUCCCAAGGdTdT,,,,,Hep3B,,38.0,,,,C5,EP4365291,EP4365291NWA2_table_21_T22_in_vitro_tables.csv
AD-62039,AGUAGAGGUGCUUCUCAAUdTdT,AUUGAGAAGCACCUCUACUdTdT,,,,,Hep3B,,64.8,,,,C5,EP4365291,EP4365291NWA2_table_21_T22_in_vitro_tables.csv
AD-62045,CUUCUCAAUGAUGACCUCAdTdT,UGAGGUCAUCAUUGAGAAGdTdT,,,,,Hep3B,,69.2,,,,C5,EP4365291,EP4365291NWA2_table_21_T22_in_vitro_tables.csv
AD-62051,UGACCUCAUUGUCAGUACAdTdT,UGUACUGACAAUGAGGUCAdTdT,,,,,Hep3B,,77.1,,,,C5,EP4365291,EP4365291NWA2_table_21_T22_in_vitro_tables.csv
AD-62057,GUCAGUACAGGAUUUGGCAdTdT,UGCCAAAUCCUGUACUGACdTdT,,,,,Hep3B,,68.2,,,,C5,EP4365291,EP4365291NWA2_table_21_T22_in_vitro_tables.csv
AD-62016,AGGAUUUGGCAGUGGCUUGdTdT,CAAGCCACUGCCAAAUCCUdTdT,,,,,Hep3B,,70.8,,,,C5,EP4365291,EP4365291NWA2_table_21_T22_in_vitro_tables.csv
AD-62022,UGGCUUGGCUACAGUACAUdTdT,AUGUACUGUAGCCAAGCCAdTdT,,,,,Hep3B,,63.1,,,,C5,EP4365291,EP4365291NWA2_table_21_T22_in_vitro_tables.csv
AD-62028,GCUACAGUACAUGUAACAAdTdT,UUGUUACAUGUACUGUAGCdTdT,,,,,Hep3B,,47.4,,,,C5,EP4365291,EP4365291NWA2_table_21_T22_in_vitro_tables.csv
AD-62034,AACAACUGUAGUUCACAAAdTdT,UUUGUGAACUACAGUUGUUdTdT,,,,,Hep3B,,69.0,,,,C5,EP4365291,EP4365291NWA2_table_21_T22_in_vitro_tables.csv
AD-62040,GUAGUUCACAAAACCAGUAdTdT,UACUGGUUUUGUGAACUACdTdT,,,,,Hep3B,,69.3,,,,C5,EP4365291,EP4365291NWA2_table_21_T22_in_vitro_tables.csv
AD-62046,AAACCAGUACCUCUGAGGAdTdT,UCCUCAGAGGUACUGGUUUdTdT,,,,,Hep3B,,71.8,,,,C5,EP4365291,EP4365291NWA2_table_21_T22_in_vitro_tables.csv
AD-62052,UGAGGAAGUUUGCAGCUUUdTdT,AAAGCUGCAAACUUCCUCAdTdT,,,,,Hep3B,,76.3,,,,C5,EP4365291,EP4365291NWA2_table_21_T22_in_vitro_tables.csv
AD-62058,UGCAGCUUUUAUUUGAAAAdTdT,UUUUCAAAUAAAAGCUGCAdTdT,,,,,Hep3B,,22.1,,,,C5,EP4365291,EP4365291NWA2_table_21_T22_in_vitro_tables.csv
AD-62017,AUUUGAAAAUCGAUACUCAdTdT,UGAGUAUCGAUUUUCAAAUdTdT,,,,,Hep3B,,59.0,,,,C5,EP4365291,EP4365291NWA2_table_21_T22_in_vitro_tables.csv
AD-62023,CGAUACUCAGGAUAUUGAAdTdT,UUCAAUAUCCUGAGUAUCGdTdT,,,,,Hep3B,,73.0,,,,C5,EP4365291,EP4365291NWA2_table_21_T22_in_vitro_tables.csv
AD-62029,GGAUAUUGAAGCAUCCCACdTdT,GUGGGAUGCUUCAAUAUCCdTdT,,,,,Hep3B,,68.2,,,,C5,EP4365291,EP4365291NWA2_table_21_T22_in_vitro_tables.csv
AD-62035,GAAGCAUCCCACUACAGAGdTdT,CUCUGUAGUGGGAUGCUUCdTdT,,,,,Hep3B,,53.6,,,,C5,EP4365291,EP4365291NWA2_table_21_T22_in_vitro_tables.csv
AD-62041,ACUACAGAGGCUACGGAAAdTdT,UUUCCGUAGCCUCUGUAGUdTdT,,,,,Hep3B,,74.7,,,,C5,EP4365291,EP4365291NWA2_table_21_T22_in_vitro_tables.csv
AD-62047,CGGAAACUCUGAUUACAAAdTdT,UUUGUAAUCAGAGUUUCCGdTdT,,,,,Hep3B,,80.0,,,,C5,EP4365291,EP4365291NWA2_table_21_T22_in_vitro_tables.csv
AD-62053,UGAUUACAAACGCAUAGUAdTdT,UACUAUGCGUUUGUAAUCAdTdT,,,,,Hep3B,,62.9,,,,C5,EP4365291,EP4365291NWA2_table_21_T22_in_vitro_tables.csv
AD-62059,GCAUAGUAGCAUGUGCCAGdTdT,CUGGCACAUGCUACUAUGCdTdT,,,,,Hep3B,,69.0,,,,C5,EP4365291,EP4365291NWA2_table_21_T22_in_vitro_tables.csv
AD-62018,GCAUGUGCCAGCUACAAGCdTdT,GCUUGUAGCUGGCACAUGCdTdT,,,,,Hep3B,,62.2,,,,C5,EP4365291,EP4365291NWA2_table_21_T22_in_vitro_tables.csv
AD-62024,CUACAAGCCCAGCAGGGAAdTdT,UUCCCUGCUGGGCUUGUAGdTdT,,,,,Hep3B,,65.3,,,,C5,EP4365291,EP4365291NWA2_table_21_T22_in_vitro_tables.csv
AD-62030,CAGCAGGGAAGAAUCAUCAdTdT,UGAUGAUUCUUCCCUGCUGdTdT,,,,,Hep3B,,49.6,,,,C5,EP4365291,EP4365291NWA2_table_21_T22_in_vitro_tables.csv
AD-62036,GAAUCAUCAUCUGGAUCCUdTdT,AGGAUCCAGAUGAUGAUUCdTdT,,,,,Hep3B,,74.5,,,,C5,EP4365291,EP4365291NWA2_table_21_T22_in_vitro_tables.csv
AD-62042,GAUCCUCUCAUGCGGUGAUdTdT,AUCACCGCAUGAGAGGAUCdTdT,,,,,Hep3B,,67.5,,,,C5,EP4365291,EP4365291NWA2_table_21_T22_in_vitro_tables.csv
AD-62048,CUCAUGCGGUGAUGGACAUdTdT,AUGUCCAUCACCGCAUGAGdTdT,,,,,Hep3B,,71.7,,,,C5,EP4365291,EP4365291NWA2_table_21_T22_in_vitro_tables.csv
AD-62054,GAUGGACAUCUCCUUGCCUdTdT,AGGCAAGGAGAUGUCCAUCdTdT,,,,,Hep3B,,44.4,,,,C5,EP4365291,EP4365291NWA2_table_21_T22_in_vitro_tables.csv
AD-62060,CUUGCCUACUGGAAUCAGUdTdT,ACUGAUUCCAGUAGGCAAGdTdT,,,,,Hep3B,,73.1,,,,C5,EP4365291,EP4365291NWA2_table_21_T22_in_vitro_tables.csv
AD-62019,GAAUCAGUGCAAAUGAAGAdTdT,UCUUCAUUUGCACUGAUUCdTdT,,,,,Hep3B,,71.0,,,,C5,EP4365291,EP4365291NWA2_table_21_T22_in_vitro_tables.csv
AD-62025,AAAUGAAGAAGACUUAAAAdTdT,UUUUAAGUCUUCUUCAUUUdTdT,,,,,Hep3B,,21.5,,,,C5,EP4365291,EP4365291NWA2_table_21_T22_in_vitro_tables.csv
AD-62031,GAAGACUUAAAAGCCCUUGdTdT,CAAGGGCUUUUAAGUCUUCdTdT,,,,,Hep3B,,-52.8,,,,C5,EP4365291,EP4365291NWA2_table_21_T22_in_vitro_tables.csv
AD-62037,CCUUGUGGAAGGGGUGGAUdTdT,AUCCACCCCUUCCACAAGGdTdT,,,,,Hep3B,,72.7,,,,C5,EP4365291,EP4365291NWA2_table_21_T22_in_vitro_tables.csv
AD-62043,GAAGGGGUGGAUCAACUAUdTdT,AUAGUUGAUCCACCCCUUCdTdT,,,,,Hep3B,,66.2,,,,C5,EP4365291,EP4365291NWA2_table_21_T22_in_vitro_tables.csv
AD-62049,AUCAACUAUUCACUGAUUAdTdT,UAAUCAGUGAAUAGUUGAUdTdT,,,,,Hep3B,,54.0,,,,C5,EP4365291,EP4365291NWA2_table_21_T22_in_vitro_tables.csv
AD-62055,CACUGAUUACCAAAUCAAAdTdT,UUUGAUUUGGUAAUCAGUGdTdT,,,,,Hep3B,,75.5,,,,C5,EP4365291,EP4365291NWA2_table_21_T22_in_vitro_tables.csv
AD-62061,AUCAAAGAUGGACAUGUUAdTdT,UAACAUGUCCAUCUUUGAUdTdT,,,,,Hep3B,,69.5,,,,C5,EP4365291,EP4365291NWA2_table_21_T22_in_vitro_tables.csv
AD-62020,GGACAUGUUAUUCUGCAACdTdT,GUUGCAGAAUAACAUGUCCdTdT,,,,,Hep3B,,74.9,,,,C5,EP4365291,EP4365291NWA2_table_21_T22_in_vitro_tables.csv
AD-62026,UCUGCAACUGAAUUCGAUUdTdT,AAUCGAAUUCAGUUGCAGAdTdT,,,,,Hep3B,,75.1,,,,C5,EP4365291,EP4365291NWA2_table_21_T22_in_vitro_tables.csv
AD-62032,GAAUUCGAUUCCCUCCAGUdTdT,ACUGGAGGGAAUCGAAUUCdTdT,,,,,Hep3B,,77.0,,,,C5,EP4365291,EP4365291NWA2_table_21_T22_in_vitro_tables.csv
AD-62038,CCCUCCAGUGAUUUCCUUUdTdT,AAAGGAAAUCACUGGAGGGdTdT,,,,,Hep3B,,78.8,,,,C5,EP4365291,EP4365291NWA2_table_21_T22_in_vitro_tables.csv
AD-62044,GAUUUCCUUUGUGUACGAUdTdT,AUCGUACACAAAGGAAAUCdTdT,,,,,Hep3B,,65.9,,,,C5,EP4365291,EP4365291NWA2_table_21_T22_in_vitro_tables.csv
AD-62050,GUACGAUUCCGGAUAUUUGdTdT,CAAAUAUCCGGAAUCGUACdTdT,,,,,Hep3B,,77.6,,,,C5,EP4365291,EP4365291NWA2_table_21_T22_in_vitro_tables.csv
AD-62320,CGGAUAUUUGAACUCUUUGdTdT,CAAAGAGUUCAAAUAUCCGdTdT,,,,,Hep3B,,83.4,,,,C5,EP4365291,EP4365291NWA2_table_21_T22_in_vitro_tables.csv
AD-62326,ACUCUUUGAAGUUGGGUUUdTdT,AAACCCAACUUCAAAGAGUdTdT,,,,,Hep3B,,83.4,,,,C5,EP4365291,EP4365291NWA2_table_21_T22_in_vitro_tables.csv
AD-62332,AGUUGGGUUUCUCAGUCCUdTdT,AGGACUGAGAAACCCAACUdTdT,,,,,Hep3B,,84.6,,,,C5,EP4365291,EP4365291NWA2_table_21_T22_in_vitro_tables.csv
AD-62338,UUCUCAGUCCUGCCACUUUdTdT,AAAGUGGCAGGACUGAGAAdTdT,,,,,Hep3B,,58.1,,,,C5,EP4365291,EP4365291NWA2_table_21_T22_in_vitro_tables.csv
AD-62344,CACUUUCACAGUGUACGAAdTdT,UUCGUACACUGUGAAAGUGdTdT,,,,,Hep3B,,80.4,,,,C5,EP4365291,EP4365291NWA2_table_21_T22_in_vitro_tables.csv
AD-62350,CACAGUGUACGAAUACCACdTdT,GUGGUAUUCGUACACUGUGdTdT,,,,,Hep3B,,67.7,,,,C5,EP4365291,EP4365291NWA2_table_21_T22_in_vitro_tables.csv
AD-62356,ACCACAGACCAGAUAAACAdTdT,UGUUUAUCUGGUCUGUGGUdTdT,,,,,Hep3B,,79.6,,,,C5,EP4365291,EP4365291NWA2_table_21_T22_in_vitro_tables.csv
AD-62362,CCAGAUAAACAGUGUACCAdTdT,UGGUACACUGUUUAUCUGGdTdT,,,,,Hep3B,,72.2,,,,C5,EP4365291,EP4365291NWA2_table_21_T22_in_vitro_tables.csv
AD-62321,CAGUGUACCAUGUUUUAUAdTdT,UAUAAAACAUGCiUACACUGdTdT,,,,,Hep3B,,81.3,,,,C5,EP4365291,EP4365291NWA2_table_21_T22_in_vitro_tables.csv
AD-62327,GUUUUAUAGCACUUCCAAUdTdT,AUUGGAAGUGCUAUAAAACdTdT,,,,,Hep3B,,85.2,,,,C5,EP4365291,EP4365291NWA2_table_21_T22_in_vitro_tables.csv
AD-62333,CUUCCAAUAUCAAAAUUCAdTdT,UGAAUUUUGAUAUUGGAAGdTdT,,,,,Hep3B,,77.8,,,,C5,EP4365291,EP4365291NWA2_table_21_T22_in_vitro_tables.csv
AD-62339,AUCAAAAUUCAGAAAGUCUdTdT,AGACUUUCUGAAUUUUGAUdTdT,,,,,Hep3B,,-34.5,,,,C5,EP4365291,EP4365291NWA2_table_21_T22_in_vitro_tables.csv
AD-62345,GAAAGUCUGUGAAGGAGCCdTdT,GGCUCCUUCACAGACUUUCdTdT,,,,,Hep3B,,67.9,,,,C5,EP4365291,EP4365291NWA2_table_21_T22_in_vitro_tables.csv
AD-62351,GAAGGAGCCGCGUGCAAGUdTdT,ACUUGCACGCGGCUCCUUCdTdT,,,,,Hep3B,,64.4,,,,C5,EP4365291,EP4365291NWA2_table_21_T22_in_vitro_tables.csv
AD-62357,CGUGCAAGUGUGUAGAAGCdTdT,GCUUCUACACACUUGCACGdTdT,,,,,Hep3B,,69.0,,,,C5,EP4365291,EP4365291NWA2_table_21_T22_in_vitro_tables.csv
AD-62363,GUAGAAGCUGAUUGUGGGCdTdT,GCCCACAAUCAGCUUCUACdTdT,,,,,Hep3B,,71.8,,,,C5,EP4365291,EP4365291NWA2_table_21_T22_in_vitro_tables.csv
AD-62322,CUGAUUGUGGGCAAAUGCAdTdT,UGCAUUUGCCCACAAUCAGdTdT,,,,,Hep3B,,54.9,,,,C5,EP4365291,EP4365291NWA2_table_21_T22_in_vitro_tables.csv
AD-62328,GCAAAUGCAGGAAGAAUUGdTdT,CAAUUCUUCCUGCAUUUGCdTdT,,,,,Hep3B,,69.9,,,,C5,EP4365291,EP4365291NWA2_table_21_T22_in_vitro_tables.csv
AD-62334,GAAGAAUUGGAUCUGACAAdTdT,UUGUCAGAUCCAAUUCUUCdTdT,,,,,Hep3B,,60.9,,,,C5,EP4365291,EP4365291NWA2_table_21_T22_in_vitro_tables.csv
AD-62340,CUGACAAUCUCUGCAGAGAdTdT,UCUCUGCAGAGAUUGUCAGdTdT,,,,,Hep3B,,75.7,,,,C5,EP4365291,EP4365291NWA2_table_21_T22_in_vitro_tables.csv
AD-62346,GCAGAGACAAGAAAACAAAdTdT,UUUGUUUUCUUGUCUCUGCdTdT,,,,,Hep3B,,64.6,,,,C5,EP4365291,EP4365291NWA2_table_21_T22_in_vitro_tables.csv
AD-62352,CAAGAAAACAAACAGCAUGdTdT,CAUGCUGUUUGUUUUCUUGdTdT,,,,,Hep3B,,66.2,,,,C5,EP4365291,EP4365291NWA2_table_21_T22_in_vitro_tables.csv
AD-62358,ACAGCAUGUAAACCAGAGAdTdT,UCUCUGGUUUACAUGCUGUdTdT,,,,,Hep3B,,54.3,,,,C5,EP4365291,EP4365291NWA2_table_21_T22_in_vitro_tables.csv
AD-62364,CCAGAGAUUGCAUAUGCUUdTdT,AAGCAUAUGCAAUCUCUGGdTdT,,,,,Hep3B,,80.3,,,,C5,EP4365291,EP4365291NWA2_table_21_T22_in_vitro_tables.csv
AD-62323,GCAUAUGCUUAUAAAGUUAdTdT,UAACUUUAUAAGCAUAUGCdTdT,,,,,Hep3B,,59.5,,,,C5,EP4365291,EP4365291NWA2_table_21_T22_in_vitro_tables.csv
AD-62329,UUAUAAAGUUAGCAUCACAdTdT,UGUGAUGCUAACUUUAUAAdTdT,,,,,Hep3B,,42.5,,,,C5,EP4365291,EP4365291NWA2_table_21_T22_in_vitro_tables.csv
AD-62335,CAUCACAUCCAUCACUGUAdTdT,UACAGUGAUGGAUGUGAUGdTdT,,,,,Hep3B,,72.4,,,,C5,EP4365291,EP4365291NWA2_table_21_T22_in_vitro_tables.csv
AD-62341,UCACUGUAGAAAAUGUUUUdTdT,AAAACAUUUUCUACAGUGAdTdT,,,,,Hep3B,,30.8,,,,C5,EP4365291,EP4365291NWA2_table_21_T22_in_vitro_tables.csv
AD-62347,AGAAAAUGUUUUUGUCAAGdTdT,CUUGACAAAAACAUUUUCUdTdT,,,,,Hep3B,,-25.9,,,,C5,EP4365291,EP4365291NWA2_table_21_T22_in_vitro_tables.csv
AD-62353,UUUGUCAAGUACAAGGCAAdTdT,UUGCCUUGUACUUGACAAAdTdT,,,,,Hep3B,,46.9,,,,C5,EP4365291,EP4365291NWA2_table_21_T22_in_vitro_tables.csv
AD-62359,AGGCAACCCUUCUGGAUAUdTdT,AUAUCCAGAAGGGUUGCCUdTdT,,,,,Hep3B,,61.9,,,,C5,EP4365291,EP4365291NWA2_table_21_T22_in_vitro_tables.csv
AD-62365,CCUUCUGGAUAUCUACAAAdTdT,UUUGUAGAUAUCCAGAAGGdTdT,,,,,Hep3B,,76.4,,,,C5,EP4365291,EP4365291NWA2_table_21_T22_in_vitro_tables.csv
AD-62324,UAUCUACAAAACUGGGGAAdTdT,UUCCCCAGUUUUGUAGAUAdTdT,,,,,Hep3B,,72.9,,,,C5,EP4365291,EP4365291NWA2_table_21_T22_in_vitro_tables.csv
AD-62330,CUGGGGAAGCUGUUGCUGAdTdT,UCAGCAACAGCUUCCCCAGdTdT,,,,,Hep3B,,74.9,,,,C5,EP4365291,EP4365291NWA2_table_21_T22_in_vitro_tables.csv
AD-62336,CUGUUGCUGAGAAAGACUCdTdT,GAGUCUUUCUCAGCAACAGdTdT,,,,,Hep3B,,74.7,,,,C5,EP4365291,EP4365291NWA2_table_21_T22_in_vitro_tables.csv
AD-62342,GACUCUGAGAUUACCUUCAdTdT,UGAAGGUAAUCUCAGAGUCdTdT,,,,,Hep3B,,54.6,,,,C5,EP4365291,EP4365291NWA2_table_21_T22_in_vitro_tables.csv
AD-62348,GAGAUUACCUUCAUUAAAAdTdT,UUUUAAUGAAGGUAAUCUCdTdT,,,,,Hep3B,,8.4,,,,C5,EP4365291,EP4365291NWA2_table_21_T22_in_vitro_tables.csv
AD-62354,AUUAAAAAGGUAACCUGUAdTdT,UACAGGUUACCUUUUUAAUdTdT,,,,,Hep3B,,-32.1,,,,C5,EP4365291,EP4365291NWA2_table_21_T22_in_vitro_tables.csv
AD-62360,UAACCUGUACUAACGCUGAdTdT,UCAGCGUUAGUACAGGUUAdTdT,,,,,Hep3B,,68.4,,,,C5,EP4365291,EP4365291NWA2_table_21_T22_in_vitro_tables.csv
AD-62366,CUAACGCUGAGCUGGUAAAdTdT,UUUACCAGCUCAGCGUUAGdTdT,,,,,Hep3B,,85.8,,,,C5,EP4365291,EP4365291NWA2_table_21_T22_in_vitro_tables.csv
AD-62325,GGUAAAAGGAAGACAGUACdTdT,GUACUGUCUUCCUUUUACCdTdT,,,,,Hep3B,,72.1,,,,C5,EP4365291,EP4365291NWA2_table_21_T22_in_vitro_tables.csv
AD-62331,GAAGACAGUACUUAAUUAUdTdT,AUAAUUAAGUACUGUCUUCdTdT,,,,,Hep3B,,68.5,,,,C5,EP4365291,EP4365291NWA2_table_21_T22_in_vitro_tables.csv
AD-62337,CUUAAUUAUGGGUAAAGAAdTdT,UUCUUUACCCAUAAUUAAGdTdT,,,,,Hep3B,,66.1,,,,C5,EP4365291,EP4365291NWA2_table_21_T22_in_vitro_tables.csv
AD-62343,UAAAGAAGCCCUCCAGAUAdTdT,UAUCUGGAGGGCUUCUUUAdTdT,,,,,Hep3B,,63.9,,,,C5,EP4365291,EP4365291NWA2_table_21_T22_in_vitro_tables.csv
AD-62349,CCUCCAGAUAAAAUACAAUdTdT,AUUGUAUUUUAUCUGGAGGdTdT,,,,,Hep3B,,62.4,,,,C5,EP4365291,EP4365291NWA2_table_21_T22_in_vitro_tables.csv
AD-62355,AAAUACAAUUUCAGUUUCAdTdT,UGAAACUGAAAUUGUAUUUdTdT,,,,,Hep3B,,61.2,,,,C5,EP4365291,EP4365291NWA2_table_21_T22_in_vitro_tables.csv
AD-62361,CAGUUUCAGGUACAUCUACdTdT,GUAGAUGUACCUGAAACUGdTdT,,,,,Hep3B,,53.9,,,,C5,EP4365291,EP4365291NWA2_table_21_T22_in_vitro_tables.csv
AD-62367,GGUACAUCUACCCUUUAGAdTdT,UCUAAAGGGUAGAUGUACCdTdT,,,,,Hep3B,,76.4,,,,C5,EP4365291,EP4365291NWA2_table_21_T22_in_vitro_tables.csv
AD-62373,CCUUUAGAUUCCUUGACCUdTdT,AGGUCAAGGAAUCUAAAGGdTdT,,,,,Hep3B,,67.9,,,,C5,EP4365291,EP4365291NWA2_table_21_T22_in_vitro_tables.csv
AD-62379,CCUUGACCUGGAUUGAAUAdTdT,UAUUCAAUCCAGGUCAAGGdTdT,,,,,Hep3B,,70.4,,,,C5,EP4365291,EP4365291NWA2_table_21_T22_in_vitro_tables.csv
AD-62385,GGAUUGAAUACUGGCCUAGdTdT,CUAGGCCAGUAUUCAAUCCdTdT,,,,,Hep3B,,64.3,,,,C5,EP4365291,EP4365291NWA2_table_21_T22_in_vitro_tables.csv
AD-62391,CUGGCCUAGAGACACAACAdTdT,UGUUGUGUCUCUAGGCCAGdTdT,,,,,Hep3B,,66.3,,,,C5,EP4365291,EP4365291NWA2_table_21_T22_in_vitro_tables.csv
AD-62397,GAGACACAACAUGUUCAUCdTdT,GAUGAACAUGUUGUGUCUCdTdT,,,,,Hep3B,,45.9,,,,C5,EP4365291,EP4365291NWA2_table_21_T22_in_vitro_tables.csv
AD-62403,GUUCAUCGUGUCAAGCAUUdTdT,AAUGCUUGACACGAUGAACdTdT,,,,,Hep3B,,65.2,,,,C5,EP4365291,EP4365291NWA2_table_21_T22_in_vitro_tables.csv
AD-62409,GUCAAGCAUUUUUAGCUAAdTdT,UUAGCUAAAAAUGCUUGACdTdT,,,,,Hep3B,,71.8,,,,C5,EP4365291,EP4365291NWA2_table_21_T22_in_vitro_tables.csv
AD-62368,AGCUAAUUUAGAUGAAUUUdTdT,AAAUUCAUCUAAAUUAGCUdTdT,,,,,Hep3B,,70.3,,,,C5,EP4365291,EP4365291NWA2_table_21_T22_in_vitro_tables.csv
AD-62374,AGAUGAAUUUGCCGAAGAUdTdT,AUCUUCGGCAAAUUCAUCUdTdT,,,,,Hep3B,,70.4,,,,C5,EP4365291,EP4365291NWA2_table_21_T22_in_vitro_tables.csv
AD-62380,CCGAAGAUAUCUUUUUAAAdTdT,UUUAAAAAGAUAUCUUCGGdTdT,,,,,Hep3B,,69.4,,,,C5,EP4365291,EP4365291NWA2_table_21_T22_in_vitro_tables.csv
AD-62386,CUUUUUAAAUGGAUGCUAAdTdT,UUAGCAUCCAUUUAAAAAGdTdT,,,,,Hep3B,,76.6,,,,C5,EP4365291,EP4365291NWA2_table_21_T22_in_vitro_tables.csv
AD-62392,GGAUGCUAAAAUUCCUGAAdTdT,UUCAGGAAUUUUAGCAUCCdTdT,,,,,Hep3B,,69.5,,,,C5,EP4365291,EP4365291NWA2_table_21_T22_in_vitro_tables.csv
AD-62398,UAAAAUUCCUGAAGUUCAGdTdT,CUGAACUUCAGGAAUUUUAdTdT,,,,,Hep3B,,51.3,,,,C5,EP4365291,EP4365291NWA2_table_21_T22_in_vitro_tables.csv
AD-62404,AGUUCAGCUGCAUACAGUUdTdT,AACUGUAUGCAGCUGAACUdTdT,,,,,Hep3B,,75.2,,,,C5,EP4365291,EP4365291NWA2_table_21_T22_in_vitro_tables.csv
AD-62410,GCAUACAGUUUGCACUUAUdTdT,AUAAGUGCAAACUGUAUGCdTdT,,,,,Hep3B,,78.1,,,,C5,EP4365291,EP4365291NWA2_table_21_T22_in_vitro_tables.csv
AD-62369,ACUUAUGGACUCCUGUUGUdTdT,ACAACAGGAGUCCAUAAGUdTdT,,,,,Hep3B,,72.6,,,,C5,EP4365291,EP4365291NWA2_table_21_T22_in_vitro_tables.csv
AD-62375,GGACUCCUGUUGUUGAAGUdTdT,ACUUCAACAACAGGAGUCCdTdT,,,,,Hep3B,,68.1,,,,C5,EP4365291,EP4365291NWA2_table_21_T22_in_vitro_tables.csv
AD-62381,UGUUGAAGUUCGUUUUUUUdTdT,AAAAAAACGAACUUCAACAdTdT,,,,,Hep3B,,72.7,,,,C5,EP4365291,EP4365291NWA2_table_21_T22_in_vitro_tables.csv
AD-62387,UUUUUUGUUUUCUUCUUUUdTdT,AAAAGAAGAAAACAAAAAAdTdT,,,,,Hep3B,,23.0,,,,C5,EP4365291,EP4365291NWA2_table_21_T22_in_vitro_tables.csv
AD-62393,UCUUCUUUUUUUAAACAUUdTdT,AAUGUUUAAAAAAAGAAGAdTdT,,,,,Hep3B,,6.7,,,,C5,EP4365291,EP4365291NWA2_table_21_T22_in_vitro_tables.csv
AD-62399,UUUUUAAACAUUCAUAGCUdTdT,AGCUAUGAAUGUUUAAAAAdTdT,,,,,Hep3B,,-50.2,,,,C5,EP4365291,EP4365291NWA2_table_21_T22_in_vitro_tables.csv
AD-62405,AUAGCUGGUCUUAUUUGUAdTdT,UACAAAUAAGACCAGCUAUdTdT,,,,,Hep3B,,71.5,,,,C5,EP4365291,EP4365291NWA2_table_21_T22_in_vitro_tables.csv
AD-62411,GUCUUAUUUGUAAAGCUCAdTdT,UGAGCUUUACAAAUAAGACdTdT,,,,,Hep3B,,80.6,,,,C5,EP4365291,EP4365291NWA2_table_21_T22_in_vitro_tables.csv
AD-62370,AAAGCUCACUUUACUUAGAdTdT,UCUAAGUAAAGUGAGCUUUdTdT,,,,,Hep3B,,83.7,,,,C5,EP4365291,EP4365291NWA2_table_21_T22_in_vitro_tables.csv
AD-62376,ACUUAGAAUUAGUGGCACUdTdT,AGUGCCACUAAUUCUAAGUdTdT,,,,,Hep3B,,51.8,,,,C5,EP4365291,EP4365291NWA2_table_21_T22_in_vitro_tables.csv
AD-62382,AGUGGCACUUGCUUUUAUUdTdT,AAUAAAAGCAAGUGCCACUdTdT,,,,,Hep3B,,71.5,,,,C5,EP4365291,EP4365291NWA2_table_21_T22_in_vitro_tables.csv
AD-62388,GCUUUUAUUAGAGAAUGAUdTdT,AUCAUUCUCUAAUAAAAGCdTdT,,,,,Hep3B,,50.1,,,,C5,EP4365291,EP4365291NWA2_table_21_T22_in_vitro_tables.csv
AD-62394,GAGAAUGAUUUCAAAUGCUdTdT,AGCAUUUGAAAUCAUUCUCdTdT,,,,,Hep3B,,70.1,,,,C5,EP4365291,EP4365291NWA2_table_21_T22_in_vitro_tables.csv
AD-62400,UUUCAAAUGCUGUAACUUUdTdT,AAAGUUACAGCAUUUGAAAdTdT,,,,,Hep3B,,54.8,,,,C5,EP4365291,EP4365291NWA2_table_21_T22_in_vitro_tables.csv
AD-62406,GUAACUUUCUGAAAUAACAdTdT,UGUUAUUUCAGAAAGUUACdTdT,,,,,Hep3B,,77.0,,,,C5,EP4365291,EP4365291NWA2_table_21_T22_in_vitro_tables.csv
AD-62412,GAAAUAACAUGGCCUUGGAdTdT,UCCAAGGCCAUGUUAUUUCdTdT,,,,,Hep3B,,54.5,,,,C5,EP4365291,EP4365291NWA2_table_21_T22_in_vitro_tables.csv
AD-62371,CCUUGGAGGGCAUGAAGACdTdT,GUCUUCAUGCCCUCCAAGGdTdT,,,,,Hep3B,,33.5,,,,C5,EP4365291,EP4365291NWA2_table_21_T22_in_vitro_tables.csv
AD-62377,AGGGCAUGAAGACAGAUACdTdT,GUAUCUGUCUUCAUGCCCUdTdT,,,,,Hep3B,,50.5,,,,C5,EP4365291,EP4365291NWA2_table_21_T22_in_vitro_tables.csv
AD-62383,GAUACUCCUCCAAGGUUAUdTdT,AUAACCUUGGAGGAGUAUCdTdT,,,,,Hep3B,,26.2,,,,C5,EP4365291,EP4365291NWA2_table_21_T22_in_vitro_tables.csv
AD-62389,CCUCCAAGGUUAUUGGACAdTdT,UGUCCAAUAACCUUGGAGGdTdT,,,,,Hep3B,,17.6,,,,C5,EP4365291,EP4365291NWA2_table_21_T22_in_vitro_tables.csv
AD-62395,GGACACCGGAAACAAUAAAdTdT,UUUAUUGUUUCCGGUGUCCdTdT,,,,,Hep3B,,68.2,,,,C5,EP4365291,EP4365291NWA2_table_21_T22_in_vitro_tables.csv
AD-62401,GAAACAAUAAAUUGGAACAdTdT,UGUUCCAAUUUAUUGUUUCdTdT,,,,,Hep3B,,68.8,,,,C5,EP4365291,EP4365291NWA2_table_21_T22_in_vitro_tables.csv
AD-62407,AUUGGAACACCUCCUCAAAdTdT,UUUGAGGAGGUGUUCCAAUdTdT,,,,,Hep3B,,69.8,,,,C5,EP4365291,EP4365291NWA2_table_21_T22_in_vitro_tables.csv
AD-62413,UCCUCAAACCUACCACUCAdTdT,UGAGUGGUAGGUUUGAGGAdTdT,,,,,Hep3B,,71.9,,,,C5,EP4365291,EP4365291NWA2_table_21_T22_in_vitro_tables.csv
AD-62372,CUACCACUCAGGAAUGUUUdTdT,AAACAUUCCUGAGUGGUAGdTdT,,,,,Hep3B,,57.0,,,,C5,EP4365291,EP4365291NWA2_table_21_T22_in_vitro_tables.csv
AD-62378,AAUGUUUGCUGGGGCCGAAdTdT,UUCGGCCCCAGCAAACAUUdTdT,,,,,Hep3B,,82.1,,,,C5,EP4365291,EP4365291NWA2_table_21_T22_in_vitro_tables.csv
AD-62384,UGCUGGGGCCGAAAGAACAdTdT,UGUUCUUUCGGCCCCAGCAdTdT,,,,,Hep3B,,70.4,,,,C5,EP4365291,EP4365291NWA2_table_21_T22_in_vitro_tables.csv
AD-62390,AAAGAACAGUCCAUUGAAAdTdT,UUUCAAUGGACUGUUCUUUdTdT,,,,,Hep3B,,62.3,,,,C5,EP4365291,EP4365291NWA2_table_21_T22_in_vitro_tables.csv
AD-62396,CAUUGAAAGGGAGUAUUACdTdT,GUAAUACUCCCUUUCAAUGdTdT,,,,,Hep3B,,74.0,,,,C5,EP4365291,EP4365291NWA2_table_21_T22_in_vitro_tables.csv
AD-62402,GGAGUAUUACAAAAACAUGdTdT,CAUGUUUUUGUAAUACUCCdTdT,,,,,Hep3B,,68.4,,,,C5,EP4365291,EP4365291NWA2_table_21_T22_in_vitro_tables.csv
AD-62408,AAAACAUGGCCUUUGCUUGdTdT,CAAGCAAAGGCCAUGUUUUdTdT,,,,,Hep3B,,53.4,,,,C5,EP4365291,EP4365291NWA2_table_21_T22_in_vitro_tables.csv
AD-62414,GCCUUUGCUUGAAAGAAAAdTdT,UUUUCUUUCAAGCAAAGGCdTdT,,,,,Hep3B,,72.8,,,,C5,EP4365291,EP4365291NWA2_table_21_T22_in_vitro_tables.csv
AD-62415,GAAAGAAAAUACCAAGGAAdTdT,UUCCUUGGUAUUUUCUUUCdTdT,,,,,Hep3B,,82.4,,,,C5,EP4365291,EP4365291NWA2_table_21_T22_in_vitro_tables.csv
AD-62416,CCAAGGAACAGGAAACUGAdTdT,UCAGUUUCCUGUUCCUUGGdTdT,,,,,Hep3B,,74.7,,,,C5,EP4365291,EP4365291NWA2_table_21_T22_in_vitro_tables.csv
AD-62417,AACUGAUCAUUAAAGCCUGdTdT,CAGGCUUUAAUGAUCAGUUdTdT,,,,,Hep3B,,63.7,,,,C5,EP4365291,EP4365291NWA2_table_21_T22_in_vitro_tables.csv
